codigo_dane_municipio,municipio,codigo_dane_depto,departamento,region,capital,surface,population,municipalities_count,phone_prefix,region_api,sk_geografia
15293,GACHANTIVA,15,BOYACA,Andina,Tunja,23189,1259601,123,8,Andina,1
23350,LA APARTADA,23,CORDOBA,Caribe,Montería,25020,1856496,30,4,Caribe,2
15681,SAN PABLO DE BORBUR,15,BOYACA,Andina,Tunja,23189,1259601,123,8,Andina,3
68207,CONCEPCION,68,SANTANDER,Andina,Bucaramanga,30537,2324090,87,7,Andina,4
68820,TONA,68,SANTANDER,Andina,Bucaramanga,30537,2324090,87,7,Andina,5
20570,PUEBLO BELLO,20,CESAR,Caribe,Valledupar,22905,1341697,25,4,Caribe,6
68895,ZAPATOCA,68,SANTANDER,Andina,Bucaramanga,30537,2324090,87,7,Andina,7
70717,SAN PEDRO,70,SUCRE,Caribe,Sincelejo,10917,972350,26,5,Caribe,8
05887,YARUMAL,05,ANTIOQUIA,Andina,Medellín,63612,6887306,125,4,Andina,9
05038,ANGOSTURA,05,ANTIOQUIA,Andina,Medellín,63612,6887306,125,4,Andina,10
47161,CERRO SAN ANTONIO,47,MAGDALENA,Caribe,Santa Marta,23188,1463427,30,5,Caribe,11
25599,APULO (RAFAEL REYES),25,CUNDINAMARCA,Andina,Bogotá D.C.,23071,2473634,116,1,Andina,12
20045,BECERRIL,20,CESAR,Caribe,Valledupar,22905,1341697,25,4,Caribe,13
73026,ALVARADO,73,TOLIMA,Andina,Ibagué,23562,1346935,47,8,Andina,14
52694,SAN PEDRO DE CARTAGO,52,NARINO,Pacifico,Pasto,33268,1629181,64,2,Pacífico,15
13670,SAN PABLO,13,BOLIVAR,Caribe,Cartagena,25978,2236603,45,5,Caribe,16
15464,MONGUA,15,BOYACA,Andina,Tunja,23189,1259601,123,8,Andina,17
05197,COCORNA,05,ANTIOQUIA,Andina,Medellín,63612,6887306,125,4,Andina,18
19256,EL TAMBO,19,CAUCA,Pacifico,Popayán,29308,1516018,41,2,Pacífico,19
25168,CHAGUANI,25,CUNDINAMARCA,Andina,Bogotá D.C.,23071,2473634,116,1,Andina,20
68468,MOLAGAVITA,68,SANTANDER,Andina,Bucaramanga,30537,2324090,87,7,Andina,21
05604,REMEDIOS,05,ANTIOQUIA,Andina,Medellín,63612,6887306,125,4,Andina,22
50150,CASTILLA LA NUEVA,50,META,Orinoquia,Villavicencio,85635,1080706,29,8,Orinoquía,23
13490,NOROSI,13,BOLIVAR,Caribe,Cartagena,25978,2236603,45,5,Caribe,24
17662,SAMANA,17,CALDAS,Andina,Manizales,7888,1036455,27,6,Andina,25
20550,PELAYA,20,CESAR,Caribe,Valledupar,22905,1341697,25,4,Caribe,26
15542,PESCA,15,BOYACA,Andina,Tunja,23189,1259601,123,8,Andina,27
54498,OCANA,54,NORTE DE SANTANDER,Orinoquia,Cúcuta,21658,1651278,40,7,Andina,28
54109,BUCARASICA,54,NORTE DE SANTANDER,Orinoquia,Cúcuta,21658,1651278,40,7,Andina,29
97889,YAVARATE (CD.),97,VAUPES,Amazonia,Mitú,54135,48932,3,8,Amazonía,30
41016,AIPE,41,HUILA,Andina,Neiva,19890,1140932,37,8,Andina,31
68773,SUCRE,68,SANTANDER,Andina,Bucaramanga,30537,2324090,87,7,Andina,32
25736,SESQUILE,25,CUNDINAMARCA,Andina,Bogotá D.C.,23071,2473634,116,1,Andina,33
81794,TAME,81,ARAUCA,Orinoquia,Arauca,23818,304978,7,7,Orinoquía,34
05467,MONTEBELLO,05,ANTIOQUIA,Andina,Medellín,63612,6887306,125,4,Andina,35
52233,CUMBITARA,52,NARINO,Pacifico,Pasto,33268,1629181,64,2,Pacífico,36
25120,CABRERA,25,CUNDINAMARCA,Andina,Bogotá D.C.,23071,2473634,116,1,Andina,37
81065,ARAUQUITA,81,ARAUCA,Orinoquia,Arauca,23818,304978,7,7,Orinoquía,38
13458,MONTECRISTO,13,BOLIVAR,Caribe,Cartagena,25978,2236603,45,5,Caribe,39
52585,PUPIALES,52,NARINO,Pacifico,Pasto,33268,1629181,64,2,Pacífico,40
15172,CHINAVITA,15,BOYACA,Andina,Tunja,23189,1259601,123,8,Andina,41
76845,ULLOA,76,VALLE DEL CAUCA,Pacifico,Cali,22140,4589278,42,2,Pacífico,42
50251,EL CASTILLO,50,META,Orinoquia,Villavicencio,85635,1080706,29,8,Orinoquía,43
50223,CUBARRAL,50,META,Orinoquia,Villavicencio,85635,1080706,29,8,Orinoquía,44
66572,PUEBLO RICO,66,RISARALDA,Andina,Pereira,4140,977829,14,6,Andina,45
41013,AGRADO,41,HUILA,Andina,Neiva,19890,1140932,37,8,Andina,46
76670,SAN PEDRO,76,VALLE DEL CAUCA,Pacifico,Cali,22140,4589278,42,2,Pacífico,47
73030,AMBALEMA,73,TOLIMA,Andina,Ibagué,23562,1346935,47,8,Andina,48
50568,PUERTO GAITAN,50,META,Orinoquia,Villavicencio,85635,1080706,29,8,Orinoquía,49
25317,GUACHETA,25,CUNDINAMARCA,Andina,Bogotá D.C.,23071,2473634,116,1,Andina,50
95025,EL RETORNO,95,GUAVIARE,Amazonia,San José del Guaviare,53460,90357,4,8,Amazonía,51
13244,EL CARMEN DE BOLIVAR,13,BOLIVAR,Caribe,Cartagena,25978,2236603,45,5,Caribe,52
94343,BARRANCO MINAS (CD.),94,GUAINIA,Orinoquia,Inírida,72238,52061,2,8,Amazonía,53
81001,ARAUCA,81,ARAUCA,Orinoquia,Arauca,23818,304978,7,7,Orinoquía,54
19392,LA SIERRA,19,CAUCA,Pacifico,Popayán,29308,1516018,41,2,Pacífico,55
05361,ITUANGO,05,ANTIOQUIA,Andina,Medellín,63612,6887306,125,4,Andina,56
27073,BAGADO,27,CHOCO,Pacifico,Quibdó,46530,553519,31,4,Pacífico,57
05034,ANDES,05,ANTIOQUIA,Andina,Medellín,63612,6887306,125,4,Andina,58
76736,SEVILLA,76,VALLE DEL CAUCA,Pacifico,Cali,22140,4589278,42,2,Pacífico,59
73555,PLANADAS,73,TOLIMA,Andina,Ibagué,23562,1346935,47,8,Andina,60
66170,DOSQUEBRADAS,66,RISARALDA,Andina,Pereira,4140,977829,14,6,Andina,61
52490,OLAYA HERRERA,52,NARINO,Pacifico,Pasto,33268,1629181,64,2,Pacífico,62
70473,MORROA,70,SUCRE,Caribe,Sincelejo,10917,972350,26,5,Caribe,63
73671,SALDANA,73,TOLIMA,Andina,Ibagué,23562,1346935,47,8,Andina,64
23672,SAN ANTERO,23,CORDOBA,Caribe,Montería,25020,1856496,30,4,Caribe,65
76895,ZARZAL,76,VALLE DEL CAUCA,Pacifico,Cali,22140,4589278,42,2,Pacífico,66
05686,SANTA ROSA DE OSOS,05,ANTIOQUIA,Andina,Medellín,63612,6887306,125,4,Andina,67
85300,SABANALARGA,85,CASANARE,Orinoquia,Yopal,44640,442068,19,8,Orinoquía,68
68077,BARBOSA,68,SANTANDER,Andina,Bucaramanga,30537,2324090,87,7,Andina,69
23855,VALENCIA,23,CORDOBA,Caribe,Montería,25020,1856496,30,4,Caribe,70
76318,GUACARI,76,VALLE DEL CAUCA,Pacifico,Cali,22140,4589278,42,2,Pacífico,71
68682,SAN JOAQUIN,68,SANTANDER,Andina,Bucaramanga,30537,2324090,87,7,Andina,72
44874,VILLANUEVA,44,LA GUAJIRA,Caribe,Riohacha,20848,1002394,15,5,Caribe,73
25658,SAN FRANCISCO,25,CUNDINAMARCA,Andina,Bogotá D.C.,23071,2473634,116,1,Andina,74
52696,SANTA BARBARA,52,NARINO,Pacifico,Pasto,33268,1629181,64,2,Pacífico,75
47460,NUEVA GRANADA,47,MAGDALENA,Caribe,Santa Marta,23188,1463427,30,5,Caribe,76
08141,CANDELARIA,08,ATLANTICO,Caribe,Barranquilla,3388,2804025,23,5,Caribe,77
15185,CHITARAQUE,15,BOYACA,Andina,Tunja,23189,1259601,123,8,Andina,78
17272,FILADELFIA,17,CALDAS,Andina,Manizales,7888,1036455,27,6,Andina,79
17433,MANZANARES,17,CALDAS,Andina,Manizales,7888,1036455,27,6,Andina,80
15204,COMBITA,15,BOYACA,Andina,Tunja,23189,1259601,123,8,Andina,81
52885,YACUANQUER,52,NARINO,Pacifico,Pasto,33268,1629181,64,2,Pacífico,82
68266,ENCISO,68,SANTANDER,Andina,Bucaramanga,30537,2324090,87,7,Andina,83
25123,CACHIPAY,25,CUNDINAMARCA,Andina,Bogotá D.C.,23071,2473634,116,1,Andina,84
85430,TRINIDAD,85,CASANARE,Orinoquia,Yopal,44640,442068,19,8,Orinoquía,85
47555,PLATO,47,MAGDALENA,Caribe,Santa Marta,23188,1463427,30,5,Caribe,86
05091,BETANIA,05,ANTIOQUIA,Andina,Medellín,63612,6887306,125,4,Andina,87
25486,NEMOCON,25,CUNDINAMARCA,Andina,Bogotá D.C.,23071,2473634,116,1,Andina,88
15507,OTANCHE,15,BOYACA,Andina,Tunja,23189,1259601,123,8,Andina,89
15667,SAN LUIS DE GACENO,15,BOYACA,Andina,Tunja,23189,1259601,123,8,Andina,90
52036,ANCUYA,52,NARINO,Pacifico,Pasto,33268,1629181,64,2,Pacífico,91
25402,LA VEGA,25,CUNDINAMARCA,Andina,Bogotá D.C.,23071,2473634,116,1,Andina,92
73411,LIBANO,73,TOLIMA,Andina,Ibagué,23562,1346935,47,8,Andina,93
05093,BETULIA,05,ANTIOQUIA,Andina,Medellín,63612,6887306,125,4,Andina,94
68745,SIMACOTA,68,SANTANDER,Andina,Bucaramanga,30537,2324090,87,7,Andina,95
17442,MARMATO,17,CALDAS,Andina,Manizales,7888,1036455,27,6,Andina,96
05789,TAMESIS,05,ANTIOQUIA,Andina,Medellín,63612,6887306,125,4,Andina,97
18150,CARTAGENA DEL CHAIRA,18,CAQUETA,Amazonia,Florencia,88965,419275,16,8,Amazonía,98
25368,JERUSALEN,25,CUNDINAMARCA,Andina,Bogotá D.C.,23071,2473634,116,1,Andina,99
05809,TITIRIBI,05,ANTIOQUIA,Andina,Medellín,63612,6887306,125,4,Andina,100
68575,PUERTO WILCHES,68,SANTANDER,Andina,Bucaramanga,30537,2324090,87,7,Andina,101
11001,BOGOTA D.C.,11,BOGOTA D.C.,Andina,Bogotá D.C.,1139,8906342,1,1,Andina,102
05284,FRONTINO,05,ANTIOQUIA,Andina,Medellín,63612,6887306,125,4,Andina,103
73226,CUNDAY,73,TOLIMA,Andina,Ibagué,23562,1346935,47,8,Andina,104
73873,VILLARRICA,73,TOLIMA,Andina,Ibagué,23562,1346935,47,8,Andina,105
52573,PUERRES,52,NARINO,Pacifico,Pasto,33268,1629181,64,2,Pacífico,106
25743,SILVANIA,25,CUNDINAMARCA,Andina,Bogotá D.C.,23071,2473634,116,1,Andina,107
99624,SANTA ROSALIA,99,VICHADA,Amazonia,Puerto Carreño,100242,115778,4,8,Orinoquía,108
13062,ARROYOHONDO,13,BOLIVAR,Caribe,Cartagena,25978,2236603,45,5,Caribe,109
23570,PUEBLO NUEVO,23,CORDOBA,Caribe,Montería,25020,1856496,30,4,Caribe,110
23682,SAN JOSE DE URE,23,CORDOBA,Caribe,Montería,25020,1856496,30,4,Caribe,111
19698,SANTANDER DE QUILICHAO,19,CAUCA,Pacifico,Popayán,29308,1516018,41,2,Pacífico,112
41306,GIGANTE,41,HUILA,Andina,Neiva,19890,1140932,37,8,Andina,113
15522,PANQUEBA,15,BOYACA,Andina,Tunja,23189,1259601,123,8,Andina,114
15757,SOCHA,15,BOYACA,Andina,Tunja,23189,1259601,123,8,Andina,115
44855,URUMITA,44,LA GUAJIRA,Caribe,Riohacha,20848,1002394,15,5,Caribe,116
15879,VIRACACHA,15,BOYACA,Andina,Tunja,23189,1259601,123,8,Andina,117
85400,TAMARA,85,CASANARE,Orinoquia,Yopal,44640,442068,19,8,Orinoquía,118
19075,BALBOA,19,CAUCA,Pacifico,Popayán,29308,1516018,41,2,Pacífico,119
54385,LA ESPERANZA,54,NORTE DE SANTANDER,Orinoquia,Cúcuta,21658,1651278,40,7,Andina,120
47745,SITIONUEVO,47,MAGDALENA,Caribe,Santa Marta,23188,1463427,30,5,Caribe,121
15646,SAMACA,15,BOYACA,Andina,Tunja,23189,1259601,123,8,Andina,122
68271,FLORIAN,68,SANTANDER,Andina,Bucaramanga,30537,2324090,87,7,Andina,123
05895,ZARAGOZA,05,ANTIOQUIA,Andina,Medellín,63612,6887306,125,4,Andina,124
05660,SAN LUIS,05,ANTIOQUIA,Andina,Medellín,63612,6887306,125,4,Andina,125
63470,MONTENEGRO,63,QUINDIO,Andina,La Esperanza,1845,569569,12,6,Andina,126
25871,VILLAGOMEZ,25,CUNDINAMARCA,Andina,Bogotá D.C.,23071,2473634,116,1,Andina,127
15272,FIRAVITOBA,15,BOYACA,Andina,Tunja,23189,1259601,123,8,Andina,128
27745,SIPI,27,CHOCO,Pacifico,Quibdó,46530,553519,31,4,Pacífico,129
66594,QUINCHIA,66,RISARALDA,Andina,Pereira,4140,977829,14,6,Andina,130
17777,SUPIA,17,CALDAS,Andina,Manizales,7888,1036455,27,6,Andina,131
20750,SAN DIEGO,20,CESAR,Caribe,Valledupar,22905,1341697,25,4,Caribe,132
25645,SAN ANTONIO DEL TEQUENDAMA,25,CUNDINAMARCA,Andina,Bogotá D.C.,23071,2473634,116,1,Andina,133
15693,SANTA ROSA DE VITERBO,15,BOYACA,Andina,Tunja,23189,1259601,123,8,Andina,134
25772,SUESCA,25,CUNDINAMARCA,Andina,Bogotá D.C.,23071,2473634,116,1,Andina,135
97666,TARAIRA,97,VAUPES,Amazonia,Mitú,54135,48932,3,8,Amazonía,136
50711,VISTAHERMOSA,50,META,Orinoquia,Villavicencio,85635,1080706,29,8,Orinoquía,137
70508,OVEJAS,70,SUCRE,Caribe,Sincelejo,10917,972350,26,5,Caribe,138
05483,NARINO,05,ANTIOQUIA,Andina,Medellín,63612,6887306,125,4,Andina,139
13001,CARTAGENA,13,BOLIVAR,Caribe,Cartagena,25978,2236603,45,5,Caribe,140
68684,SAN JOSE DE MIRANDA,68,SANTANDER,Andina,Bucaramanga,30537,2324090,87,7,Andina,141
44650,SAN JUAN DEL CESAR,44,LA GUAJIRA,Caribe,Riohacha,20848,1002394,15,5,Caribe,142
68318,GUACA,68,SANTANDER,Andina,Bucaramanga,30537,2324090,87,7,Andina,143
05656,SAN JERONIMO,05,ANTIOQUIA,Andina,Medellín,63612,6887306,125,4,Andina,144
08675,SANTA LUCIA,08,ATLANTICO,Caribe,Barranquilla,3388,2804025,23,5,Caribe,145
54206,CONVENCION,54,NORTE DE SANTANDER,Orinoquia,Cúcuta,21658,1651278,40,7,Andina,146
25779,SUSA,25,CUNDINAMARCA,Andina,Bogotá D.C.,23071,2473634,116,1,Andina,147
86760,SANTIAGO,86,PUTUMAYO,Amazonia,Mocoa,24885,369064,13,8,Amazonía,148
15632,SABOYA,15,BOYACA,Andina,Tunja,23189,1259601,123,8,Andina,149
13780,TALAIGUA NUEVO,13,BOLIVAR,Caribe,Cartagena,25978,2236603,45,5,Caribe,150
52699,SANTACRUZ,52,NARINO,Pacifico,Pasto,33268,1629181,64,2,Pacífico,151
76020,ALCALA,76,VALLE DEL CAUCA,Pacifico,Cali,22140,4589278,42,2,Pacífico,152
70400,LA UNION,70,SUCRE,Caribe,Sincelejo,10917,972350,26,5,Caribe,153
47205,CONCORDIA,47,MAGDALENA,Caribe,Santa Marta,23188,1463427,30,5,Caribe,154
20383,LA GLORIA,20,CESAR,Caribe,Valledupar,22905,1341697,25,4,Caribe,155
05607,RETIRO,05,ANTIOQUIA,Andina,Medellín,63612,6887306,125,4,Andina,156
68327,GUEPSA,68,SANTANDER,Andina,Bucaramanga,30537,2324090,87,7,Andina,157
23417,LORICA,23,CORDOBA,Caribe,Montería,25020,1856496,30,4,Caribe,158
63548,PIJAO,63,QUINDIO,Andina,La Esperanza,1845,569569,12,6,Andina,159
13030,ALTOS DEL ROSARIO,13,BOLIVAR,Caribe,Cartagena,25978,2236603,45,5,Caribe,160
76622,ROLDANILLO,76,VALLE DEL CAUCA,Pacifico,Cali,22140,4589278,42,2,Pacífico,161
23189,CIENAGA DE ORO,23,CORDOBA,Caribe,Montería,25020,1856496,30,4,Caribe,162
73352,ICONONZO,73,TOLIMA,Andina,Ibagué,23562,1346935,47,8,Andina,163
23670,SAN ANDRES DE SOTAVENTO,23,CORDOBA,Caribe,Montería,25020,1856496,30,4,Caribe,164
08520,PALMAR DE VARELA,08,ATLANTICO,Caribe,Barranquilla,3388,2804025,23,5,Caribe,165
23500,MONITOS,23,CORDOBA,Caribe,Montería,25020,1856496,30,4,Caribe,166
25875,VILLETA,25,CUNDINAMARCA,Andina,Bogotá D.C.,23071,2473634,116,1,Andina,167
85225,NUNCHIA,85,CASANARE,Orinoquia,Yopal,44640,442068,19,8,Orinoquía,168
54680,SANTIAGO,54,NORTE DE SANTANDER,Orinoquia,Cúcuta,21658,1651278,40,7,Andina,169
68001,BUCARAMANGA,68,SANTANDER,Andina,Bucaramanga,30537,2324090,87,7,Andina,170
05347,HELICONIA,05,ANTIOQUIA,Andina,Medellín,63612,6887306,125,4,Andina,171
47660,SABANAS DE SAN ANGEL,47,MAGDALENA,Caribe,Santa Marta,23188,1463427,30,5,Caribe,172
05847,URRAO,05,ANTIOQUIA,Andina,Medellín,63612,6887306,125,4,Andina,173
85010,AGUAZUL,85,CASANARE,Orinoquia,Yopal,44640,442068,19,8,Orinoquía,174
52224,CUASPUD,52,NARINO,Pacifico,Pasto,33268,1629181,64,2,Pacífico,175
85315,SACAMA,85,CASANARE,Orinoquia,Yopal,44640,442068,19,8,Orinoquía,176
15051,ARCABUCO,15,BOYACA,Andina,Tunja,23189,1259601,123,8,Andina,177
15380,LA CAPILLA,15,BOYACA,Andina,Tunja,23189,1259601,123,8,Andina,178
15778,SUTATENZA,15,BOYACA,Andina,Tunja,23189,1259601,123,8,Andina,179
52210,CONTADERO,52,NARINO,Pacifico,Pasto,33268,1629181,64,2,Pacífico,180
20443,MANAURE BALCON DEL CESAR,20,CESAR,Caribe,Valledupar,22905,1341697,25,4,Caribe,181
50226,CUMARAL,50,META,Orinoquia,Villavicencio,85635,1080706,29,8,Orinoquía,182
13650,SAN FERNANDO,13,BOLIVAR,Caribe,Cartagena,25978,2236603,45,5,Caribe,183
41357,IQUIRA,41,HUILA,Andina,Neiva,19890,1140932,37,8,Andina,184
25491,NOCAIMA,25,CUNDINAMARCA,Andina,Bogotá D.C.,23071,2473634,116,1,Andina,185
54125,CACOTA,54,NORTE DE SANTANDER,Orinoquia,Cúcuta,21658,1651278,40,7,Andina,186
41026,ALTAMIRA,41,HUILA,Andina,Neiva,19890,1140932,37,8,Andina,187
94885,LA GUADALUPE (CD.),94,GUAINIA,Orinoquia,Inírida,72238,52061,2,8,Amazonía,188
19785,SUCRE,19,CAUCA,Pacifico,Popayán,29308,1516018,41,2,Pacífico,189
13683,SANTA ROSA,13,BOLIVAR,Caribe,Cartagena,25978,2236603,45,5,Caribe,190
76248,EL CERRITO,76,VALLE DEL CAUCA,Pacifico,Cali,22140,4589278,42,2,Pacífico,191
52022,ALDANA,52,NARINO,Pacifico,Pasto,33268,1629181,64,2,Pacífico,192
41298,GARZON,41,HUILA,Andina,Neiva,19890,1140932,37,8,Andina,193
08558,POLONUEVO,08,ATLANTICO,Caribe,Barranquilla,3388,2804025,23,5,Caribe,194
73347,HERVEO,73,TOLIMA,Andina,Ibagué,23562,1346935,47,8,Andina,195
63690,SALENTO,63,QUINDIO,Andina,La Esperanza,1845,569569,12,6,Andina,196
73148,CARMEN DE APICALA,73,TOLIMA,Andina,Ibagué,23562,1346935,47,8,Andina,197
27372,JURADO,27,CHOCO,Pacifico,Quibdó,46530,553519,31,4,Pacífico,198
23300,COTORRA,23,CORDOBA,Caribe,Montería,25020,1856496,30,4,Caribe,199
47541,PEDRAZA,47,MAGDALENA,Caribe,Santa Marta,23188,1463427,30,5,Caribe,200
15403,LA UVITA,15,BOYACA,Andina,Tunja,23189,1259601,123,8,Andina,201
05858,VEGACHI,05,ANTIOQUIA,Andina,Medellín,63612,6887306,125,4,Andina,202
68615,RIONEGRO,68,SANTANDER,Andina,Bucaramanga,30537,2324090,87,7,Andina,203
23182,CHINU,23,CORDOBA,Caribe,Montería,25020,1856496,30,4,Caribe,204
15842,UMBITA,15,BOYACA,Andina,Tunja,23189,1259601,123,8,Andina,205
25339,GUTIERREZ,25,CUNDINAMARCA,Andina,Bogotá D.C.,23071,2473634,116,1,Andina,206
15212,COPER,15,BOYACA,Andina,Tunja,23189,1259601,123,8,Andina,207
15377,LABRANZAGRANDE,15,BOYACA,Andina,Tunja,23189,1259601,123,8,Andina,208
08606,REPELON,08,ATLANTICO,Caribe,Barranquilla,3388,2804025,23,5,Caribe,209
44035,ALBANIA,44,LA GUAJIRA,Caribe,Riohacha,20848,1002394,15,5,Caribe,210
23466,MONTELIBANO,23,CORDOBA,Caribe,Montería,25020,1856496,30,4,Caribe,211
19001,POPAYAN,19,CAUCA,Pacifico,Popayán,29308,1516018,41,2,Pacífico,212
41006,ACEVEDO,41,HUILA,Andina,Neiva,19890,1140932,37,8,Andina,213
68655,SABANA DE TORRES,68,SANTANDER,Andina,Bucaramanga,30537,2324090,87,7,Andina,214
20001,VALLEDUPAR,20,CESAR,Caribe,Valledupar,22905,1341697,25,4,Caribe,215
47288,FUNDACION,47,MAGDALENA,Caribe,Santa Marta,23188,1463427,30,5,Caribe,216
05649,SAN CARLOS,05,ANTIOQUIA,Andina,Medellín,63612,6887306,125,4,Andina,217
54820,TOLEDO,54,NORTE DE SANTANDER,Orinoquia,Cúcuta,21658,1651278,40,7,Andina,218
05079,BARBOSA,05,ANTIOQUIA,Andina,Medellín,63612,6887306,125,4,Andina,219
25823,TOPAIPI,25,CUNDINAMARCA,Andina,Bogotá D.C.,23071,2473634,116,1,Andina,220
63111,BUENAVISTA,63,QUINDIO,Andina,La Esperanza,1845,569569,12,6,Andina,221
13074,BARRANCO DE LOBA,13,BOLIVAR,Caribe,Cartagena,25978,2236603,45,5,Caribe,222
05674,SAN VICENTE,05,ANTIOQUIA,Andina,Medellín,63612,6887306,125,4,Andina,223
19418,LOPEZ,19,CAUCA,Pacifico,Popayán,29308,1516018,41,2,Pacífico,224
86219,COLON,86,PUTUMAYO,Amazonia,Mocoa,24885,369064,13,8,Amazonía,225
19130,CAJIBIO,19,CAUCA,Pacifico,Popayán,29308,1516018,41,2,Pacífico,226
20175,CHIMICHAGUA,20,CESAR,Caribe,Valledupar,22905,1341697,25,4,Caribe,227
52019,ALBAN,52,NARINO,Pacifico,Pasto,33268,1629181,64,2,Pacífico,228
05792,TARSO,05,ANTIOQUIA,Andina,Medellín,63612,6887306,125,4,Andina,229
63594,QUIMBAYA,63,QUINDIO,Andina,La Esperanza,1845,569569,12,6,Andina,230
25815,TOCAIMA,25,CUNDINAMARCA,Andina,Bogotá D.C.,23071,2473634,116,1,Andina,231
54261,EL ZULIA,54,NORTE DE SANTANDER,Orinoquia,Cúcuta,21658,1651278,40,7,Andina,232
25299,GAMA,25,CUNDINAMARCA,Andina,Bogotá D.C.,23071,2473634,116,1,Andina,233
05142,CARACOLI,05,ANTIOQUIA,Andina,Medellín,63612,6887306,125,4,Andina,234
86749,SIBUNDOY,86,PUTUMAYO,Amazonia,Mocoa,24885,369064,13,8,Amazonía,235
47692,SAN SEBASTIAN DE BUENAVISTA,47,MAGDALENA,Caribe,Santa Marta,23188,1463427,30,5,Caribe,236
52051,ARBOLEDA,52,NARINO,Pacifico,Pasto,33268,1629181,64,2,Pacífico,237
15696,SANTA SOFIA,15,BOYACA,Andina,Tunja,23189,1259601,123,8,Andina,238
08560,PONEDERA,08,ATLANTICO,Caribe,Barranquilla,3388,2804025,23,5,Caribe,239
15097,BOAVITA,15,BOYACA,Andina,Tunja,23189,1259601,123,8,Andina,240
54720,SARDINATA,54,NORTE DE SANTANDER,Orinoquia,Cúcuta,21658,1651278,40,7,Andina,241
70771,SUCRE,70,SUCRE,Caribe,Sincelejo,10917,972350,26,5,Caribe,242
20032,ASTREA,20,CESAR,Caribe,Valledupar,22905,1341697,25,4,Caribe,243
91430,LA VICTORIA (CD.),91,AMAZONAS,Amazonia,Leticia,109665,82068,2,8,Amazonía,244
05044,ANZA,05,ANTIOQUIA,Andina,Medellín,63612,6887306,125,4,Andina,245
13838,TURBANA,13,BOLIVAR,Caribe,Cartagena,25978,2236603,45,5,Caribe,246
94883,SAN FELIPE (CD.),94,GUAINIA,Orinoquia,Inírida,72238,52061,2,8,Amazonía,247
68444,MATANZA,68,SANTANDER,Andina,Bucaramanga,30537,2324090,87,7,Andina,248
76122,CAICEDONIA,76,VALLE DEL CAUCA,Pacifico,Cali,22140,4589278,42,2,Pacífico,249
13222,CLEMENCIA,13,BOLIVAR,Caribe,Cartagena,25978,2236603,45,5,Caribe,250
19532,PATIA (EL BORDO),19,CAUCA,Pacifico,Popayán,29308,1516018,41,2,Pacífico,251
25279,FOMEQUE,25,CUNDINAMARCA,Andina,Bogotá D.C.,23071,2473634,116,1,Andina,252
15753,SOATA,15,BOYACA,Andina,Tunja,23189,1259601,123,8,Andina,253
15135,CAMPOHERMOSO,15,BOYACA,Andina,Tunja,23189,1259601,123,8,Andina,254
68755,SOCORRO,68,SANTANDER,Andina,Bucaramanga,30537,2324090,87,7,Andina,255
15621,RONDON,15,BOYACA,Andina,Tunja,23189,1259601,123,8,Andina,256
41518,PAICOL,41,HUILA,Andina,Neiva,19890,1140932,37,8,Andina,257
52001,PASTO,52,NARINO,Pacifico,Pasto,33268,1629181,64,2,Pacífico,258
05670,SAN ROQUE,05,ANTIOQUIA,Andina,Medellín,63612,6887306,125,4,Andina,259
05541,PENOL,05,ANTIOQUIA,Andina,Medellín,63612,6887306,125,4,Andina,260
20400,LA JAGUA DE IBIRICO,20,CESAR,Caribe,Valledupar,22905,1341697,25,4,Caribe,261
05310,GOMEZ PLATA,05,ANTIOQUIA,Andina,Medellín,63612,6887306,125,4,Andina,262
50680,SAN CARLOS DE GUAROA,50,META,Orinoquia,Villavicencio,85635,1080706,29,8,Orinoquía,263
27495,NUQUI,27,CHOCO,Pacifico,Quibdó,46530,553519,31,4,Pacífico,264
05664,SAN PEDRO,05,ANTIOQUIA,Andina,Medellín,63612,6887306,125,4,Andina,265
68176,CHIMA,68,SANTANDER,Andina,Bucaramanga,30537,2324090,87,7,Andina,266
13052,ARJONA,13,BOLIVAR,Caribe,Cartagena,25978,2236603,45,5,Caribe,267
73622,RONCESVALLES,73,TOLIMA,Andina,Ibagué,23562,1346935,47,8,Andina,268
13268,EL PENON,13,BOLIVAR,Caribe,Cartagena,25978,2236603,45,5,Caribe,269
13873,VILLANUEVA,13,BOLIVAR,Caribe,Cartagena,25978,2236603,45,5,Caribe,270
25489,NIMAIMA,25,CUNDINAMARCA,Andina,Bogotá D.C.,23071,2473634,116,1,Andina,271
68673,SAN BENITO,68,SANTANDER,Andina,Bucaramanga,30537,2324090,87,7,Andina,272
25612,RICAURTE,25,CUNDINAMARCA,Andina,Bogotá D.C.,23071,2473634,116,1,Andina,273
05475,MURINDO,05,ANTIOQUIA,Andina,Medellín,63612,6887306,125,4,Andina,274
73200,COELLO,73,TOLIMA,Andina,Ibagué,23562,1346935,47,8,Andina,275
47053,ARACATACA,47,MAGDALENA,Caribe,Santa Marta,23188,1463427,30,5,Caribe,276
50686,SAN JUANITO,50,META,Orinoquia,Villavicencio,85635,1080706,29,8,Orinoquía,277
25473,MOSQUERA,25,CUNDINAMARCA,Andina,Bogotá D.C.,23071,2473634,116,1,Andina,278
13468,MOMPOS,13,BOLIVAR,Caribe,Cartagena,25978,2236603,45,5,Caribe,279
05004,ABRIAQUI,05,ANTIOQUIA,Andina,Medellín,63612,6887306,125,4,Andina,280
85015,CHAMEZA,85,CASANARE,Orinoquia,Yopal,44640,442068,19,8,Orinoquía,281
73270,FALAN,73,TOLIMA,Andina,Ibagué,23562,1346935,47,8,Andina,282
73686,SANTA ISABEL,73,TOLIMA,Andina,Ibagué,23562,1346935,47,8,Andina,283
19397,LA VEGA,19,CAUCA,Pacifico,Popayán,29308,1516018,41,2,Pacífico,284
68229,CURITI,68,SANTANDER,Andina,Bucaramanga,30537,2324090,87,7,Andina,285
27075,BAHIA SOLANO (MUTIS),27,CHOCO,Pacifico,Quibdó,46530,553519,31,4,Pacífico,286
17513,PACORA,17,CALDAS,Andina,Manizales,7888,1036455,27,6,Andina,287
52565,PROVIDENCIA,52,NARINO,Pacifico,Pasto,33268,1629181,64,2,Pacífico,288
05837,TURBO,05,ANTIOQUIA,Andina,Medellín,63612,6887306,125,4,Andina,289
76036,ANDALUCIA,76,VALLE DEL CAUCA,Pacifico,Cali,22140,4589278,42,2,Pacífico,290
15187,CHIVATA,15,BOYACA,Andina,Tunja,23189,1259601,123,8,Andina,291
23686,SAN PELAYO,23,CORDOBA,Caribe,Montería,25020,1856496,30,4,Caribe,292
25785,TABIO,25,CUNDINAMARCA,Andina,Bogotá D.C.,23071,2473634,116,1,Andina,293
08849,USIACURI,08,ATLANTICO,Caribe,Barranquilla,3388,2804025,23,5,Caribe,294
15325,GUAYATA,15,BOYACA,Andina,Tunja,23189,1259601,123,8,Andina,295
25436,MANTA,25,CUNDINAMARCA,Andina,Bogotá D.C.,23071,2473634,116,1,Andina,296
66400,LA VIRGINIA,66,RISARALDA,Andina,Pereira,4140,977829,14,6,Andina,297
13248,EL GUAMO,13,BOLIVAR,Caribe,Cartagena,25978,2236603,45,5,Caribe,298
52435,MALLAMA,52,NARINO,Pacifico,Pasto,33268,1629181,64,2,Pacífico,299
73563,PRADO,73,TOLIMA,Andina,Ibagué,23562,1346935,47,8,Andina,300
05440,MARINILLA,05,ANTIOQUIA,Andina,Medellín,63612,6887306,125,4,Andina,301
25807,TIBIRITA,25,CUNDINAMARCA,Andina,Bogotá D.C.,23071,2473634,116,1,Andina,302
54405,LOS PATIOS,54,NORTE DE SANTANDER,Orinoquia,Cúcuta,21658,1651278,40,7,Andina,303
27099,BOJAYA (BELLAVISTA),27,CHOCO,Pacifico,Quibdó,46530,553519,31,4,Pacífico,304
05390,LA PINTADA,05,ANTIOQUIA,Andina,Medellín,63612,6887306,125,4,Andina,305
47001,SANTA MARTA,47,MAGDALENA,Caribe,Santa Marta,23188,1463427,30,5,Caribe,306
15090,BERBEO,15,BOYACA,Andina,Tunja,23189,1259601,123,8,Andina,307
68147,CAPITANEJO,68,SANTANDER,Andina,Bucaramanga,30537,2324090,87,7,Andina,308
20013,AGUSTIN CODAZZI,20,CESAR,Caribe,Valledupar,22905,1341697,25,4,Caribe,309
54313,GRAMALOTE,54,NORTE DE SANTANDER,Orinoquia,Cúcuta,21658,1651278,40,7,Andina,310
08001,BARRANQUILLA,08,ATLANTICO,Caribe,Barranquilla,3388,2804025,23,5,Caribe,311
76306,GINEBRA,76,VALLE DEL CAUCA,Pacifico,Cali,22140,4589278,42,2,Pacífico,312
41378,LA ARGENTINA,41,HUILA,Andina,Neiva,19890,1140932,37,8,Andina,313
08137,CAMPO DE LA CRUZ,08,ATLANTICO,Caribe,Barranquilla,3388,2804025,23,5,Caribe,314
76606,RESTREPO,76,VALLE DEL CAUCA,Pacifico,Cali,22140,4589278,42,2,Pacífico,315
73152,CASABIANCA,73,TOLIMA,Andina,Ibagué,23562,1346935,47,8,Andina,316
23675,SAN BERNARDO DEL VIENTO,23,CORDOBA,Caribe,Montería,25020,1856496,30,4,Caribe,317
41359,ISNOS,41,HUILA,Andina,Neiva,19890,1140932,37,8,Andina,318
70265,GUARANDA,70,SUCRE,Caribe,Sincelejo,10917,972350,26,5,Caribe,319
54418,LOURDES,54,NORTE DE SANTANDER,Orinoquia,Cúcuta,21658,1651278,40,7,Andina,320
50330,MESETAS,50,META,Orinoquia,Villavicencio,85635,1080706,29,8,Orinoquía,321
19513,PADILLA,19,CAUCA,Pacifico,Popayán,29308,1516018,41,2,Pacífico,322
08421,LURUACO,08,ATLANTICO,Caribe,Barranquilla,3388,2804025,23,5,Caribe,323
08758,SOLEDAD,08,ATLANTICO,Caribe,Barranquilla,3388,2804025,23,5,Caribe,324
81220,CRAVO NORTE,81,ARAUCA,Orinoquia,Arauca,23818,304978,7,7,Orinoquía,325
15537,PAZ DEL RIO,15,BOYACA,Andina,Tunja,23189,1259601,123,8,Andina,326
05150,CAROLINA,05,ANTIOQUIA,Andina,Medellín,63612,6887306,125,4,Andina,327
27787,TADO,27,CHOCO,Pacifico,Quibdó,46530,553519,31,4,Pacífico,328
18410,LA MONTANITA,18,CAQUETA,Amazonia,Florencia,88965,419275,16,8,Amazonía,329
91540,PUERTO NARINO,91,AMAZONAS,Amazonia,Leticia,109665,82068,2,8,Amazonía,330
25885,YACOPI,25,CUNDINAMARCA,Andina,Bogotá D.C.,23071,2473634,116,1,Andina,331
19780,SUAREZ,19,CAUCA,Pacifico,Popayán,29308,1516018,41,2,Pacífico,332
52540,POLICARPA,52,NARINO,Pacifico,Pasto,33268,1629181,64,2,Pacífico,333
94887,PANA PANA (CD.),94,GUAINIA,Orinoquia,Inírida,72238,52061,2,8,Amazonía,334
23580,PUERTO LIBERTADOR,23,CORDOBA,Caribe,Montería,25020,1856496,30,4,Caribe,335
15236,CHIVOR,15,BOYACA,Andina,Tunja,23189,1259601,123,8,Andina,336
70713,SAN ONOFRE,70,SUCRE,Caribe,Sincelejo,10917,972350,26,5,Caribe,337
68780,SURATA,68,SANTANDER,Andina,Bucaramanga,30537,2324090,87,7,Andina,338
15518,PAJARITO,15,BOYACA,Andina,Tunja,23189,1259601,123,8,Andina,339
52399,LA UNION,52,NARINO,Pacifico,Pasto,33268,1629181,64,2,Pacífico,340
73283,FRESNO,73,TOLIMA,Andina,Ibagué,23562,1346935,47,8,Andina,341
85263,PORE,85,CASANARE,Orinoquia,Yopal,44640,442068,19,8,Orinoquía,342
25290,FUSAGASUGA,25,CUNDINAMARCA,Andina,Bogotá D.C.,23071,2473634,116,1,Andina,343
15897,ZETAQUIRA,15,BOYACA,Andina,Tunja,23189,1259601,123,8,Andina,344
25312,GRANADA,25,CUNDINAMARCA,Andina,Bogotá D.C.,23071,2473634,116,1,Andina,345
54800,TEORAMA,54,NORTE DE SANTANDER,Orinoquia,Cúcuta,21658,1651278,40,7,Andina,346
13440,MARGARITA,13,BOLIVAR,Caribe,Cartagena,25978,2236603,45,5,Caribe,347
76001,CALI,76,VALLE DEL CAUCA,Pacifico,Cali,22140,4589278,42,2,Pacífico,348
95015,CALAMAR,95,GUAVIARE,Amazonia,San José del Guaviare,53460,90357,4,8,Amazonía,349
94886,CACAHUAL (CD.),94,GUAINIA,Orinoquia,Inírida,72238,52061,2,8,Amazonía,350
15776,SUTAMARCHAN,15,BOYACA,Andina,Tunja,23189,1259601,123,8,Andina,351
97161,CARURU,97,VAUPES,Amazonia,Mitú,54135,48932,3,8,Amazonía,352
15131,CALDAS,15,BOYACA,Andina,Tunja,23189,1259601,123,8,Andina,353
15176,CHIQUINQUIRA,15,BOYACA,Andina,Tunja,23189,1259601,123,8,Andina,354
19137,CALDONO,19,CAUCA,Pacifico,Popayán,29308,1516018,41,2,Pacífico,355
50313,GRANADA,50,META,Orinoquia,Villavicencio,85635,1080706,29,8,Orinoquía,356
25718,SASAIMA,25,CUNDINAMARCA,Andina,Bogotá D.C.,23071,2473634,116,1,Andina,357
05411,LIBORINA,05,ANTIOQUIA,Andina,Medellín,63612,6887306,125,4,Andina,358
15580,QUIPAMA,15,BOYACA,Andina,Tunja,23189,1259601,123,8,Andina,359
19807,TIMBIO,19,CAUCA,Pacifico,Popayán,29308,1516018,41,2,Pacífico,360
05360,ITAGUI,05,ANTIOQUIA,Andina,Medellín,63612,6887306,125,4,Andina,361
23660,SAHAGUN,23,CORDOBA,Caribe,Montería,25020,1856496,30,4,Caribe,362
76243,EL AGUILA,76,VALLE DEL CAUCA,Pacifico,Cali,22140,4589278,42,2,Pacífico,363
54673,SAN CAYETANO,54,NORTE DE SANTANDER,Orinoquia,Cúcuta,21658,1651278,40,7,Andina,364
94888,MORICHAL (CD.),94,GUAINIA,Orinoquia,Inírida,72238,52061,2,8,Amazonía,365
85125,HATO COROZAL,85,CASANARE,Orinoquia,Yopal,44640,442068,19,8,Orinoquía,366
76616,RIOFRIO,76,VALLE DEL CAUCA,Pacifico,Cali,22140,4589278,42,2,Pacífico,367
05212,COPACABANA,05,ANTIOQUIA,Andina,Medellín,63612,6887306,125,4,Andina,368
50689,SAN MARTIN,50,META,Orinoquia,Villavicencio,85635,1080706,29,8,Orinoquía,369
15764,SORACA,15,BOYACA,Andina,Tunja,23189,1259601,123,8,Andina,370
91407,LA PEDRERA (CD.),91,AMAZONAS,Amazonia,Leticia,109665,82068,2,8,Amazonía,371
05134,CAMPAMENTO,05,ANTIOQUIA,Andina,Medellín,63612,6887306,125,4,Andina,372
17873,VILLAMARIA,17,CALDAS,Andina,Manizales,7888,1036455,27,6,Andina,373
54245,EL CARMEN,54,NORTE DE SANTANDER,Orinoquia,Cúcuta,21658,1651278,40,7,Andina,374
05315,GUADALUPE,05,ANTIOQUIA,Andina,Medellín,63612,6887306,125,4,Andina,375
41797,TESALIA,41,HUILA,Andina,Neiva,19890,1140932,37,8,Andina,376
27580,RIO IRO,27,CHOCO,Pacifico,Quibdó,46530,553519,31,4,Pacífico,377
70702,SAN JUAN DE BETULIA,70,SUCRE,Caribe,Sincelejo,10917,972350,26,5,Caribe,378
68255,EL PLAYON,68,SANTANDER,Andina,Bucaramanga,30537,2324090,87,7,Andina,379
15664,SAN JOSE DE PARE,15,BOYACA,Andina,Tunja,23189,1259601,123,8,Andina,380
44560,MANAURE,44,LA GUAJIRA,Caribe,Riohacha,20848,1002394,15,5,Caribe,381
05659,SAN JUAN DE URABA,05,ANTIOQUIA,Andina,Medellín,63612,6887306,125,4,Andina,382
25269,FACATATIVA,25,CUNDINAMARCA,Andina,Bogotá D.C.,23071,2473634,116,1,Andina,383
25513,PACHO,25,CUNDINAMARCA,Andina,Bogotá D.C.,23071,2473634,116,1,Andina,384
86569,PUERTO CAICEDO,86,PUTUMAYO,Amazonia,Mocoa,24885,369064,13,8,Amazonía,385
86571,PUERTO GUZMAN,86,PUTUMAYO,Amazonia,Mocoa,24885,369064,13,8,Amazonía,386
54398,LA PLAYA,54,NORTE DE SANTANDER,Orinoquia,Cúcuta,21658,1651278,40,7,Andina,387
17174,CHINCHINA,17,CALDAS,Andina,Manizales,7888,1036455,27,6,Andina,388
20310,GONZALEZ,20,CESAR,Caribe,Valledupar,22905,1341697,25,4,Caribe,389
25530,PARATEBUENO,25,CUNDINAMARCA,Andina,Bogotá D.C.,23071,2473634,116,1,Andina,390
94001,PUERTO INIRIDA,94,GUAINIA,Orinoquia,Inírida,72238,52061,2,8,Amazonía,391
47189,CIENAGA,47,MAGDALENA,Caribe,Santa Marta,23188,1463427,30,5,Caribe,392
47960,ZAPAYAN,47,MAGDALENA,Caribe,Santa Marta,23188,1463427,30,5,Caribe,393
91405,LA CHORRERA (CD.),91,AMAZONAS,Amazonia,Leticia,109665,82068,2,8,Amazonía,394
05756,SONSON,05,ANTIOQUIA,Andina,Medellín,63612,6887306,125,4,Andina,395
19318,GUAPI,19,CAUCA,Pacifico,Popayán,29308,1516018,41,2,Pacífico,396
41206,COLOMBIA,41,HUILA,Andina,Neiva,19890,1140932,37,8,Andina,397
19455,MIRANDA,19,CAUCA,Pacifico,Popayán,29308,1516018,41,2,Pacífico,398
19300,GUACHENE,19,CAUCA,Pacifico,Popayán,29308,1516018,41,2,Pacífico,399
44847,URIBIA,44,LA GUAJIRA,Caribe,Riohacha,20848,1002394,15,5,Caribe,400
54871,VILLA CARO,54,NORTE DE SANTANDER,Orinoquia,Cúcuta,21658,1651278,40,7,Andina,401
52560,POTOSI,52,NARINO,Pacifico,Pasto,33268,1629181,64,2,Pacífico,402
68418,LOS SANTOS,68,SANTANDER,Andina,Bucaramanga,30537,2324090,87,7,Andina,403
19533,PIAMONTE,19,CAUCA,Pacifico,Popayán,29308,1516018,41,2,Pacífico,404
17013,AGUADAS,17,CALDAS,Andina,Manizales,7888,1036455,27,6,Andina,405
54743,SILOS,54,NORTE DE SANTANDER,Orinoquia,Cúcuta,21658,1651278,40,7,Andina,406
15494,NUEVO COLON,15,BOYACA,Andina,Tunja,23189,1259601,123,8,Andina,407
41548,PITAL,41,HUILA,Andina,Neiva,19890,1140932,37,8,Andina,408
15001,TUNJA,15,BOYACA,Andina,Tunja,23189,1259601,123,8,Andina,409
66318,GUATICA,66,RISARALDA,Andina,Pereira,4140,977829,14,6,Andina,410
17444,MARQUETALIA,17,CALDAS,Andina,Manizales,7888,1036455,27,6,Andina,411
47545,PIJINO DEL CARMEN,47,MAGDALENA,Caribe,Santa Marta,23188,1463427,30,5,Caribe,412
15531,PAUNA,15,BOYACA,Andina,Tunja,23189,1259601,123,8,Andina,413
05002,ABEJORRAL,05,ANTIOQUIA,Andina,Medellín,63612,6887306,125,4,Andina,414
41799,TELLO,41,HUILA,Andina,Neiva,19890,1140932,37,8,Andina,415
05885,YALI,05,ANTIOQUIA,Andina,Medellín,63612,6887306,125,4,Andina,416
17088,BELALCAZAR,17,CALDAS,Andina,Manizales,7888,1036455,27,6,Andina,417
08685,SANTO TOMAS,08,ATLANTICO,Caribe,Barranquilla,3388,2804025,23,5,Caribe,418
17495,NORCASIA,17,CALDAS,Andina,Manizales,7888,1036455,27,6,Andina,419
41020,ALGECIRAS,41,HUILA,Andina,Neiva,19890,1140932,37,8,Andina,420
23678,SAN CARLOS,23,CORDOBA,Caribe,Montería,25020,1856496,30,4,Caribe,421
05579,PUERTO BERRIO,05,ANTIOQUIA,Andina,Medellín,63612,6887306,125,4,Andina,422
15368,JERICO,15,BOYACA,Andina,Tunja,23189,1259601,123,8,Andina,423
54520,PAMPLONITA,54,NORTE DE SANTANDER,Orinoquia,Cúcuta,21658,1651278,40,7,Andina,424
15296,GAMEZA,15,BOYACA,Andina,Tunja,23189,1259601,123,8,Andina,425
15673,SAN MATEO,15,BOYACA,Andina,Tunja,23189,1259601,123,8,Andina,426
25040,ANOLAIMA,25,CUNDINAMARCA,Andina,Bogotá D.C.,23071,2473634,116,1,Andina,427
66456,MISTRATO,66,RISARALDA,Andina,Pereira,4140,977829,14,6,Andina,428
70221,COVENAS,70,SUCRE,Caribe,Sincelejo,10917,972350,26,5,Caribe,429
05690,SANTO DOMINGO,05,ANTIOQUIA,Andina,Medellín,63612,6887306,125,4,Andina,430
54874,VILLA DEL ROSARIO,54,NORTE DE SANTANDER,Orinoquia,Cúcuta,21658,1651278,40,7,Andina,431
73001,IBAGUE,73,TOLIMA,Andina,Ibagué,23562,1346935,47,8,Andina,432
41872,VILLAVIEJA,41,HUILA,Andina,Neiva,19890,1140932,37,8,Andina,433
27205,CONDOTO,27,CHOCO,Pacifico,Quibdó,46530,553519,31,4,Pacífico,434
25841,UBAQUE,25,CUNDINAMARCA,Andina,Bogotá D.C.,23071,2473634,116,1,Andina,435
85001,YOPAL,85,CASANARE,Orinoquia,Yopal,44640,442068,19,8,Orinoquía,436
68377,LA BELLEZA,68,SANTANDER,Andina,Bucaramanga,30537,2324090,87,7,Andina,437
68250,EL PENON,68,SANTANDER,Andina,Bucaramanga,30537,2324090,87,7,Andina,438
44378,HATONUEVO,44,LA GUAJIRA,Caribe,Riohacha,20848,1002394,15,5,Caribe,439
68464,MOGOTES,68,SANTANDER,Andina,Bucaramanga,30537,2324090,87,7,Andina,440
68101,BOLIVAR,68,SANTANDER,Andina,Bucaramanga,30537,2324090,87,7,Andina,441
05059,ARMENIA,05,ANTIOQUIA,Andina,Medellín,63612,6887306,125,4,Andina,442
41483,NATAGA,41,HUILA,Andina,Neiva,19890,1140932,37,8,Andina,443
76403,LA VICTORIA,76,VALLE DEL CAUCA,Pacifico,Cali,22140,4589278,42,2,Pacífico,444
52473,MOSQUERA,52,NARINO,Pacifico,Pasto,33268,1629181,64,2,Pacífico,445
54518,PAMPLONA,54,NORTE DE SANTANDER,Orinoquia,Cúcuta,21658,1651278,40,7,Andina,446
41078,BARAYA,41,HUILA,Andina,Neiva,19890,1140932,37,8,Andina,447
81736,SARAVENA,81,ARAUCA,Orinoquia,Arauca,23818,304978,7,7,Orinoquía,448
17524,PALESTINA,17,CALDAS,Andina,Manizales,7888,1036455,27,6,Andina,449
15720,SATIVANORTE,15,BOYACA,Andina,Tunja,23189,1259601,123,8,Andina,450
73055,ARMERO (GUAYABAL),73,TOLIMA,Andina,Ibagué,23562,1346935,47,8,Andina,451
52258,EL TABLON DE GOMEZ,52,NARINO,Pacifico,Pasto,33268,1629181,64,2,Pacífico,452
68368,JESUS MARIA,68,SANTANDER,Andina,Bucaramanga,30537,2324090,87,7,Andina,453
05665,SAN PEDRO DE URABA,05,ANTIOQUIA,Andina,Medellín,63612,6887306,125,4,Andina,454
05129,CALDAS,05,ANTIOQUIA,Andina,Medellín,63612,6887306,125,4,Andina,455
76892,YUMBO,76,VALLE DEL CAUCA,Pacifico,Cali,22140,4589278,42,2,Pacífico,456
70678,SAN BENITO ABAD,70,SUCRE,Caribe,Sincelejo,10917,972350,26,5,Caribe,457
13160,CANTAGALLO,13,BOLIVAR,Caribe,Cartagena,25978,2236603,45,5,Caribe,458
73043,ANZOATEGUI,73,TOLIMA,Andina,Ibagué,23562,1346935,47,8,Andina,459
25386,LA MESA,25,CUNDINAMARCA,Andina,Bogotá D.C.,23071,2473634,116,1,Andina,460
25524,PANDI,25,CUNDINAMARCA,Andina,Bogotá D.C.,23071,2473634,116,1,Andina,461
18756,SOLANO,18,CAQUETA,Amazonia,Florencia,88965,419275,16,8,Amazonía,462
52838,TUQUERRES,52,NARINO,Pacifico,Pasto,33268,1629181,64,2,Pacífico,463
85162,MONTERREY,85,CASANARE,Orinoquia,Yopal,44640,442068,19,8,Orinoquía,464
08770,SUAN,08,ATLANTICO,Caribe,Barranquilla,3388,2804025,23,5,Caribe,465
25324,GUATAQUI,25,CUNDINAMARCA,Andina,Bogotá D.C.,23071,2473634,116,1,Andina,466
68425,MACARAVITA,68,SANTANDER,Andina,Bucaramanga,30537,2324090,87,7,Andina,467
76109,BUENAVENTURA,76,VALLE DEL CAUCA,Pacifico,Cali,22140,4589278,42,2,Pacífico,468
13688,SANTA ROSA DEL SUR,13,BOLIVAR,Caribe,Cartagena,25978,2236603,45,5,Caribe,469
50006,ACACIAS,50,META,Orinoquia,Villavicencio,85635,1080706,29,8,Orinoquía,470
91798,TARAPACA (CD.),91,AMAZONAS,Amazonia,Leticia,109665,82068,2,8,Amazonía,471
17050,ARANZAZU,17,CALDAS,Andina,Manizales,7888,1036455,27,6,Andina,472
25297,GACHETA,25,CUNDINAMARCA,Andina,Bogotá D.C.,23071,2473634,116,1,Andina,473
70110,BUENAVISTA,70,SUCRE,Caribe,Sincelejo,10917,972350,26,5,Caribe,474
25426,MACHETA,25,CUNDINAMARCA,Andina,Bogotá D.C.,23071,2473634,116,1,Andina,475
18029,ALBANIA,18,CAQUETA,Amazonia,Florencia,88965,419275,16,8,Amazonía,476
18610,SAN JOSE DEL FRAGUA,18,CAQUETA,Amazonia,Florencia,88965,419275,16,8,Amazonía,477
52720,SAPUYES,52,NARINO,Pacifico,Pasto,33268,1629181,64,2,Pacífico,478
70670,SAMPUES,70,SUCRE,Caribe,Sincelejo,10917,972350,26,5,Caribe,479
70708,SAN MARCOS,70,SUCRE,Caribe,Sincelejo,10917,972350,26,5,Caribe,480
15723,SATIVASUR,15,BOYACA,Andina,Tunja,23189,1259601,123,8,Andina,481
44078,BARRANCAS,44,LA GUAJIRA,Caribe,Riohacha,20848,1002394,15,5,Caribe,482
17616,RISARALDA,17,CALDAS,Andina,Manizales,7888,1036455,27,6,Andina,483
50450,PUERTO CONCORDIA,50,META,Orinoquia,Villavicencio,85635,1080706,29,8,Orinoquía,484
15806,TIBASOSA,15,BOYACA,Andina,Tunja,23189,1259601,123,8,Andina,485
18001,FLORENCIA,18,CAQUETA,Amazonia,Florencia,88965,419275,16,8,Amazonía,486
94884,PUERTO COLOMBIA (CD.),94,GUAINIA,Orinoquia,Inírida,72238,52061,2,8,Amazonía,487
15317,GUACAMAYAS,15,BOYACA,Andina,Tunja,23189,1259601,123,8,Andina,488
86755,SAN FRANCISCO,86,PUTUMAYO,Amazonia,Mocoa,24885,369064,13,8,Amazonía,489
47798,TENERIFE,47,MAGDALENA,Caribe,Santa Marta,23188,1463427,30,5,Caribe,490
50124,CABUYARO,50,META,Orinoquia,Villavicencio,85635,1080706,29,8,Orinoquía,491
63130,CALARCA,63,QUINDIO,Andina,La Esperanza,1845,569569,12,6,Andina,492
94000,GUAINIA (TOTAL CD.),94,GUAINIA,Orinoquia,Inírida,72238,52061,2,8,Amazonía,493
41530,PALESTINA,41,HUILA,Andina,Neiva,19890,1140932,37,8,Andina,494
20060,BOSCONIA,20,CESAR,Caribe,Valledupar,22905,1341697,25,4,Caribe,495
05543,PEQUE,05,ANTIOQUIA,Andina,Medellín,63612,6887306,125,4,Andina,496
25596,QUIPILE,25,CUNDINAMARCA,Andina,Bogotá D.C.,23071,2473634,116,1,Andina,497
76890,YOTOCO,76,VALLE DEL CAUCA,Pacifico,Cali,22140,4589278,42,2,Pacífico,498
19743,SILVIA,19,CAUCA,Pacifico,Popayán,29308,1516018,41,2,Pacífico,499
68051,ARATOCA,68,SANTANDER,Andina,Bucaramanga,30537,2324090,87,7,Andina,500
13667,SAN MARTIN DE LOBA,13,BOLIVAR,Caribe,Cartagena,25978,2236603,45,5,Caribe,501
44098,DISTRACCION,44,LA GUAJIRA,Caribe,Riohacha,20848,1002394,15,5,Caribe,502
76275,FLORIDA,76,VALLE DEL CAUCA,Pacifico,Cali,22140,4589278,42,2,Pacífico,503
18094,BELEN DE LOS ANDAQUIES,18,CAQUETA,Amazonia,Florencia,88965,419275,16,8,Amazonía,504
99773,CUMARIBO,99,VICHADA,Amazonia,Puerto Carreño,100242,115778,4,8,Orinoquía,505
05854,VALDIVIA,05,ANTIOQUIA,Andina,Medellín,63612,6887306,125,4,Andina,506
73616,RIOBLANCO,73,TOLIMA,Andina,Ibagué,23562,1346935,47,8,Andina,507
52390,LA TOLA,52,NARINO,Pacifico,Pasto,33268,1629181,64,2,Pacífico,508
27150,CARMEN DEL DARIEN,27,CHOCO,Pacifico,Quibdó,46530,553519,31,4,Pacífico,509
63001,ARMENIA,63,QUINDIO,Andina,La Esperanza,1845,569569,12,6,Andina,510
70001,SINCELEJO,70,SUCRE,Caribe,Sincelejo,10917,972350,26,5,Caribe,511
52356,IPIALES,52,NARINO,Pacifico,Pasto,33268,1629181,64,2,Pacífico,512
44420,LA JAGUA DEL PILAR,44,LA GUAJIRA,Caribe,Riohacha,20848,1002394,15,5,Caribe,513
15511,PACHAVITA,15,BOYACA,Andina,Tunja,23189,1259601,123,8,Andina,514
47170,CHIVOLO,47,MAGDALENA,Caribe,Santa Marta,23188,1463427,30,5,Caribe,515
68385,LANDAZURI,68,SANTANDER,Andina,Bucaramanga,30537,2324090,87,7,Andina,516
19364,JAMBALO,19,CAUCA,Pacifico,Popayán,29308,1516018,41,2,Pacífico,517
73870,VILLAHERMOSA,73,TOLIMA,Andina,Ibagué,23562,1346935,47,8,Andina,518
85250,PAZ DE ARIPORO,85,CASANARE,Orinoquia,Yopal,44640,442068,19,8,Orinoquía,519
68855,VALLE DE SAN JOSE,68,SANTANDER,Andina,Bucaramanga,30537,2324090,87,7,Andina,520
52786,TAMINANGO,52,NARINO,Pacifico,Pasto,33268,1629181,64,2,Pacífico,521
50590,PUERTO RICO,50,META,Orinoquia,Villavicencio,85635,1080706,29,8,Orinoquía,522
99524,LA PRIMAVERA,99,VICHADA,Amazonia,Puerto Carreño,100242,115778,4,8,Orinoquía,523
18256,EL PAUJIL,18,CAQUETA,Amazonia,Florencia,88965,419275,16,8,Amazonía,524
70235,GALERAS,70,SUCRE,Caribe,Sincelejo,10917,972350,26,5,Caribe,525
68245,EL GUACAMAYO,68,SANTANDER,Andina,Bucaramanga,30537,2324090,87,7,Andina,526
15248,EL ESPINO,15,BOYACA,Andina,Tunja,23189,1259601,123,8,Andina,527
68320,GUADALUPE,68,SANTANDER,Andina,Bucaramanga,30537,2324090,87,7,Andina,528
63401,LA TEBAIDA,63,QUINDIO,Andina,La Esperanza,1845,569569,12,6,Andina,529
05893,YONDO,05,ANTIOQUIA,Andina,Medellín,63612,6887306,125,4,Andina,530
19824,TOTORO,19,CAUCA,Pacifico,Popayán,29308,1516018,41,2,Pacífico,531
19022,ALMAGUER,19,CAUCA,Pacifico,Popayán,29308,1516018,41,2,Pacífico,532
68770,SUAITA,68,SANTANDER,Andina,Bucaramanga,30537,2324090,87,7,Andina,533
91669,PUERTO SANTANDER (CD.),91,AMAZONAS,Amazonia,Leticia,109665,82068,2,8,Amazonía,534
13430,MAGANGUE,13,BOLIVAR,Caribe,Cartagena,25978,2236603,45,5,Caribe,535
52385,LA LLANADA,52,NARINO,Pacifico,Pasto,33268,1629181,64,2,Pacífico,536
05120,CACERES,05,ANTIOQUIA,Andina,Medellín,63612,6887306,125,4,Andina,537
25594,QUETAME,25,CUNDINAMARCA,Andina,Bogotá D.C.,23071,2473634,116,1,Andina,538
05585,PUERTO NARE,05,ANTIOQUIA,Andina,Medellín,63612,6887306,125,4,Andina,539
25488,NILO,25,CUNDINAMARCA,Andina,Bogotá D.C.,23071,2473634,116,1,Andina,540
15820,TOPAGA,15,BOYACA,Andina,Tunja,23189,1259601,123,8,Andina,541
41676,SANTA MARIA,41,HUILA,Andina,Neiva,19890,1140932,37,8,Andina,542
52256,EL ROSARIO,52,NARINO,Pacifico,Pasto,33268,1629181,64,2,Pacífico,543
27491,NOVITA,27,CHOCO,Pacifico,Quibdó,46530,553519,31,4,Pacífico,544
19585,PURACE,19,CAUCA,Pacifico,Popayán,29308,1516018,41,2,Pacífico,545
66001,PEREIRA,66,RISARALDA,Andina,Pereira,4140,977829,14,6,Andina,546
76246,EL CAIRO,76,VALLE DEL CAUCA,Pacifico,Cali,22140,4589278,42,2,Pacífico,547
15109,BUENAVISTA,15,BOYACA,Andina,Tunja,23189,1259601,123,8,Andina,548
05628,SABANALARGA,05,ANTIOQUIA,Andina,Medellín,63612,6887306,125,4,Andina,549
54599,RAGONVALIA,54,NORTE DE SANTANDER,Orinoquia,Cúcuta,21658,1651278,40,7,Andina,550
68572,PUENTE NACIONAL,68,SANTANDER,Andina,Bucaramanga,30537,2324090,87,7,Andina,551
73217,COYAIMA,73,TOLIMA,Andina,Ibagué,23562,1346935,47,8,Andina,552
05667,SAN RAFAEL,05,ANTIOQUIA,Andina,Medellín,63612,6887306,125,4,Andina,553
41801,TERUEL,41,HUILA,Andina,Neiva,19890,1140932,37,8,Andina,554
68861,VELEZ,68,SANTANDER,Andina,Bucaramanga,30537,2324090,87,7,Andina,555
52240,CHACHAGUI,52,NARINO,Pacifico,Pasto,33268,1629181,64,2,Pacífico,556
97777,PAPUNAUA (CD.),97,VAUPES,Amazonia,Mitú,54135,48932,3,8,Amazonía,557
76863,VERSALLES,76,VALLE DEL CAUCA,Pacifico,Cali,22140,4589278,42,2,Pacífico,558
66075,BALBOA,66,RISARALDA,Andina,Pereira,4140,977829,14,6,Andina,559
73319,GUAMO,73,TOLIMA,Andina,Ibagué,23562,1346935,47,8,Andina,560
19809,TIMBIQUI,19,CAUCA,Pacifico,Popayán,29308,1516018,41,2,Pacífico,561
13140,CALAMAR,13,BOLIVAR,Caribe,Cartagena,25978,2236603,45,5,Caribe,562
86757,SAN MIGUEL,86,PUTUMAYO,Amazonia,Mocoa,24885,369064,13,8,Amazonía,563
47268,EL RETEN,47,MAGDALENA,Caribe,Santa Marta,23188,1463427,30,5,Caribe,564
73504,ORTEGA,73,TOLIMA,Andina,Ibagué,23562,1346935,47,8,Andina,565
70742,SINCE,70,SUCRE,Caribe,Sincelejo,10917,972350,26,5,Caribe,566
52405,LEIVA,52,NARINO,Pacifico,Pasto,33268,1629181,64,2,Pacífico,567
52254,EL PENOL,52,NARINO,Pacifico,Pasto,33268,1629181,64,2,Pacífico,568
50573,PUERTO LOPEZ,50,META,Orinoquia,Villavicencio,85635,1080706,29,8,Orinoquía,569
15832,TUNUNGUA,15,BOYACA,Andina,Tunja,23189,1259601,123,8,Andina,570
15762,SORA,15,BOYACA,Andina,Tunja,23189,1259601,123,8,Andina,571
23079,BUENAVISTA,23,CORDOBA,Caribe,Montería,25020,1856496,30,4,Caribe,572
05021,ALEJANDRIA,05,ANTIOQUIA,Andina,Medellín,63612,6887306,125,4,Andina,573
76563,PRADERA,76,VALLE DEL CAUCA,Pacifico,Cali,22140,4589278,42,2,Pacífico,574
50270,EL DORADO,50,META,Orinoquia,Villavicencio,85635,1080706,29,8,Orinoquía,575
86865,VALLE DEL GUAMUEZ,86,PUTUMAYO,Amazonia,Mocoa,24885,369064,13,8,Amazonía,576
50370,LA URIBE,50,META,Orinoquia,Villavicencio,85635,1080706,29,8,Orinoquía,577
05890,YOLOMBO,05,ANTIOQUIA,Andina,Medellín,63612,6887306,125,4,Andina,578
08372,JUAN DE ACOSTA,08,ATLANTICO,Caribe,Barranquilla,3388,2804025,23,5,Caribe,579
25295,GACHANCIPA,25,CUNDINAMARCA,Andina,Bogotá D.C.,23071,2473634,116,1,Andina,580
73770,SUAREZ,73,TOLIMA,Andina,Ibagué,23562,1346935,47,8,Andina,581
05237,DON MATIAS,05,ANTIOQUIA,Andina,Medellín,63612,6887306,125,4,Andina,582
05736,SEGOVIA,05,ANTIOQUIA,Andina,Medellín,63612,6887306,125,4,Andina,583
13654,SAN JACINTO,13,BOLIVAR,Caribe,Cartagena,25978,2236603,45,5,Caribe,584
63190,CIRCASIA,63,QUINDIO,Andina,La Esperanza,1845,569569,12,6,Andina,585
44090,DIBULLA,44,LA GUAJIRA,Caribe,Riohacha,20848,1002394,15,5,Caribe,586
25214,COTA,25,CUNDINAMARCA,Andina,Bogotá D.C.,23071,2473634,116,1,Andina,587
20250,EL PASO,20,CESAR,Caribe,Valledupar,22905,1341697,25,4,Caribe,588
76054,ARGELIA,76,VALLE DEL CAUCA,Pacifico,Cali,22140,4589278,42,2,Pacífico,589
66045,APIA,66,RISARALDA,Andina,Pereira,4140,977829,14,6,Andina,590
47675,SALAMINA,47,MAGDALENA,Caribe,Santa Marta,23188,1463427,30,5,Caribe,591
44279,FONSECA,44,LA GUAJIRA,Caribe,Riohacha,20848,1002394,15,5,Caribe,592
52110,BUESACO,52,NARINO,Pacifico,Pasto,33268,1629181,64,2,Pacífico,593
25535,PASCA,25,CUNDINAMARCA,Andina,Bogotá D.C.,23071,2473634,116,1,Andina,594
15660,SAN EDUARDO,15,BOYACA,Andina,Tunja,23189,1259601,123,8,Andina,595
52227,CUMBAL,52,NARINO,Pacifico,Pasto,33268,1629181,64,2,Pacífico,596
85136,LA SALINA,85,CASANARE,Orinoquia,Yopal,44640,442068,19,8,Orinoquía,597
15822,TOTA,15,BOYACA,Andina,Tunja,23189,1259601,123,8,Andina,598
05107,BRICENO,05,ANTIOQUIA,Andina,Medellín,63612,6887306,125,4,Andina,599
05495,NECHI,05,ANTIOQUIA,Andina,Medellín,63612,6887306,125,4,Andina,600
25506,VENECIA (OSPINA PEREZ),25,CUNDINAMARCA,Andina,Bogotá D.C.,23071,2473634,116,1,Andina,601
97001,MITU,97,VAUPES,Amazonia,Mitú,54135,48932,3,8,Amazonía,602
76111,BUGA,76,VALLE DEL CAUCA,Pacifico,Cali,22140,4589278,42,2,Pacífico,603
27615,RIOSUCIO,27,CHOCO,Pacifico,Quibdó,46530,553519,31,4,Pacífico,604
52323,GUALMATAN,52,NARINO,Pacifico,Pasto,33268,1629181,64,2,Pacífico,605
25224,CUCUNUBA,25,CUNDINAMARCA,Andina,Bogotá D.C.,23071,2473634,116,1,Andina,606
68432,MALAGA,68,SANTANDER,Andina,Bucaramanga,30537,2324090,87,7,Andina,607
17042,ANSERMA,17,CALDAS,Andina,Manizales,7888,1036455,27,6,Andina,608
25898,ZIPACON,25,CUNDINAMARCA,Andina,Bogotá D.C.,23071,2473634,116,1,Andina,609
13549,PINILLOS,13,BOLIVAR,Caribe,Cartagena,25978,2236603,45,5,Caribe,610
23807,TIERRALTA,23,CORDOBA,Caribe,Montería,25020,1856496,30,4,Caribe,611
70230,CHALAN,70,SUCRE,Caribe,Sincelejo,10917,972350,26,5,Caribe,612
25245,EL COLEGIO,25,CUNDINAMARCA,Andina,Bogotá D.C.,23071,2473634,116,1,Andina,613
15861,VENTAQUEMADA,15,BOYACA,Andina,Tunja,23189,1259601,123,8,Andina,614
20238,EL COPEY,20,CESAR,Caribe,Valledupar,22905,1341697,25,4,Caribe,615
76377,LA CUMBRE,76,VALLE DEL CAUCA,Pacifico,Cali,22140,4589278,42,2,Pacífico,616
47703,SAN ZENON,47,MAGDALENA,Caribe,Santa Marta,23188,1463427,30,5,Caribe,617
05652,SAN FRANCISCO,05,ANTIOQUIA,Andina,Medellín,63612,6887306,125,4,Andina,618
68081,BARRANCABERMEJA,68,SANTANDER,Andina,Bucaramanga,30537,2324090,87,7,Andina,619
05125,CAICEDO,05,ANTIOQUIA,Andina,Medellín,63612,6887306,125,4,Andina,620
05697,EL SANTUARIO,05,ANTIOQUIA,Andina,Medellín,63612,6887306,125,4,Andina,621
25797,TENA,25,CUNDINAMARCA,Andina,Bogotá D.C.,23071,2473634,116,1,Andina,622
76147,CARTAGO,76,VALLE DEL CAUCA,Pacifico,Cali,22140,4589278,42,2,Pacífico,623
13810,TIQUISIO,13,BOLIVAR,Caribe,Cartagena,25978,2236603,45,5,Caribe,624
15442,MARIPI,15,BOYACA,Andina,Tunja,23189,1259601,123,8,Andina,625
19517,PAEZ,19,CAUCA,Pacifico,Popayán,29308,1516018,41,2,Pacífico,626
76828,TRUJILLO,76,VALLE DEL CAUCA,Pacifico,Cali,22140,4589278,42,2,Pacífico,627
66687,SANTUARIO,66,RISARALDA,Andina,Pereira,4140,977829,14,6,Andina,628
70820,TOLU,70,SUCRE,Caribe,Sincelejo,10917,972350,26,5,Caribe,629
15332,GUICAN,15,BOYACA,Andina,Tunja,23189,1259601,123,8,Andina,630
15638,SACHICA,15,BOYACA,Andina,Tunja,23189,1259601,123,8,Andina,631
70204,COLOSO,70,SUCRE,Caribe,Sincelejo,10917,972350,26,5,Caribe,632
19548,PIENDAMO,19,CAUCA,Pacifico,Popayán,29308,1516018,41,2,Pacífico,633
41668,SAN AGUSTIN,41,HUILA,Andina,Neiva,19890,1140932,37,8,Andina,634
25851,UTICA,25,CUNDINAMARCA,Andina,Bogotá D.C.,23071,2473634,116,1,Andina,635
52480,NARINO,52,NARINO,Pacifico,Pasto,33268,1629181,64,2,Pacífico,636
15183,CHITA,15,BOYACA,Andina,Tunja,23189,1259601,123,8,Andina,637
15500,OICATA,15,BOYACA,Andina,Tunja,23189,1259601,123,8,Andina,638
54128,CACHIRA,54,NORTE DE SANTANDER,Orinoquia,Cúcuta,21658,1651278,40,7,Andina,639
73483,NATAGAIMA,73,TOLIMA,Andina,Ibagué,23562,1346935,47,8,Andina,640
25845,UNE,25,CUNDINAMARCA,Andina,Bogotá D.C.,23071,2473634,116,1,Andina,641
47980,ZONA BANANERA,47,MAGDALENA,Caribe,Santa Marta,23188,1463427,30,5,Caribe,642
25372,JUNIN,25,CUNDINAMARCA,Andina,Bogotá D.C.,23071,2473634,116,1,Andina,643
19760,SOTARA,19,CAUCA,Pacifico,Popayán,29308,1516018,41,2,Pacífico,644
19450,MERCADERES,19,CAUCA,Pacifico,Popayán,29308,1516018,41,2,Pacífico,645
25035,ANAPOIMA,25,CUNDINAMARCA,Andina,Bogotá D.C.,23071,2473634,116,1,Andina,646
68276,FLORIDABLANCA,68,SANTANDER,Andina,Bucaramanga,30537,2324090,87,7,Andina,647
23001,MONTERIA,23,CORDOBA,Caribe,Montería,25020,1856496,30,4,Caribe,648
54250,EL TARRA,54,NORTE DE SANTANDER,Orinoquia,Cúcuta,21658,1651278,40,7,Andina,649
73547,PIEDRAS,73,TOLIMA,Andina,Ibagué,23562,1346935,47,8,Andina,650
20770,SAN MARTIN,20,CESAR,Caribe,Valledupar,22905,1341697,25,4,Caribe,651
68549,PINCHOTE,68,SANTANDER,Andina,Bucaramanga,30537,2324090,87,7,Andina,652
05264,ENTRERRIOS,05,ANTIOQUIA,Andina,Medellín,63612,6887306,125,4,Andina,653
23162,CERETE,23,CORDOBA,Caribe,Montería,25020,1856496,30,4,Caribe,654
76400,LA UNION,76,VALLE DEL CAUCA,Pacifico,Cali,22140,4589278,42,2,Pacífico,655
15232,CHIQUIZA,15,BOYACA,Andina,Tunja,23189,1259601,123,8,Andina,656
05172,CHIGORODO,05,ANTIOQUIA,Andina,Medellín,63612,6887306,125,4,Andina,657
68344,HATO,68,SANTANDER,Andina,Bucaramanga,30537,2324090,87,7,Andina,658
68209,CONFINES,68,SANTANDER,Andina,Bucaramanga,30537,2324090,87,7,Andina,659
18460,MILAN,18,CAQUETA,Amazonia,Florencia,88965,419275,16,8,Amazonía,660
41349,HOBO,41,HUILA,Andina,Neiva,19890,1140932,37,8,Andina,661
52418,LOS ANDES,52,NARINO,Pacifico,Pasto,33268,1629181,64,2,Pacífico,662
27077,BAJO BAUDO (PIZARRO),27,CHOCO,Pacifico,Quibdó,46530,553519,31,4,Pacífico,663
47605,REMOLINO,47,MAGDALENA,Caribe,Santa Marta,23188,1463427,30,5,Caribe,664
63272,FILANDIA,63,QUINDIO,Andina,La Esperanza,1845,569569,12,6,Andina,665
76250,EL DOVIO,76,VALLE DEL CAUCA,Pacifico,Cali,22140,4589278,42,2,Pacífico,666
41319,GUADALUPE,41,HUILA,Andina,Neiva,19890,1140932,37,8,Andina,667
41524,PALERMO,41,HUILA,Andina,Neiva,19890,1140932,37,8,Andina,668
91000,AMAZONAS (TOTAL CD.),91,AMAZONAS,Amazonia,Leticia,109665,82068,2,8,Amazonía,669
52427,MAGUI,52,NARINO,Pacifico,Pasto,33268,1629181,64,2,Pacífico,670
25398,LA PENA,25,CUNDINAMARCA,Andina,Bogotá D.C.,23071,2473634,116,1,Andina,671
70823,TOLUVIEJO,70,SUCRE,Caribe,Sincelejo,10917,972350,26,5,Caribe,672
50683,SAN JUAN DE ARAMA,50,META,Orinoquia,Villavicencio,85635,1080706,29,8,Orinoquía,673
76520,PALMIRA,76,VALLE DEL CAUCA,Pacifico,Cali,22140,4589278,42,2,Pacífico,674
05591,PUERTO TRIUNFO,05,ANTIOQUIA,Andina,Medellín,63612,6887306,125,4,Andina,675
13620,SAN CRISTOBAL,13,BOLIVAR,Caribe,Cartagena,25978,2236603,45,5,Caribe,676
54670,SAN CALIXTO,54,NORTE DE SANTANDER,Orinoquia,Cúcuta,21658,1651278,40,7,Andina,677
68132,CALIFORNIA,68,SANTANDER,Andina,Bucaramanga,30537,2324090,87,7,Andina,678
13212,CORDOBA,13,BOLIVAR,Caribe,Cartagena,25978,2236603,45,5,Caribe,679
68296,GALAN,68,SANTANDER,Andina,Bucaramanga,30537,2324090,87,7,Andina,680
15740,SIACHOQUE,15,BOYACA,Andina,Tunja,23189,1259601,123,8,Andina,681
13300,HATILLO DE LOBA,13,BOLIVAR,Caribe,Cartagena,25978,2236603,45,5,Caribe,682
20178,CHIRIGUANA,20,CESAR,Caribe,Valledupar,22905,1341697,25,4,Caribe,683
08832,TUBARA,08,ATLANTICO,Caribe,Barranquilla,3388,2804025,23,5,Caribe,684
52354,IMUES,52,NARINO,Pacifico,Pasto,33268,1629181,64,2,Pacífico,685
44110,EL MOLINO,44,LA GUAJIRA,Caribe,Riohacha,20848,1002394,15,5,Caribe,686
25322,GUASCA,25,CUNDINAMARCA,Andina,Bogotá D.C.,23071,2473634,116,1,Andina,687
15244,EL COCUY,15,BOYACA,Andina,Tunja,23189,1259601,123,8,Andina,688
85279,RECETOR,85,CASANARE,Orinoquia,Yopal,44640,442068,19,8,Orinoquía,689
25862,VERGARA,25,CUNDINAMARCA,Andina,Bogotá D.C.,23071,2473634,116,1,Andina,690
05400,LA UNION,05,ANTIOQUIA,Andina,Medellín,63612,6887306,125,4,Andina,691
50350,LA MACARENA,50,META,Orinoquia,Villavicencio,85635,1080706,29,8,Orinoquía,692
08634,SABANAGRANDE,08,ATLANTICO,Caribe,Barranquilla,3388,2804025,23,5,Caribe,693
68573,PUERTO PARRA,68,SANTANDER,Andina,Bucaramanga,30537,2324090,87,7,Andina,694
17446,MARULANDA,17,CALDAS,Andina,Manizales,7888,1036455,27,6,Andina,695
05190,CISNEROS,05,ANTIOQUIA,Andina,Medellín,63612,6887306,125,4,Andina,696
25649,SAN BERNARDO,25,CUNDINAMARCA,Andina,Bogotá D.C.,23071,2473634,116,1,Andina,697
70429,MAJAGUAL,70,SUCRE,Caribe,Sincelejo,10917,972350,26,5,Caribe,698
05658,SAN JOSE DE LA MONTANA,05,ANTIOQUIA,Andina,Medellín,63612,6887306,125,4,Andina,699
15114,BUSBANZA,15,BOYACA,Andina,Tunja,23189,1259601,123,8,Andina,700
05045,APARTADO,05,ANTIOQUIA,Andina,Medellín,63612,6887306,125,4,Andina,701
76497,OBANDO,76,VALLE DEL CAUCA,Pacifico,Cali,22140,4589278,42,2,Pacífico,702
05145,CARAMANTA,05,ANTIOQUIA,Andina,Medellín,63612,6887306,125,4,Andina,703
76100,BOLIVAR,76,VALLE DEL CAUCA,Pacifico,Cali,22140,4589278,42,2,Pacífico,704
25326,GUATAVITA,25,CUNDINAMARCA,Andina,Bogotá D.C.,23071,2473634,116,1,Andina,705
68160,CEPITA,68,SANTANDER,Andina,Bucaramanga,30537,2324090,87,7,Andina,706
20710,SAN ALBERTO,20,CESAR,Caribe,Valledupar,22905,1341697,25,4,Caribe,707
50400,LEJANIAS,50,META,Orinoquia,Villavicencio,85635,1080706,29,8,Orinoquía,708
68217,COROMORO,68,SANTANDER,Andina,Bucaramanga,30537,2324090,87,7,Andina,709
52207,CONSACA,52,NARINO,Pacifico,Pasto,33268,1629181,64,2,Pacífico,710
25430,MADRID,25,CUNDINAMARCA,Andina,Bogotá D.C.,23071,2473634,116,1,Andina,711
76834,TULUA,76,VALLE DEL CAUCA,Pacifico,Cali,22140,4589278,42,2,Pacífico,712
25899,ZIPAQUIRA,25,CUNDINAMARCA,Andina,Bogotá D.C.,23071,2473634,116,1,Andina,713
68872,VILLANUEVA,68,SANTANDER,Andina,Bucaramanga,30537,2324090,87,7,Andina,714
27413,LLORO,27,CHOCO,Pacifico,Quibdó,46530,553519,31,4,Pacífico,715
15599,RAMIRIQUI,15,BOYACA,Andina,Tunja,23189,1259601,123,8,Andina,716
15322,GUATEQUE,15,BOYACA,Andina,Tunja,23189,1259601,123,8,Andina,717
25793,TAUSA,25,CUNDINAMARCA,Andina,Bogotá D.C.,23071,2473634,116,1,Andina,718
73678,SAN LUIS,73,TOLIMA,Andina,Ibagué,23562,1346935,47,8,Andina,719
05647,SAN ANDRES,05,ANTIOQUIA,Andina,Medellín,63612,6887306,125,4,Andina,720
47258,EL PINON,47,MAGDALENA,Caribe,Santa Marta,23188,1463427,30,5,Caribe,721
15798,TENZA,15,BOYACA,Andina,Tunja,23189,1259601,123,8,Andina,722
27361,ISTMINA,27,CHOCO,Pacifico,Quibdó,46530,553519,31,4,Pacífico,723
25200,COGUA,25,CUNDINAMARCA,Andina,Bogotá D.C.,23071,2473634,116,1,Andina,724
19050,ARGELIA,19,CAUCA,Pacifico,Popayán,29308,1516018,41,2,Pacífico,725
68167,CHARALA,68,SANTANDER,Andina,Bucaramanga,30537,2324090,87,7,Andina,726
25592,QUEBRADANEGRA,25,CUNDINAMARCA,Andina,Bogotá D.C.,23071,2473634,116,1,Andina,727
91530,PUERTO ALEGRIA (CD.),91,AMAZONAS,Amazonia,Leticia,109665,82068,2,8,Amazonía,728
15491,NOBSA,15,BOYACA,Andina,Tunja,23189,1259601,123,8,Andina,729
17665,SAN JOSE DE FRAGUA,17,CALDAS,Andina,Manizales,7888,1036455,27,6,Andina,730
68020,ALBANIA,68,SANTANDER,Andina,Bucaramanga,30537,2324090,87,7,Andina,731
15022,ALMEIDA,15,BOYACA,Andina,Tunja,23189,1259601,123,8,Andina,732
73268,ESPINAL,73,TOLIMA,Andina,Ibagué,23562,1346935,47,8,Andina,733
17541,PENSILVANIA,17,CALDAS,Andina,Manizales,7888,1036455,27,6,Andina,734
73861,VENADILLO,73,TOLIMA,Andina,Ibagué,23562,1346935,47,8,Andina,735
86001,MOCOA,86,PUTUMAYO,Amazonia,Mocoa,24885,369064,13,8,Amazonía,736
50318,GUAMAL,50,META,Orinoquia,Villavicencio,85635,1080706,29,8,Orinoquía,737
25878,VIOTA,25,CUNDINAMARCA,Andina,Bogotá D.C.,23071,2473634,116,1,Andina,738
68689,SAN VICENTE DE CHUCURI,68,SANTANDER,Andina,Bucaramanga,30537,2324090,87,7,Andina,739
68235,EL CARMEN DE CHUCURI,68,SANTANDER,Andina,Bucaramanga,30537,2324090,87,7,Andina,740
85230,OROCUE,85,CASANARE,Orinoquia,Yopal,44640,442068,19,8,Orinoquía,741
41770,SUAZA,41,HUILA,Andina,Neiva,19890,1140932,37,8,Andina,742
13188,CICUCO,13,BOLIVAR,Caribe,Cartagena,25978,2236603,45,5,Caribe,743
63302,GENOVA,63,QUINDIO,Andina,La Esperanza,1845,569569,12,6,Andina,744
05679,SANTA BARBARA,05,ANTIOQUIA,Andina,Medellín,63612,6887306,125,4,Andina,745
25175,CHIA,25,CUNDINAMARCA,Andina,Bogotá D.C.,23071,2473634,116,1,Andina,746
68500,OIBA,68,SANTANDER,Andina,Bucaramanga,30537,2324090,87,7,Andina,747
25777,SUPATA,25,CUNDINAMARCA,Andina,Bogotá D.C.,23071,2473634,116,1,Andina,748
05790,TARAZA,05,ANTIOQUIA,Andina,Medellín,63612,6887306,125,4,Andina,749
23574,PUERTO ESCONDIDO,23,CORDOBA,Caribe,Montería,25020,1856496,30,4,Caribe,750
15106,BRICENO,15,BOYACA,Andina,Tunja,23189,1259601,123,8,Andina,751
20295,GAMARRA,20,CESAR,Caribe,Valledupar,22905,1341697,25,4,Caribe,752
54553,PUERTO SANTANDER,54,NORTE DE SANTANDER,Orinoquia,Cúcuta,21658,1651278,40,7,Andina,753
15810,TIPACOQUE,15,BOYACA,Andina,Tunja,23189,1259601,123,8,Andina,754
05042,SANTAFE DE ANTIOQUIA,05,ANTIOQUIA,Andina,Medellín,63612,6887306,125,4,Andina,755
54480,MUTISCUA,54,NORTE DE SANTANDER,Orinoquia,Cúcuta,21658,1651278,40,7,Andina,756
86320,ORITO,86,PUTUMAYO,Amazonia,Mocoa,24885,369064,13,8,Amazonía,757
68686,SAN MIGUEL,68,SANTANDER,Andina,Bucaramanga,30537,2324090,87,7,Andina,758
05842,URAMITA,05,ANTIOQUIA,Andina,Medellín,63612,6887306,125,4,Andina,759
54174,CHITAGA,54,NORTE DE SANTANDER,Orinoquia,Cúcuta,21658,1651278,40,7,Andina,760
91460,MIRITI-PARANA (CD.),91,AMAZONAS,Amazonia,Leticia,109665,82068,2,8,Amazonía,761
52317,GUACHUCAL,52,NARINO,Pacifico,Pasto,33268,1629181,64,2,Pacífico,762
25328,GUAYABAL DE SIQUIMA,25,CUNDINAMARCA,Andina,Bogotá D.C.,23071,2473634,116,1,Andina,763
68092,BETULIA,68,SANTANDER,Andina,Bucaramanga,30537,2324090,87,7,Andina,764
25769,SUBACHOQUE,25,CUNDINAMARCA,Andina,Bogotá D.C.,23071,2473634,116,1,Andina,765
50577,PUERTO LLERAS,50,META,Orinoquia,Villavicencio,85635,1080706,29,8,Orinoquía,766
52788,TANGUA,52,NARINO,Pacifico,Pasto,33268,1629181,64,2,Pacífico,767
05250,EL BAGRE,05,ANTIOQUIA,Andina,Medellín,63612,6887306,125,4,Andina,768
05051,ARBOLETES,05,ANTIOQUIA,Andina,Medellín,63612,6887306,125,4,Andina,769
15367,JENESANO,15,BOYACA,Andina,Tunja,23189,1259601,123,8,Andina,770
05240,EBEJICO,05,ANTIOQUIA,Andina,Medellín,63612,6887306,125,4,Andina,771
52687,SAN LORENZO,52,NARINO,Pacifico,Pasto,33268,1629181,64,2,Pacífico,772
52678,SAMANIEGO,52,NARINO,Pacifico,Pasto,33268,1629181,64,2,Pacífico,773
27245,EL CARMEN DE ATRATO,27,CHOCO,Pacifico,Quibdó,46530,553519,31,4,Pacífico,774
15572,PUERTO BOYACA,15,BOYACA,Andina,Tunja,23189,1259601,123,8,Andina,775
25483,NARINO,25,CUNDINAMARCA,Andina,Bogotá D.C.,23071,2473634,116,1,Andina,776
05368,JERICO,05,ANTIOQUIA,Andina,Medellín,63612,6887306,125,4,Andina,777
44001,RIOHACHA,44,LA GUAJIRA,Caribe,Riohacha,20848,1002394,15,5,Caribe,778
05113,BURITICA,05,ANTIOQUIA,Andina,Medellín,63612,6887306,125,4,Andina,779
54377,LABATECA,54,NORTE DE SANTANDER,Orinoquia,Cúcuta,21658,1651278,40,7,Andina,780
73236,DOLORES,73,TOLIMA,Andina,Ibagué,23562,1346935,47,8,Andina,781
41791,TARQUI,41,HUILA,Andina,Neiva,19890,1140932,37,8,Andina,782
05001,MEDELLIN,05,ANTIOQUIA,Andina,Medellín,63612,6887306,125,4,Andina,783
15466,MONGUI,15,BOYACA,Andina,Tunja,23189,1259601,123,8,Andina,784
97511,PACOA (CD.),97,VAUPES,Amazonia,Mitú,54135,48932,3,8,Amazonía,785
15600,RAQUIRA,15,BOYACA,Andina,Tunja,23189,1259601,123,8,Andina,786
13894,ZAMBRANO,13,BOLIVAR,Caribe,Cartagena,25978,2236603,45,5,Caribe,787
05209,CONCORDIA,05,ANTIOQUIA,Andina,Medellín,63612,6887306,125,4,Andina,788
13473,MORALES,13,BOLIVAR,Caribe,Cartagena,25978,2236603,45,5,Caribe,789
88564,PROVIDENCIA,88,SAN ANDRES,Insular,San Andrés,44,65228,2,8,Insular,790
25653,SAN CAYETANO,25,CUNDINAMARCA,Andina,Bogotá D.C.,23071,2473634,116,1,Andina,791
18205,CURILLO,18,CAQUETA,Amazonia,Florencia,88965,419275,16,8,Amazonía,792
19290,FLORENCIA,19,CAUCA,Pacifico,Popayán,29308,1516018,41,2,Pacífico,793
15218,COVARACHIA,15,BOYACA,Andina,Tunja,23189,1259601,123,8,Andina,794
19821,TORIBIO,19,CAUCA,Pacifico,Popayán,29308,1516018,41,2,Pacífico,795
68121,CABRERA,68,SANTANDER,Andina,Bucaramanga,30537,2324090,87,7,Andina,796
15835,TURMEQUE,15,BOYACA,Andina,Tunja,23189,1259601,123,8,Andina,797
15238,DUITAMA,15,BOYACA,Andina,Tunja,23189,1259601,123,8,Andina,798
27025,ALTO BAUDO (PIE DE PATO),27,CHOCO,Pacifico,Quibdó,46530,553519,31,4,Pacífico,799
25377,LA CALERA,25,CUNDINAMARCA,Andina,Bogotá D.C.,23071,2473634,116,1,Andina,800
18479,MORELIA,18,CAQUETA,Amazonia,Florencia,88965,419275,16,8,Amazonía,801
15533,PAYA,15,BOYACA,Andina,Tunja,23189,1259601,123,8,Andina,802
05490,NECOCLI,05,ANTIOQUIA,Andina,Medellín,63612,6887306,125,4,Andina,803
52520,FRANCISCO PIZARRO,52,NARINO,Pacifico,Pasto,33268,1629181,64,2,Pacífico,804
08436,MANATI,08,ATLANTICO,Caribe,Barranquilla,3388,2804025,23,5,Caribe,805
50287,FUENTE DE ORO,50,META,Orinoquia,Villavicencio,85635,1080706,29,8,Orinoquía,806
18753,SAN VICENTE DEL CAGUAN,18,CAQUETA,Amazonia,Florencia,88965,419275,16,8,Amazonía,807
05086,BELMIRA,05,ANTIOQUIA,Andina,Medellín,63612,6887306,125,4,Andina,808
05031,AMALFI,05,ANTIOQUIA,Andina,Medellín,63612,6887306,125,4,Andina,809
25001,AGUA DE DIOS,25,CUNDINAMARCA,Andina,Bogotá D.C.,23071,2473634,116,1,Andina,810
15407,VILLA DE LEIVA,15,BOYACA,Andina,Tunja,23189,1259601,123,8,Andina,811
73168,CHAPARRAL,73,TOLIMA,Andina,Ibagué,23562,1346935,47,8,Andina,812
41615,RIVERA,41,HUILA,Andina,Neiva,19890,1140932,37,8,Andina,813
25258,EL PENON,25,CUNDINAMARCA,Andina,Bogotá D.C.,23071,2473634,116,1,Andina,814
15276,FLORESTA,15,BOYACA,Andina,Tunja,23189,1259601,123,8,Andina,815
08433,MALAMBO,08,ATLANTICO,Caribe,Barranquilla,3388,2804025,23,5,Caribe,816
85410,TAURAMENA,85,CASANARE,Orinoquia,Yopal,44640,442068,19,8,Orinoquía,817
76364,JAMUNDI,76,VALLE DEL CAUCA,Pacifico,Cali,22140,4589278,42,2,Pacífico,818
05376,LA CEJA,05,ANTIOQUIA,Andina,Medellín,63612,6887306,125,4,Andina,819
68522,PALMAR,68,SANTANDER,Andina,Bucaramanga,30537,2324090,87,7,Andina,820
25019,ALBAN,25,CUNDINAMARCA,Andina,Bogotá D.C.,23071,2473634,116,1,Andina,821
68705,SANTA BARBARA,68,SANTANDER,Andina,Bucaramanga,30537,2324090,87,7,Andina,822
54001,CUCUTA,54,NORTE DE SANTANDER,Orinoquia,Cúcuta,21658,1651278,40,7,Andina,823
15804,TIBANA,15,BOYACA,Andina,Tunja,23189,1259601,123,8,Andina,824
47245,EL BANCO,47,MAGDALENA,Caribe,Santa Marta,23188,1463427,30,5,Caribe,825
81300,FORTUL,81,ARAUCA,Orinoquia,Arauca,23818,304978,7,7,Orinoquía,826
73461,MURILLO,73,TOLIMA,Andina,Ibagué,23562,1346935,47,8,Andina,827
17001,MANIZALES,17,CALDAS,Andina,Manizales,7888,1036455,27,6,Andina,828
18247,EL DONCELLO,18,CAQUETA,Amazonia,Florencia,88965,419275,16,8,Amazonía,829
54344,HACARI,54,NORTE DE SANTANDER,Orinoquia,Cúcuta,21658,1651278,40,7,Andina,830
05761,SOPETRAN,05,ANTIOQUIA,Andina,Medellín,63612,6887306,125,4,Andina,831
52215,CORDOBA,52,NARINO,Pacifico,Pasto,33268,1629181,64,2,Pacífico,832
76041,ANSERMANUEVO,76,VALLE DEL CAUCA,Pacifico,Cali,22140,4589278,42,2,Pacífico,833
94663,MAPIRIPANA (CD.),94,GUAINIA,Orinoquia,Inírida,72238,52061,2,8,Amazonía,834
15763,SOTAQUIRA,15,BOYACA,Andina,Tunja,23189,1259601,123,8,Andina,835
05148,EL CARMEN DE VIBORAL,05,ANTIOQUIA,Andina,Medellín,63612,6887306,125,4,Andina,836
15837,TUTA,15,BOYACA,Andina,Tunja,23189,1259601,123,8,Andina,837
68547,PIEDECUESTA,68,SANTANDER,Andina,Bucaramanga,30537,2324090,87,7,Andina,838
68498,OCAMONTE,68,SANTANDER,Andina,Bucaramanga,30537,2324090,87,7,Andina,839
05856,VALPARAISO,05,ANTIOQUIA,Andina,Medellín,63612,6887306,125,4,Andina,840
13647,SAN ESTANISLAO,13,BOLIVAR,Caribe,Cartagena,25978,2236603,45,5,Caribe,841
99001,PUERTO CARRENO,99,VICHADA,Amazonia,Puerto Carreño,100242,115778,4,8,Orinoquía,842
63212,CORDOBA,63,QUINDIO,Andina,La Esperanza,1845,569569,12,6,Andina,843
19693,SAN SEBASTIAN,19,CAUCA,Pacifico,Popayán,29308,1516018,41,2,Pacífico,844
13655,SAN JACINTO DEL CAUCA,13,BOLIVAR,Caribe,Cartagena,25978,2236603,45,5,Caribe,845
52378,LA CRUZ,52,NARINO,Pacifico,Pasto,33268,1629181,64,2,Pacífico,846
23586,PURISIMA,23,CORDOBA,Caribe,Montería,25020,1856496,30,4,Caribe,847
68370,JORDAN,68,SANTANDER,Andina,Bucaramanga,30537,2324090,87,7,Andina,848
23168,CHIMA,23,CORDOBA,Caribe,Montería,25020,1856496,30,4,Caribe,849
15761,SOMONDOCO,15,BOYACA,Andina,Tunja,23189,1259601,123,8,Andina,850
05147,CAREPA,05,ANTIOQUIA,Andina,Medellín,63612,6887306,125,4,Andina,851
47570,PUEBLOVIEJO,47,MAGDALENA,Caribe,Santa Marta,23188,1463427,30,5,Caribe,852
15839,TUTAZA,15,BOYACA,Andina,Tunja,23189,1259601,123,8,Andina,853
25095,BITUIMA,25,CUNDINAMARCA,Andina,Bogotá D.C.,23071,2473634,116,1,Andina,854
25781,SUTATAUSA,25,CUNDINAMARCA,Andina,Bogotá D.C.,23071,2473634,116,1,Andina,855
25407,LENGUAZAQUE,25,CUNDINAMARCA,Andina,Bogotá D.C.,23071,2473634,116,1,Andina,856
52685,SAN BERNARDO,52,NARINO,Pacifico,Pasto,33268,1629181,64,2,Pacífico,857
66440,MARSELLA,66,RISARALDA,Andina,Pereira,4140,977829,14,6,Andina,858
68324,GUAVATA,68,SANTANDER,Andina,Bucaramanga,30537,2324090,87,7,Andina,859
73024,ALPUJARRA,73,TOLIMA,Andina,Ibagué,23562,1346935,47,8,Andina,860
27430,MEDIO BAUDO (BOCA DE PEPE),27,CHOCO,Pacifico,Quibdó,46530,553519,31,4,Pacífico,861
47720,SANTA BARBARA DE PINTO,47,MAGDALENA,Caribe,Santa Marta,23188,1463427,30,5,Caribe,862
27800,UNGUIA,27,CHOCO,Pacifico,Quibdó,46530,553519,31,4,Pacífico,863
54810,TIBU,54,NORTE DE SANTANDER,Orinoquia,Cúcuta,21658,1651278,40,7,Andina,864
17653,SALAMINA,17,CALDAS,Andina,Manizales,7888,1036455,27,6,Andina,865
25745,SIMIJACA,25,CUNDINAMARCA,Andina,Bogotá D.C.,23071,2473634,116,1,Andina,866
05308,GIRARDOTA,05,ANTIOQUIA,Andina,Medellín,63612,6887306,125,4,Andina,867
05138,CANASGORDAS,05,ANTIOQUIA,Andina,Medellín,63612,6887306,125,4,Andina,868
05036,ANGELOPOLIS,05,ANTIOQUIA,Andina,Medellín,63612,6887306,125,4,Andina,869
20621,ROBLES (LA PAZ),20,CESAR,Caribe,Valledupar,22905,1341697,25,4,Caribe,870
05576,PUEBLORRICO,05,ANTIOQUIA,Andina,Medellín,63612,6887306,125,4,Andina,871
76130,CANDELARIA,76,VALLE DEL CAUCA,Pacifico,Cali,22140,4589278,42,2,Pacífico,872
23815,TUCHIN,23,CORDOBA,Caribe,Montería,25020,1856496,30,4,Caribe,873
68524,PALMAS DEL SOCORRO,68,SANTANDER,Andina,Bucaramanga,30537,2324090,87,7,Andina,874
47030,ALGARROBO,47,MAGDALENA,Caribe,Santa Marta,23188,1463427,30,5,Caribe,875
68406,LEBRIJA,68,SANTANDER,Andina,Bucaramanga,30537,2324090,87,7,Andina,876
50245,EL CALVARIO,50,META,Orinoquia,Villavicencio,85635,1080706,29,8,Orinoquía,877
52612,RICAURTE,52,NARINO,Pacifico,Pasto,33268,1629181,64,2,Pacífico,878
15362,IZA,15,BOYACA,Andina,Tunja,23189,1259601,123,8,Andina,879
05353,HISPANIA,05,ANTIOQUIA,Andina,Medellín,63612,6887306,125,4,Andina,880
13744,SIMITI,13,BOLIVAR,Caribe,Cartagena,25978,2236603,45,5,Caribe,881
17867,VICTORIA,17,CALDAS,Andina,Manizales,7888,1036455,27,6,Andina,882
05501,OLAYA,05,ANTIOQUIA,Andina,Medellín,63612,6887306,125,4,Andina,883
15224,CUCAITA,15,BOYACA,Andina,Tunja,23189,1259601,123,8,Andina,884
05101,CIUDAD BOLIVAR,05,ANTIOQUIA,Andina,Medellín,63612,6887306,125,4,Andina,885
73408,LERIDA,73,TOLIMA,Andina,Ibagué,23562,1346935,47,8,Andina,886
08078,BARANOA,08,ATLANTICO,Caribe,Barranquilla,3388,2804025,23,5,Caribe,887
15401,LA VICTORIA,15,BOYACA,Andina,Tunja,23189,1259601,123,8,Andina,888
05282,FREDONIA,05,ANTIOQUIA,Andina,Medellín,63612,6887306,125,4,Andina,889
68679,SAN GIL,68,SANTANDER,Andina,Bucaramanga,30537,2324090,87,7,Andina,890
47058,ARIGUANI,47,MAGDALENA,Caribe,Santa Marta,23188,1463427,30,5,Caribe,891
25754,SOACHA,25,CUNDINAMARCA,Andina,Bogotá D.C.,23071,2473634,116,1,Andina,892
73124,CAJAMARCA,73,TOLIMA,Andina,Ibagué,23562,1346935,47,8,Andina,893
68307,GIRON,68,SANTANDER,Andina,Bucaramanga,30537,2324090,87,7,Andina,894
68397,LA PAZ,68,SANTANDER,Andina,Bucaramanga,30537,2324090,87,7,Andina,895
68502,ONZAGA,68,SANTANDER,Andina,Bucaramanga,30537,2324090,87,7,Andina,896
73624,ROVIRA,73,TOLIMA,Andina,Ibagué,23562,1346935,47,8,Andina,897
47707,SANTA ANA,47,MAGDALENA,Caribe,Santa Marta,23188,1463427,30,5,Caribe,898
73275,FLANDES,73,TOLIMA,Andina,Ibagué,23562,1346935,47,8,Andina,899
15686,SANTANA,15,BOYACA,Andina,Tunja,23189,1259601,123,8,Andina,900
15516,PAIPA,15,BOYACA,Andina,Tunja,23189,1259601,123,8,Andina,901
52621,ROBERTO PAYAN,52,NARINO,Pacifico,Pasto,33268,1629181,64,2,Pacífico,902
25099,BOJACA,25,CUNDINAMARCA,Andina,Bogotá D.C.,23071,2473634,116,1,Andina,903
50325,MAPIRIPAN,50,META,Orinoquia,Villavicencio,85635,1080706,29,8,Orinoquía,904
18860,VALPARAISO,18,CAQUETA,Amazonia,Florencia,88965,419275,16,8,Amazonía,905
85139,MANI,85,CASANARE,Orinoquia,Yopal,44640,442068,19,8,Orinoquía,906
15774,SUSACON,15,BOYACA,Andina,Tunja,23189,1259601,123,8,Andina,907
54239,DURANIA,54,NORTE DE SANTANDER,Orinoquia,Cúcuta,21658,1651278,40,7,Andina,908
15104,BOYACA,15,BOYACA,Andina,Tunja,23189,1259601,123,8,Andina,909
05088,BELLO,05,ANTIOQUIA,Andina,Medellín,63612,6887306,125,4,Andina,910
95001,SAN JOSE DEL GUAVIARE,95,GUAVIARE,Amazonia,San José del Guaviare,53460,90357,4,8,Amazonía,911
13006,ACHI,13,BOLIVAR,Caribe,Cartagena,25978,2236603,45,5,Caribe,912
05055,ARGELIA,05,ANTIOQUIA,Andina,Medellín,63612,6887306,125,4,Andina,913
54172,CHINACOTA,54,NORTE DE SANTANDER,Orinoquia,Cúcuta,21658,1651278,40,7,Andina,914
68533,PARAMO,68,SANTANDER,Andina,Bucaramanga,30537,2324090,87,7,Andina,915
17388,LA MERCED,17,CALDAS,Andina,Manizales,7888,1036455,27,6,Andina,916
73585,PURIFICACION,73,TOLIMA,Andina,Ibagué,23562,1346935,47,8,Andina,917
15215,CORRALES,15,BOYACA,Andina,Tunja,23189,1259601,123,8,Andina,918
25178,CHIPAQUE,25,CUNDINAMARCA,Andina,Bogotá D.C.,23071,2473634,116,1,Andina,919
05642,SALGAR,05,ANTIOQUIA,Andina,Medellín,63612,6887306,125,4,Andina,920
15759,SOGAMOSO,15,BOYACA,Andina,Tunja,23189,1259601,123,8,Andina,921
25438,MEDINA,25,CUNDINAMARCA,Andina,Bogotá D.C.,23071,2473634,116,1,Andina,922
13760,SOPLAVIENTO,13,BOLIVAR,Caribe,Cartagena,25978,2236603,45,5,Caribe,923
73449,MELGAR,73,TOLIMA,Andina,Ibagué,23562,1346935,47,8,Andina,924
54347,HERRAN,54,NORTE DE SANTANDER,Orinoquia,Cúcuta,21658,1651278,40,7,Andina,925
52250,EL CHARCO,52,NARINO,Pacifico,Pasto,33268,1629181,64,2,Pacífico,926
19701,SANTA ROSA,19,CAUCA,Pacifico,Popayán,29308,1516018,41,2,Pacífico,927
19110,BUENOS AIRES,19,CAUCA,Pacifico,Popayán,29308,1516018,41,2,Pacífico,928
68211,CONTRATACION,68,SANTANDER,Andina,Bucaramanga,30537,2324090,87,7,Andina,929
15299,GARAGOA,15,BOYACA,Andina,Tunja,23189,1259601,123,8,Andina,930
15550,PISBA,15,BOYACA,Andina,Tunja,23189,1259601,123,8,Andina,931
73443,MARIQUITA,73,TOLIMA,Andina,Ibagué,23562,1346935,47,8,Andina,932
27006,ACANDI,27,CHOCO,Pacifico,Quibdó,46530,553519,31,4,Pacífico,933
23464,MOMIL,23,CORDOBA,Caribe,Montería,25020,1856496,30,4,Caribe,934
68264,ENCINO,68,SANTANDER,Andina,Bucaramanga,30537,2324090,87,7,Andina,935
41885,YAGUARA,41,HUILA,Andina,Neiva,19890,1140932,37,8,Andina,936
68190,CIMITARRA,68,SANTANDER,Andina,Bucaramanga,30537,2324090,87,7,Andina,937
18785,SOLITA,18,CAQUETA,Amazonia,Florencia,88965,419275,16,8,Amazonía,938
41396,LA PLATA,41,HUILA,Andina,Neiva,19890,1140932,37,8,Andina,939
25053,ARBELAEZ,25,CUNDINAMARCA,Andina,Bogotá D.C.,23071,2473634,116,1,Andina,940
73520,PALOCABILDO,73,TOLIMA,Andina,Ibagué,23562,1346935,47,8,Andina,941
54099,BOCHALEMA,54,NORTE DE SANTANDER,Orinoquia,Cúcuta,21658,1651278,40,7,Andina,942
50606,RESTREPO,50,META,Orinoquia,Villavicencio,85635,1080706,29,8,Orinoquía,943
25572,PUERTO SALGAR,25,CUNDINAMARCA,Andina,Bogotá D.C.,23071,2473634,116,1,Andina,944
8372,JUAN DE ACOSTA,08,ATLANTICO,Caribe,Barranquilla,3388,2804025,23,5,Caribe,945
19100,BOLIVAR,19,CAUCA,Pacifico,Popayán,29308,1516018,41,2,Pacífico,946
70124,CAIMITO,70,SUCRE,Caribe,Sincelejo,10917,972350,26,5,Caribe,947
13580,REGIDOR,13,BOLIVAR,Caribe,Cartagena,25978,2236603,45,5,Caribe,948
27425,MEDIO ATRATO,27,CHOCO,Pacifico,Quibdó,46530,553519,31,4,Pacífico,949
15816,TOGUI,15,BOYACA,Andina,Tunja,23189,1259601,123,8,Andina,950
27135,EL CANTON DE SAN PABLO,27,CHOCO,Pacifico,Quibdó,46530,553519,31,4,Pacífico,951
25817,TOCANCIPA,25,CUNDINAMARCA,Andina,Bogotá D.C.,23071,2473634,116,1,Andina,952
15455,MIRAFLORES,15,BOYACA,Andina,Tunja,23189,1259601,123,8,Andina,953
05425,MACEO,05,ANTIOQUIA,Andina,Medellín,63612,6887306,125,4,Andina,954
23555,PLANETA RICA,23,CORDOBA,Caribe,Montería,25020,1856496,30,4,Caribe,955
52352,ILES,52,NARINO,Pacifico,Pasto,33268,1629181,64,2,Pacífico,956
25394,LA PALMA,25,CUNDINAMARCA,Andina,Bogotá D.C.,23071,2473634,116,1,Andina,957
05266,ENVIGADO,05,ANTIOQUIA,Andina,Medellín,63612,6887306,125,4,Andina,958
19845,VILLA RICA,19,CAUCA,Pacifico,Popayán,29308,1516018,41,2,Pacífico,959
05206,CONCEPCION,05,ANTIOQUIA,Andina,Medellín,63612,6887306,125,4,Andina,960
68079,BARICHARA,68,SANTANDER,Andina,Bucaramanga,30537,2324090,87,7,Andina,961
76869,VIJES,76,VALLE DEL CAUCA,Pacifico,Cali,22140,4589278,42,2,Pacífico,962
70233,EL ROBLE,70,SUCRE,Caribe,Sincelejo,10917,972350,26,5,Caribe,963
05631,SABANETA,05,ANTIOQUIA,Andina,Medellín,63612,6887306,125,4,Andina,964
70215,COROZAL,70,SUCRE,Caribe,Sincelejo,10917,972350,26,5,Caribe,965
15676,SAN MIGUEL DE SEMA,15,BOYACA,Andina,Tunja,23189,1259601,123,8,Andina,966
41551,PITALITO,41,HUILA,Andina,Neiva,19890,1140932,37,8,Andina,967
41660,SALADOBLANCO,41,HUILA,Andina,Neiva,19890,1140932,37,8,Andina,968
68152,CARCASI,68,SANTANDER,Andina,Bucaramanga,30537,2324090,87,7,Andina,969
05364,JARDIN,05,ANTIOQUIA,Andina,Medellín,63612,6887306,125,4,Andina,970
54223,CUCUTILLA,54,NORTE DE SANTANDER,Orinoquia,Cúcuta,21658,1651278,40,7,Andina,971
25281,FOSCA,25,CUNDINAMARCA,Andina,Bogotá D.C.,23071,2473634,116,1,Andina,972
91536,PUERTO ARICA (CD.),91,AMAZONAS,Amazonia,Leticia,109665,82068,2,8,Amazonía,973
86885,VILLAGARZON,86,PUTUMAYO,Amazonia,Mocoa,24885,369064,13,8,Amazonía,974
25307,GIRARDOT,25,CUNDINAMARCA,Andina,Bogotá D.C.,23071,2473634,116,1,Andina,975
05861,VENECIA,05,ANTIOQUIA,Andina,Medellín,63612,6887306,125,4,Andina,976
23419,LOS CORDOBAS,23,CORDOBA,Caribe,Montería,25020,1856496,30,4,Caribe,977
25758,SOPO,25,CUNDINAMARCA,Andina,Bogotá D.C.,23071,2473634,116,1,Andina,978
15790,TASCO,15,BOYACA,Andina,Tunja,23189,1259601,123,8,Andina,979
27250,EL LITORAL DEL SAN JUAN,27,CHOCO,Pacifico,Quibdó,46530,553519,31,4,Pacífico,980
05318,GUARNE,05,ANTIOQUIA,Andina,Medellín,63612,6887306,125,4,Andina,981
52287,FUNES,52,NARINO,Pacifico,Pasto,33268,1629181,64,2,Pacífico,982
68162,CERRITO,68,SANTANDER,Andina,Bucaramanga,30537,2324090,87,7,Andina,983
13433,MAHATES,13,BOLIVAR,Caribe,Cartagena,25978,2236603,45,5,Caribe,984
52079,BARBACOAS,52,NARINO,Pacifico,Pasto,33268,1629181,64,2,Pacífico,985
17614,RIOSUCIO,17,CALDAS,Andina,Manizales,7888,1036455,27,6,Andina,986
25662,SAN JUAN DE RIOSECO,25,CUNDINAMARCA,Andina,Bogotá D.C.,23071,2473634,116,1,Andina,987
25151,CAQUEZA,25,CUNDINAMARCA,Andina,Bogotá D.C.,23071,2473634,116,1,Andina,988
68322,GUAPOTA,68,SANTANDER,Andina,Bucaramanga,30537,2324090,87,7,Andina,989
41244,ELIAS,41,HUILA,Andina,Neiva,19890,1140932,37,8,Andina,990
47318,GUAMAL,47,MAGDALENA,Caribe,Santa Marta,23188,1463427,30,5,Caribe,991
88001,SAN ANDRES,88,SAN ANDRES,Insular,San Andrés,44,65228,2,8,Insular,992
05040,ANORI,05,ANTIOQUIA,Andina,Medellín,63612,6887306,125,4,Andina,993
05873,VIGIA DEL FUERTE,05,ANTIOQUIA,Andina,Medellín,63612,6887306,125,4,Andina,994
20011,AGUACHICA,20,CESAR,Caribe,Valledupar,22905,1341697,25,4,Caribe,995
15690,SANTA MARIA,15,BOYACA,Andina,Tunja,23189,1259601,123,8,Andina,996
25086,BELTRAN,25,CUNDINAMARCA,Andina,Bogotá D.C.,23071,2473634,116,1,Andina,997
27450,MEDIO SAN JUAN,27,CHOCO,Pacifico,Quibdó,46530,553519,31,4,Pacífico,998
25293,GACHALA,25,CUNDINAMARCA,Andina,Bogotá D.C.,23071,2473634,116,1,Andina,999
15092,BETEITIVA,15,BOYACA,Andina,Tunja,23189,1259601,123,8,Andina,1000
20787,TAMALAMEQUE,20,CESAR,Caribe,Valledupar,22905,1341697,25,4,Caribe,1001
52260,EL TAMBO,52,NARINO,Pacifico,Pasto,33268,1629181,64,2,Pacífico,1002
13836,TURBACO,13,BOLIVAR,Caribe,Cartagena,25978,2236603,45,5,Caribe,1003
15814,TOCA,15,BOYACA,Andina,Tunja,23189,1259601,123,8,Andina,1004
15087,BELEN,15,BOYACA,Andina,Tunja,23189,1259601,123,8,Andina,1005
27160,CERTEGUI,27,CHOCO,Pacifico,Quibdó,46530,553519,31,4,Pacífico,1006
13442,MARIA LA BAJA,13,BOLIVAR,Caribe,Cartagena,25978,2236603,45,5,Caribe,1007
66088,BELEN DE UMBRIA,66,RISARALDA,Andina,Pereira,4140,977829,14,6,Andina,1008
05615,RIONEGRO,05,ANTIOQUIA,Andina,Medellín,63612,6887306,125,4,Andina,1009
15514,PAEZ,15,BOYACA,Andina,Tunja,23189,1259601,123,8,Andina,1010
95200,MIRAFLORES,95,GUAVIARE,Amazonia,San José del Guaviare,53460,90357,4,8,Amazonía,1011
20614,RIO DE ORO,20,CESAR,Caribe,Valledupar,22905,1341697,25,4,Caribe,1012
25286,FUNZA,25,CUNDINAMARCA,Andina,Bogotá D.C.,23071,2473634,116,1,Andina,1013
25181,CHOACHI,25,CUNDINAMARCA,Andina,Bogotá D.C.,23071,2473634,116,1,Andina,1014
15425,MACANAL,15,BOYACA,Andina,Tunja,23189,1259601,123,8,Andina,1015
15476,MOTAVITA,15,BOYACA,Andina,Tunja,23189,1259601,123,8,Andina,1016
68013,AGUADA,68,SANTANDER,Andina,Bucaramanga,30537,2324090,87,7,Andina,1017
25320,GUADUAS,25,CUNDINAMARCA,Andina,Bogotá D.C.,23071,2473634,116,1,Andina,1018
27050,ATRATO,27,CHOCO,Pacifico,Quibdó,46530,553519,31,4,Pacífico,1019
19473,MORALES,19,CAUCA,Pacifico,Popayán,29308,1516018,41,2,Pacífico,1020
27660,SAN JOSE DEL PALMAR,27,CHOCO,Pacifico,Quibdó,46530,553519,31,4,Pacífico,1021
25867,VIANI,25,CUNDINAMARCA,Andina,Bogotá D.C.,23071,2473634,116,1,Andina,1022
70418,LOS PALMITOS,70,SUCRE,Caribe,Sincelejo,10917,972350,26,5,Caribe,1023
25580,PULI,25,CUNDINAMARCA,Andina,Bogotá D.C.,23071,2473634,116,1,Andina,1024
47551,PIVIJAY,47,MAGDALENA,Caribe,Santa Marta,23188,1463427,30,5,Caribe,1025
20517,PAILITAS,20,CESAR,Caribe,Valledupar,22905,1341697,25,4,Caribe,1026
20228,CURUMANI,20,CESAR,Caribe,Valledupar,22905,1341697,25,4,Caribe,1027
50110,BARRANCA DE UPIA,50,META,Orinoquia,Villavicencio,85635,1080706,29,8,Orinoquía,1028
52506,OSPINA,52,NARINO,Pacifico,Pasto,33268,1629181,64,2,Pacífico,1029
13657,SAN JUAN NEPOMUCENO,13,BOLIVAR,Caribe,Cartagena,25978,2236603,45,5,Caribe,1030
27810,UNION PANAMERICANA,27,CHOCO,Pacifico,Quibdó,46530,553519,31,4,Pacífico,1031
54660,SALAZAR,54,NORTE DE SANTANDER,Orinoquia,Cúcuta,21658,1651278,40,7,Andina,1032
73675,SAN ANTONIO,73,TOLIMA,Andina,Ibagué,23562,1346935,47,8,Andina,1033
44430,MAICAO,44,LA GUAJIRA,Caribe,Riohacha,20848,1002394,15,5,Caribe,1034
66383,LA CELIA,66,RISARALDA,Andina,Pereira,4140,977829,14,6,Andina,1035
15047,AQUITANIA,15,BOYACA,Andina,Tunja,23189,1259601,123,8,Andina,1036
52203,COLON (GENOVA),52,NARINO,Pacifico,Pasto,33268,1629181,64,2,Pacífico,1037
23068,AYAPEL,23,CORDOBA,Caribe,Montería,25020,1856496,30,4,Caribe,1038
19142,CALOTO,19,CAUCA,Pacifico,Popayán,29308,1516018,41,2,Pacífico,1039
73067,ATACO,73,TOLIMA,Andina,Ibagué,23562,1346935,47,8,Andina,1040
15226,CUITIVA,15,BOYACA,Andina,Tunja,23189,1259601,123,8,Andina,1041
54051,ARBOLEDAS,54,NORTE DE SANTANDER,Orinoquia,Cúcuta,21658,1651278,40,7,Andina,1042
15189,CIENEGA,15,BOYACA,Andina,Tunja,23189,1259601,123,8,Andina,1043
52083,BELEN,52,NARINO,Pacifico,Pasto,33268,1629181,64,2,Pacífico,1044
15162,CERINZA,15,BOYACA,Andina,Tunja,23189,1259601,123,8,Andina,1045
41132,CAMPOALEGRE,41,HUILA,Andina,Neiva,19890,1140932,37,8,Andina,1046
15180,CHISCAS,15,BOYACA,Andina,Tunja,23189,1259601,123,8,Andina,1047
91263,EL ENCANTO (CD.),91,AMAZONAS,Amazonia,Leticia,109665,82068,2,8,Amazonía,1048
76113,BUGALAGRANDE,76,VALLE DEL CAUCA,Pacifico,Cali,22140,4589278,42,2,Pacífico,1049
91001,LETICIA,91,AMAZONAS,Amazonia,Leticia,109665,82068,2,8,Amazonía,1050
25260,EL ROSAL,25,CUNDINAMARCA,Andina,Bogotá D.C.,23071,2473634,116,1,Andina,1051
86568,PUERTO ASIS,86,PUTUMAYO,Amazonia,Mocoa,24885,369064,13,8,Amazonía,1052
19355,INZA,19,CAUCA,Pacifico,Popayán,29308,1516018,41,2,Pacífico,1053
73349,HONDA,73,TOLIMA,Andina,Ibagué,23562,1346935,47,8,Andina,1054
68169,CHARTA,68,SANTANDER,Andina,Bucaramanga,30537,2324090,87,7,Andina,1055
81591,PUERTO RONDON,81,ARAUCA,Orinoquia,Arauca,23818,304978,7,7,Orinoquía,1056
25154,CARMEN DE CARUPA,25,CUNDINAMARCA,Andina,Bogotá D.C.,23071,2473634,116,1,Andina,1057
76126,CALIMA (DARIEN),76,VALLE DEL CAUCA,Pacifico,Cali,22140,4589278,42,2,Pacífico,1058
25805,TIBACUY,25,CUNDINAMARCA,Andina,Bogotá D.C.,23071,2473634,116,1,Andina,1059
15480,MUZO,15,BOYACA,Andina,Tunja,23189,1259601,123,8,Andina,1060
05313,GRANADA,05,ANTIOQUIA,Andina,Medellín,63612,6887306,125,4,Andina,1061
25183,CHOCONTA,25,CUNDINAMARCA,Andina,Bogotá D.C.,23071,2473634,116,1,Andina,1062
27001,QUIBDO,27,CHOCO,Pacifico,Quibdó,46530,553519,31,4,Pacífico,1063
19212,CORINTO,19,CAUCA,Pacifico,Popayán,29308,1516018,41,2,Pacífico,1064
25873,VILLAPINZON,25,CUNDINAMARCA,Andina,Bogotá D.C.,23071,2473634,116,1,Andina,1065
68867,VETAS,68,SANTANDER,Andina,Bucaramanga,30537,2324090,87,7,Andina,1066
66682,SANTA ROSA DE CABAL,66,RISARALDA,Andina,Pereira,4140,977829,14,6,Andina,1067
19573,PUERTO TEJADA,19,CAUCA,Pacifico,Popayán,29308,1516018,41,2,Pacífico,1068
23090,CANALETE,23,CORDOBA,Caribe,Montería,25020,1856496,30,4,Caribe,1069
25740,SIBATE,25,CUNDINAMARCA,Andina,Bogotá D.C.,23071,2473634,116,1,Andina,1070
05154,CAUCASIA,05,ANTIOQUIA,Andina,Medellín,63612,6887306,125,4,Andina,1071
15223,CUBARA,15,BOYACA,Andina,Tunja,23189,1259601,123,8,Andina,1072
05480,MUTATA,05,ANTIOQUIA,Andina,Medellín,63612,6887306,125,4,Andina,1073
52320,GUAITARILLA,52,NARINO,Pacifico,Pasto,33268,1629181,64,2,Pacífico,1074
52381,LA FLORIDA,52,NARINO,Pacifico,Pasto,33268,1629181,64,2,Pacífico,1075
15755,SOCOTA,15,BOYACA,Andina,Tunja,23189,1259601,123,8,Andina,1076
25839,UBALA,25,CUNDINAMARCA,Andina,Bogotá D.C.,23071,2473634,116,1,Andina,1077
13042,ARENAL,13,BOLIVAR,Caribe,Cartagena,25978,2236603,45,5,Caribe,1078
08573,PUERTO COLOMBIA,08,ATLANTICO,Caribe,Barranquilla,3388,2804025,23,5,Caribe,1079
41001,NEIVA,41,HUILA,Andina,Neiva,19890,1140932,37,8,Andina,1080
13673,SANTA CATALINA,13,BOLIVAR,Caribe,Cartagena,25978,2236603,45,5,Caribe,1081
85325,SAN LUIS DE PALENQUE,85,CASANARE,Orinoquia,Yopal,44640,442068,19,8,Orinoquía,1082
25148,CAPARRAPI,25,CUNDINAMARCA,Andina,Bogotá D.C.,23071,2473634,116,1,Andina,1083
68298,GAMBITA,68,SANTANDER,Andina,Bucaramanga,30537,2324090,87,7,Andina,1084
19622,ROSAS,19,CAUCA,Pacifico,Popayán,29308,1516018,41,2,Pacífico,1085
05234,DABEIBA,05,ANTIOQUIA,Andina,Medellín,63612,6887306,125,4,Andina,1086
25799,TENJO,25,CUNDINAMARCA,Andina,Bogotá D.C.,23071,2473634,116,1,Andina,1087
73854,VALLE DE SAN JUAN,73,TOLIMA,Andina,Ibagué,23562,1346935,47,8,Andina,1088
52683,SANDONA,52,NARINO,Pacifico,Pasto,33268,1629181,64,2,Pacífico,1089
25126,CAJICA,25,CUNDINAMARCA,Andina,Bogotá D.C.,23071,2473634,116,1,Andina,1090
76823,TORO,76,VALLE DEL CAUCA,Pacifico,Cali,22140,4589278,42,2,Pacífico,1091
08296,GALAPA,08,ATLANTICO,Caribe,Barranquilla,3388,2804025,23,5,Caribe,1092
50001,VILLAVICENCIO,50,META,Orinoquia,Villavicencio,85635,1080706,29,8,Orinoquía,1093
17486,NEIRA,17,CALDAS,Andina,Manizales,7888,1036455,27,6,Andina,1094
05030,AMAGA,05,ANTIOQUIA,Andina,Medellín,63612,6887306,125,4,Andina,1095
18592,PUERTO RICO,18,CAQUETA,Amazonia,Florencia,88965,419275,16,8,Amazonía,1096
27086,BELEN DE BAJIRA,27,CHOCO,Pacifico,Quibdó,46530,553519,31,4,Pacífico,1097
25335,GUAYABETAL,25,CUNDINAMARCA,Andina,Bogotá D.C.,23071,2473634,116,1,Andina,1098
41807,TIMANA,41,HUILA,Andina,Neiva,19890,1140932,37,8,Andina,1099
05306,GIRALDO,05,ANTIOQUIA,Andina,Medellín,63612,6887306,125,4,Andina,1100
41503,OPORAPA,41,HUILA,Andina,Neiva,19890,1140932,37,8,Andina,1101
76233,DAGUA,76,VALLE DEL CAUCA,Pacifico,Cali,22140,4589278,42,2,Pacífico,1102
68179,CHIPATA,68,SANTANDER,Andina,Bucaramanga,30537,2324090,87,7,Andina,1103
17380,LA DORADA,17,CALDAS,Andina,Manizales,7888,1036455,27,6,Andina,1104
05380,LA ESTRELLA,05,ANTIOQUIA,Andina,Medellín,63612,6887306,125,4,Andina,1105
70523,PALMITO,70,SUCRE,Caribe,Sincelejo,10917,972350,26,5,Caribe,1106
25288,FUQUENE,25,CUNDINAMARCA,Andina,Bogotá D.C.,23071,2473634,116,1,Andina,1107
13600,RIO VIEJO,13,BOLIVAR,Caribe,Cartagena,25978,2236603,45,5,Caribe,1108
68669,SAN ANDRES,68,SANTANDER,Andina,Bucaramanga,30537,2324090,87,7,Andina,1109
52693,SAN PABLO,52,NARINO,Pacifico,Pasto,33268,1629181,64,2,Pacífico,1110
52411,LINARES,52,NARINO,Pacifico,Pasto,33268,1629181,64,2,Pacífico,1111
25518,PAIME,25,CUNDINAMARCA,Andina,Bogotá D.C.,23071,2473634,116,1,Andina,1112
25843,UBATE,25,CUNDINAMARCA,Andina,Bogotá D.C.,23071,2473634,116,1,Andina,1113
52835,TUMACO,52,NARINO,Pacifico,Pasto,33268,1629181,64,2,Pacífico,1114
08638,SABANALARGA,08,ATLANTICO,Caribe,Barranquilla,3388,2804025,23,5,Caribe,1115
05819,TOLEDO,05,ANTIOQUIA,Andina,Medellín,63612,6887306,125,4,Andina,1116
08549,PIOJO,08,ATLANTICO,Caribe,Barranquilla,3388,2804025,23,5,Caribe,1117
05321,GUATAPE,05,ANTIOQUIA,Andina,Medellín,63612,6887306,125,4,Andina,1118
68720,SANTA HELENA DEL OPON,68,SANTANDER,Andina,Bucaramanga,30537,2324090,87,7,Andina,1119
27600,RIO QUITO,27,CHOCO,Pacifico,Quibdó,46530,553519,31,4,Pacífico,1120
17877,VITERBO,17,CALDAS,Andina,Manizales,7888,1036455,27,6,Andina,1121
15808,TINJACA,15,BOYACA,Andina,Tunja,23189,1259601,123,8,Andina,1122
86573,PUERTO LEGUIZAMO,86,PUTUMAYO,Amazonia,Mocoa,24885,369064,13,8,Amazonía,1123
85440,VILLANUEVA,85,CASANARE,Orinoquia,Yopal,44640,442068,19,8,Orinoquía,1124
15469,MONIQUIRA,15,BOYACA,Andina,Tunja,23189,1259601,123,8,Andina,1125
54003,ABREGO,54,NORTE DE SANTANDER,Orinoquia,Cúcuta,21658,1651278,40,7,Andina,1126
97000,VAUPES (TOTAL CD.),97,VAUPES,Amazonia,Mitú,54135,48932,3,8,Amazonía,1127
00000,NO APLICA,00,SIN DEPARTAMENTO,No geolocalizado,,,,,,,1128
50021,ALEJANDRIA,05,ANTIOQUIA,Andina,Medellín,63612,6887306,125,4,Andina,1129
055329,APARTADO,05,ANTIOQUIA,Andina,Medellín,63612,6887306,125,4,Andina,1130
059648,SALGAR,05,ANTIOQUIA,Andina,Medellín,63612,6887306,125,4,Andina,1131
919221,EL ENCANTO,91,AMAZONAS,Amazonia,Leticia,109665,82068,2,8,Amazonía,1132
910739,LA CHORRERA,91,AMAZONAS,Amazonia,Leticia,109665,82068,2,8,Amazonía,1133
915392,LETICIA,91,AMAZONAS,Amazonia,Leticia,109665,82068,2,8,Amazonía,1134
919164,LA PEDRERA,91,AMAZONAS,Amazonia,Leticia,109665,82068,2,8,Amazonía,1135
915818,LA VICTORIA,91,AMAZONAS,Amazonia,Leticia,109665,82068,2,8,Amazonía,1136
918258,MIRITI - PARANA,91,AMAZONAS,Amazonia,Leticia,109665,82068,2,8,Amazonía,1137
914366,PUERTO ALEGRIA,91,AMAZONAS,Amazonia,Leticia,109665,82068,2,8,Amazonía,1138
916117,PUERTO ARICA,91,AMAZONAS,Amazonia,Leticia,109665,82068,2,8,Amazonía,1139
918281,PUERTO NARINO,91,AMAZONAS,Amazonia,Leticia,109665,82068,2,8,Amazonía,1140
053370,AMAGA,05,ANTIOQUIA,Andina,Medellín,63612,6887306,125,4,Andina,1141
919187,PUERTO SANTANDER,91,AMAZONAS,Amazonia,Leticia,109665,82068,2,8,Amazonía,1142
919384,TARAPACA,91,AMAZONAS,Amazonia,Leticia,109665,82068,2,8,Amazonía,1143
056464,ABEJORRAL,05,ANTIOQUIA,Andina,Medellín,63612,6887306,125,4,Andina,1144
051507,ABRIAQUI,05,ANTIOQUIA,Andina,Medellín,63612,6887306,125,4,Andina,1145
057985,ALEJANDRIA,05,ANTIOQUIA,Andina,Medellín,63612,6887306,125,4,Andina,1146
056931,AMALFI,05,ANTIOQUIA,Andina,Medellín,63612,6887306,125,4,Andina,1147
053238,ANDES,05,ANTIOQUIA,Andina,Medellín,63612,6887306,125,4,Andina,1148
084550,BARRANQUILLA,08,ATLANTICO,Caribe,Barranquilla,3388,2804025,23,5,Caribe,1149
051192,ANGELOPOLIS,05,ANTIOQUIA,Andina,Medellín,63612,6887306,125,4,Andina,1150
054314,ANGOSTURA,05,ANTIOQUIA,Andina,Medellín,63612,6887306,125,4,Andina,1151
055389,ANORI,05,ANTIOQUIA,Andina,Medellín,63612,6887306,125,4,Andina,1152
056442,ANZA,05,ANTIOQUIA,Andina,Medellín,63612,6887306,125,4,Andina,1153
055102,ARBOLETES,05,ANTIOQUIA,Andina,Medellín,63612,6887306,125,4,Andina,1154
052954,ARGELIA,05,ANTIOQUIA,Andina,Medellín,63612,6887306,125,4,Andina,1155
055338,ARMENIA,05,ANTIOQUIA,Andina,Medellín,63612,6887306,125,4,Andina,1156
057233,BARBOSA,05,ANTIOQUIA,Andina,Medellín,63612,6887306,125,4,Andina,1157
054226,BELLO,05,ANTIOQUIA,Andina,Medellín,63612,6887306,125,4,Andina,1158
113837,BOGOTA,11,BOGOTA D.C.,Andina,Bogotá D.C.,1139,8906342,1,1,Andina,1159
059534,BELMIRA,05,ANTIOQUIA,Andina,Medellín,63612,6887306,125,4,Andina,1160
051167,BETANIA,05,ANTIOQUIA,Andina,Medellín,63612,6887306,125,4,Andina,1161
056862,BETULIA,05,ANTIOQUIA,Andina,Medellín,63612,6887306,125,4,Andina,1162
056414,BRICENO,05,ANTIOQUIA,Andina,Medellín,63612,6887306,125,4,Andina,1163
053434,BURITICA,05,ANTIOQUIA,Andina,Medellín,63612,6887306,125,4,Andina,1164
059642,CACERES,05,ANTIOQUIA,Andina,Medellín,63612,6887306,125,4,Andina,1165
050062,CAICEDO,05,ANTIOQUIA,Andina,Medellín,63612,6887306,125,4,Andina,1166
058879,CALDAS,05,ANTIOQUIA,Andina,Medellín,63612,6887306,125,4,Andina,1167
051557,CAMPAMENTO,05,ANTIOQUIA,Andina,Medellín,63612,6887306,125,4,Andina,1168
050007,CANASGORDAS,05,ANTIOQUIA,Andina,Medellín,63612,6887306,125,4,Andina,1169
052079,CARACOLI,05,ANTIOQUIA,Andina,Medellín,63612,6887306,125,4,Andina,1170
059023,CAUCASIA,05,ANTIOQUIA,Andina,Medellín,63612,6887306,125,4,Andina,1171
054020,CARAMANTA,05,ANTIOQUIA,Andina,Medellín,63612,6887306,125,4,Andina,1172
050245,CAREPA,05,ANTIOQUIA,Andina,Medellín,63612,6887306,125,4,Andina,1173
059979,CAROLINA,05,ANTIOQUIA,Andina,Medellín,63612,6887306,125,4,Andina,1174
056273,CHIGORODO,05,ANTIOQUIA,Andina,Medellín,63612,6887306,125,4,Andina,1175
058528,CISNEROS,05,ANTIOQUIA,Andina,Medellín,63612,6887306,125,4,Andina,1176
050555,CIUDAD BOLIVAR,05,ANTIOQUIA,Andina,Medellín,63612,6887306,125,4,Andina,1177
051257,COCORNA,05,ANTIOQUIA,Andina,Medellín,63612,6887306,125,4,Andina,1178
050801,CONCEPCION,05,ANTIOQUIA,Andina,Medellín,63612,6887306,125,4,Andina,1179
054351,CONCORDIA,05,ANTIOQUIA,Andina,Medellín,63612,6887306,125,4,Andina,1180
054429,COPACABANA,05,ANTIOQUIA,Andina,Medellín,63612,6887306,125,4,Andina,1181
058970,DABEIBA,05,ANTIOQUIA,Andina,Medellín,63612,6887306,125,4,Andina,1182
059628,ENVIGADO,05,ANTIOQUIA,Andina,Medellín,63612,6887306,125,4,Andina,1183
051633,DON MATIAS,05,ANTIOQUIA,Andina,Medellín,63612,6887306,125,4,Andina,1184
051708,EBEJICO,05,ANTIOQUIA,Andina,Medellín,63612,6887306,125,4,Andina,1185
053352,GIRALDO,05,ANTIOQUIA,Andina,Medellín,63612,6887306,125,4,Andina,1186
056449,EL BAGRE,05,ANTIOQUIA,Andina,Medellín,63612,6887306,125,4,Andina,1187
051230,EL CARMEN DE VIBORAL,05,ANTIOQUIA,Andina,Medellín,63612,6887306,125,4,Andina,1188
054826,GIRARDOTA,05,ANTIOQUIA,Andina,Medellín,63612,6887306,125,4,Andina,1189
051812,EL SANTUARIO,05,ANTIOQUIA,Andina,Medellín,63612,6887306,125,4,Andina,1190
055800,ENTRERRIOS,05,ANTIOQUIA,Andina,Medellín,63612,6887306,125,4,Andina,1191
059092,FREDONIA,05,ANTIOQUIA,Andina,Medellín,63612,6887306,125,4,Andina,1192
053862,FRONTINO,05,ANTIOQUIA,Andina,Medellín,63612,6887306,125,4,Andina,1193
055453,GOMEZ PLATA,05,ANTIOQUIA,Andina,Medellín,63612,6887306,125,4,Andina,1194
053739,GRANADA,05,ANTIOQUIA,Andina,Medellín,63612,6887306,125,4,Andina,1195
051806,GUADALUPE,05,ANTIOQUIA,Andina,Medellín,63612,6887306,125,4,Andina,1196
055037,GUARNE,05,ANTIOQUIA,Andina,Medellín,63612,6887306,125,4,Andina,1197
055441,GUATAPE,05,ANTIOQUIA,Andina,Medellín,63612,6887306,125,4,Andina,1198
057740,HELICONIA,05,ANTIOQUIA,Andina,Medellín,63612,6887306,125,4,Andina,1199
058776,HISPANIA,05,ANTIOQUIA,Andina,Medellín,63612,6887306,125,4,Andina,1200
053768,ITAGUI,05,ANTIOQUIA,Andina,Medellín,63612,6887306,125,4,Andina,1201
056968,ITUANGO,05,ANTIOQUIA,Andina,Medellín,63612,6887306,125,4,Andina,1202
058595,JARDIN,05,ANTIOQUIA,Andina,Medellín,63612,6887306,125,4,Andina,1203
050721,JERICO,05,ANTIOQUIA,Andina,Medellín,63612,6887306,125,4,Andina,1204
050070,LA CEJA,05,ANTIOQUIA,Andina,Medellín,63612,6887306,125,4,Andina,1205
056715,LA ESTRELLA,05,ANTIOQUIA,Andina,Medellín,63612,6887306,125,4,Andina,1206
052977,LA PINTADA,05,ANTIOQUIA,Andina,Medellín,63612,6887306,125,4,Andina,1207
052350,LA UNION,05,ANTIOQUIA,Andina,Medellín,63612,6887306,125,4,Andina,1208
054120,LIBORINA,05,ANTIOQUIA,Andina,Medellín,63612,6887306,125,4,Andina,1209
055234,MACEO,05,ANTIOQUIA,Andina,Medellín,63612,6887306,125,4,Andina,1210
054966,MARINILLA,05,ANTIOQUIA,Andina,Medellín,63612,6887306,125,4,Andina,1211
052417,MEDELLIN,05,ANTIOQUIA,Andina,Medellín,63612,6887306,125,4,Andina,1212
136452,MOMPOS,13,BOLIVAR,Caribe,Cartagena,25978,2236603,45,5,Caribe,1213
766100,CALI,76,VALLE DEL CAUCA,Pacifico,Cali,22140,4589278,42,2,Pacífico,1214
056749,MONTEBELLO,05,ANTIOQUIA,Andina,Medellín,63612,6887306,125,4,Andina,1215
054794,MURINDO,05,ANTIOQUIA,Andina,Medellín,63612,6887306,125,4,Andina,1216
051075,MUTATA,05,ANTIOQUIA,Andina,Medellín,63612,6887306,125,4,Andina,1217
054994,NARINO,05,ANTIOQUIA,Andina,Medellín,63612,6887306,125,4,Andina,1218
054267,NECHI,05,ANTIOQUIA,Andina,Medellín,63612,6887306,125,4,Andina,1219
054130,NECOCLI,05,ANTIOQUIA,Andina,Medellín,63612,6887306,125,4,Andina,1220
057424,OLAYA,05,ANTIOQUIA,Andina,Medellín,63612,6887306,125,4,Andina,1221
053785,PENOL,05,ANTIOQUIA,Andina,Medellín,63612,6887306,125,4,Andina,1222
050251,PEQUE,05,ANTIOQUIA,Andina,Medellín,63612,6887306,125,4,Andina,1223
056153,PUEBLORRICO,05,ANTIOQUIA,Andina,Medellín,63612,6887306,125,4,Andina,1224
057624,PUERTO BERRIO,05,ANTIOQUIA,Andina,Medellín,63612,6887306,125,4,Andina,1225
057152,RIONEGRO,05,ANTIOQUIA,Andina,Medellín,63612,6887306,125,4,Andina,1226
058727,PUERTO NARE,05,ANTIOQUIA,Andina,Medellín,63612,6887306,125,4,Andina,1227
053821,PUERTO TRIUNFO,05,ANTIOQUIA,Andina,Medellín,63612,6887306,125,4,Andina,1228
050287,REMEDIOS,05,ANTIOQUIA,Andina,Medellín,63612,6887306,125,4,Andina,1229
051774,RETIRO,05,ANTIOQUIA,Andina,Medellín,63612,6887306,125,4,Andina,1230
059808,SABANALARGA,05,ANTIOQUIA,Andina,Medellín,63612,6887306,125,4,Andina,1231
056008,SABANETA,05,ANTIOQUIA,Andina,Medellín,63612,6887306,125,4,Andina,1232
058884,SAN ANDRES,05,ANTIOQUIA,Andina,Medellín,63612,6887306,125,4,Andina,1233
057621,SAN FRANCISCO,05,ANTIOQUIA,Andina,Medellín,63612,6887306,125,4,Andina,1234
051108,SAN JERONIMO,05,ANTIOQUIA,Andina,Medellín,63612,6887306,125,4,Andina,1235
052011,SAN JOSE DE LA MONTANA,05,ANTIOQUIA,Andina,Medellín,63612,6887306,125,4,Andina,1236
058171,SAN JUAN DE URABA,05,ANTIOQUIA,Andina,Medellín,63612,6887306,125,4,Andina,1237
059972,SAN LUIS,05,ANTIOQUIA,Andina,Medellín,63612,6887306,125,4,Andina,1238
058137,SAN PEDRO,05,ANTIOQUIA,Andina,Medellín,63612,6887306,125,4,Andina,1239
059105,SAN PEDRO DE URABA,05,ANTIOQUIA,Andina,Medellín,63612,6887306,125,4,Andina,1240
058804,SAN RAFAEL,05,ANTIOQUIA,Andina,Medellín,63612,6887306,125,4,Andina,1241
053092,SAN ROQUE,05,ANTIOQUIA,Andina,Medellín,63612,6887306,125,4,Andina,1242
054482,SAN VICENTE,05,ANTIOQUIA,Andina,Medellín,63612,6887306,125,4,Andina,1243
050711,SANTA BARBARA,05,ANTIOQUIA,Andina,Medellín,63612,6887306,125,4,Andina,1244
053541,SANTA ROSA DE OSOS,05,ANTIOQUIA,Andina,Medellín,63612,6887306,125,4,Andina,1245
058175,SANTO DOMINGO,05,ANTIOQUIA,Andina,Medellín,63612,6887306,125,4,Andina,1246
052619,SANTAFE DE ANTIOQUIA,05,ANTIOQUIA,Andina,Medellín,63612,6887306,125,4,Andina,1247
056545,SEGOVIA,05,ANTIOQUIA,Andina,Medellín,63612,6887306,125,4,Andina,1248
055858,SONSON,05,ANTIOQUIA,Andina,Medellín,63612,6887306,125,4,Andina,1249
050887,SOPETRAN,05,ANTIOQUIA,Andina,Medellín,63612,6887306,125,4,Andina,1250
056912,TAMESIS,05,ANTIOQUIA,Andina,Medellín,63612,6887306,125,4,Andina,1251
056549,TARAZA,05,ANTIOQUIA,Andina,Medellín,63612,6887306,125,4,Andina,1252
053895,TARSO,05,ANTIOQUIA,Andina,Medellín,63612,6887306,125,4,Andina,1253
056075,TITIRIBI,05,ANTIOQUIA,Andina,Medellín,63612,6887306,125,4,Andina,1254
059605,TOLEDO,05,ANTIOQUIA,Andina,Medellín,63612,6887306,125,4,Andina,1255
051297,TURBO,05,ANTIOQUIA,Andina,Medellín,63612,6887306,125,4,Andina,1256
051459,URAMITA,05,ANTIOQUIA,Andina,Medellín,63612,6887306,125,4,Andina,1257
056709,URRAO,05,ANTIOQUIA,Andina,Medellín,63612,6887306,125,4,Andina,1258
052833,VALDIVIA,05,ANTIOQUIA,Andina,Medellín,63612,6887306,125,4,Andina,1259
052097,VALPARAISO,05,ANTIOQUIA,Andina,Medellín,63612,6887306,125,4,Andina,1260
056699,VEGACHI,05,ANTIOQUIA,Andina,Medellín,63612,6887306,125,4,Andina,1261
053711,VENECIA,05,ANTIOQUIA,Andina,Medellín,63612,6887306,125,4,Andina,1262
058198,VIGIA DEL FUERTE,05,ANTIOQUIA,Andina,Medellín,63612,6887306,125,4,Andina,1263
056181,YARUMAL,05,ANTIOQUIA,Andina,Medellín,63612,6887306,125,4,Andina,1264
056104,YALI,05,ANTIOQUIA,Andina,Medellín,63612,6887306,125,4,Andina,1265
055699,YOLOMBO,05,ANTIOQUIA,Andina,Medellín,63612,6887306,125,4,Andina,1266
056612,YONDO,05,ANTIOQUIA,Andina,Medellín,63612,6887306,125,4,Andina,1267
057390,ZARAGOZA,05,ANTIOQUIA,Andina,Medellín,63612,6887306,125,4,Andina,1268
811054,ARAUCA,81,ARAUCA,Orinoquia,Arauca,23818,304978,7,7,Orinoquía,1269
814659,ARAUQUITA,81,ARAUCA,Orinoquia,Arauca,23818,304978,7,7,Orinoquía,1270
819585,CRAVO NORTE,81,ARAUCA,Orinoquia,Arauca,23818,304978,7,7,Orinoquía,1271
811407,FORTUL,81,ARAUCA,Orinoquia,Arauca,23818,304978,7,7,Orinoquía,1272
810706,SARAVENA,81,ARAUCA,Orinoquia,Arauca,23818,304978,7,7,Orinoquía,1273
813097,PUERTO RONDON,81,ARAUCA,Orinoquia,Arauca,23818,304978,7,7,Orinoquía,1274
817308,TAME,81,ARAUCA,Orinoquia,Arauca,23818,304978,7,7,Orinoquía,1275
082240,BARANOA,08,ATLANTICO,Caribe,Barranquilla,3388,2804025,23,5,Caribe,1276
082002,CAMPO DE LA CRUZ,08,ATLANTICO,Caribe,Barranquilla,3388,2804025,23,5,Caribe,1277
084911,CANDELARIA,08,ATLANTICO,Caribe,Barranquilla,3388,2804025,23,5,Caribe,1278
083113,GALAPA,08,ATLANTICO,Caribe,Barranquilla,3388,2804025,23,5,Caribe,1279
080440,JUAN DE ACOSTA,08,ATLANTICO,Caribe,Barranquilla,3388,2804025,23,5,Caribe,1280
082113,LURUACO,08,ATLANTICO,Caribe,Barranquilla,3388,2804025,23,5,Caribe,1281
080670,MALAMBO,08,ATLANTICO,Caribe,Barranquilla,3388,2804025,23,5,Caribe,1282
082511,MANATI,08,ATLANTICO,Caribe,Barranquilla,3388,2804025,23,5,Caribe,1283
085938,PALMAR DE VARELA,08,ATLANTICO,Caribe,Barranquilla,3388,2804025,23,5,Caribe,1284
082604,PIOJO,08,ATLANTICO,Caribe,Barranquilla,3388,2804025,23,5,Caribe,1285
089808,SABANALARGA,08,ATLANTICO,Caribe,Barranquilla,3388,2804025,23,5,Caribe,1286
081012,POLONUEVO,08,ATLANTICO,Caribe,Barranquilla,3388,2804025,23,5,Caribe,1287
082232,PONEDERA,08,ATLANTICO,Caribe,Barranquilla,3388,2804025,23,5,Caribe,1288
089814,PUERTO COLOMBIA,08,ATLANTICO,Caribe,Barranquilla,3388,2804025,23,5,Caribe,1289
083521,REPELON,08,ATLANTICO,Caribe,Barranquilla,3388,2804025,23,5,Caribe,1290
088581,SABANAGRANDE,08,ATLANTICO,Caribe,Barranquilla,3388,2804025,23,5,Caribe,1291
089840,SANTA LUCIA,08,ATLANTICO,Caribe,Barranquilla,3388,2804025,23,5,Caribe,1292
083925,SANTO TOMAS,08,ATLANTICO,Caribe,Barranquilla,3388,2804025,23,5,Caribe,1293
081157,SOLEDAD,08,ATLANTICO,Caribe,Barranquilla,3388,2804025,23,5,Caribe,1294
084690,SUAN,08,ATLANTICO,Caribe,Barranquilla,3388,2804025,23,5,Caribe,1295
084807,TUBARA,08,ATLANTICO,Caribe,Barranquilla,3388,2804025,23,5,Caribe,1296
086545,USIACURI,08,ATLANTICO,Caribe,Barranquilla,3388,2804025,23,5,Caribe,1297
205542,LA JAGUA DE IBIRICO,20,CESAR,Caribe,Valledupar,22905,1341697,25,4,Caribe,1298
206414,PELAYA,20,CESAR,Caribe,Valledupar,22905,1341697,25,4,Caribe,1299
235141,MONTERIA,23,CORDOBA,Caribe,Montería,25020,1856496,30,4,Caribe,1300
526143,PASTO,52,NARINO,Pacifico,Pasto,33268,1629181,64,2,Pacífico,1301
524344,TUMACO,52,NARINO,Pacifico,Pasto,33268,1629181,64,2,Pacífico,1302
635338,ARMENIA,63,QUINDIO,Andina,La Esperanza,1845,569569,12,6,Andina,1303
660058,PEREIRA,66,RISARALDA,Andina,Pereira,4140,977829,14,6,Andina,1304
682769,BARRANCABERMEJA,68,SANTANDER,Andina,Bucaramanga,30537,2324090,87,7,Andina,1305
136855,ACHI,13,BOLIVAR,Caribe,Cartagena,25978,2236603,45,5,Caribe,1306
130072,ALTOS DEL ROSARIO,13,BOLIVAR,Caribe,Cartagena,25978,2236603,45,5,Caribe,1307
688409,BUCARAMANGA,68,SANTANDER,Andina,Bucaramanga,30537,2324090,87,7,Andina,1308
132351,ARENAL,13,BOLIVAR,Caribe,Cartagena,25978,2236603,45,5,Caribe,1309
130347,ARJONA,13,BOLIVAR,Caribe,Cartagena,25978,2236603,45,5,Caribe,1310
131827,ARROYOHONDO,13,BOLIVAR,Caribe,Cartagena,25978,2236603,45,5,Caribe,1311
138600,BARRANCO DE LOBA,13,BOLIVAR,Caribe,Cartagena,25978,2236603,45,5,Caribe,1312
139467,CALAMAR,13,BOLIVAR,Caribe,Cartagena,25978,2236603,45,5,Caribe,1313
133225,CANTAGALLO,13,BOLIVAR,Caribe,Cartagena,25978,2236603,45,5,Caribe,1314
135596,CICUCO,13,BOLIVAR,Caribe,Cartagena,25978,2236603,45,5,Caribe,1315
133861,CLEMENCIA,13,BOLIVAR,Caribe,Cartagena,25978,2236603,45,5,Caribe,1316
136686,CORDOBA,13,BOLIVAR,Caribe,Cartagena,25978,2236603,45,5,Caribe,1317
138831,EL CARMEN DE BOLIVAR,13,BOLIVAR,Caribe,Cartagena,25978,2236603,45,5,Caribe,1318
134071,MAHATES,13,BOLIVAR,Caribe,Cartagena,25978,2236603,45,5,Caribe,1319
137843,EL GUAMO,13,BOLIVAR,Caribe,Cartagena,25978,2236603,45,5,Caribe,1320
137309,EL PENON,13,BOLIVAR,Caribe,Cartagena,25978,2236603,45,5,Caribe,1321
132808,HATILLO DE LOBA,13,BOLIVAR,Caribe,Cartagena,25978,2236603,45,5,Caribe,1322
130645,MAGANGUE,13,BOLIVAR,Caribe,Cartagena,25978,2236603,45,5,Caribe,1323
131330,REGIDOR,13,BOLIVAR,Caribe,Cartagena,25978,2236603,45,5,Caribe,1324
134812,MARGARITA,13,BOLIVAR,Caribe,Cartagena,25978,2236603,45,5,Caribe,1325
130996,MARIA LA BAJA,13,BOLIVAR,Caribe,Cartagena,25978,2236603,45,5,Caribe,1326
131703,MONTECRISTO,13,BOLIVAR,Caribe,Cartagena,25978,2236603,45,5,Caribe,1327
135708,MORALES,13,BOLIVAR,Caribe,Cartagena,25978,2236603,45,5,Caribe,1328
139025,NOROSI,13,BOLIVAR,Caribe,Cartagena,25978,2236603,45,5,Caribe,1329
130752,PINILLOS,13,BOLIVAR,Caribe,Cartagena,25978,2236603,45,5,Caribe,1330
132794,RIO VIEJO,13,BOLIVAR,Caribe,Cartagena,25978,2236603,45,5,Caribe,1331
136787,SAN CRISTOBAL,13,BOLIVAR,Caribe,Cartagena,25978,2236603,45,5,Caribe,1332
135185,SAN ESTANISLAO,13,BOLIVAR,Caribe,Cartagena,25978,2236603,45,5,Caribe,1333
135549,SAN FERNANDO,13,BOLIVAR,Caribe,Cartagena,25978,2236603,45,5,Caribe,1334
137080,SAN JACINTO,13,BOLIVAR,Caribe,Cartagena,25978,2236603,45,5,Caribe,1335
136003,SAN JACINTO DEL CAUCA,13,BOLIVAR,Caribe,Cartagena,25978,2236603,45,5,Caribe,1336
131835,SAN JUAN NEPOMUCENO,13,BOLIVAR,Caribe,Cartagena,25978,2236603,45,5,Caribe,1337
134552,SAN MARTIN DE LOBA,13,BOLIVAR,Caribe,Cartagena,25978,2236603,45,5,Caribe,1338
132816,SAN PABLO,13,BOLIVAR,Caribe,Cartagena,25978,2236603,45,5,Caribe,1339
134191,SANTA CATALINA,13,BOLIVAR,Caribe,Cartagena,25978,2236603,45,5,Caribe,1340
132608,SANTA ROSA,13,BOLIVAR,Caribe,Cartagena,25978,2236603,45,5,Caribe,1341
133395,SANTA ROSA DEL SUR,13,BOLIVAR,Caribe,Cartagena,25978,2236603,45,5,Caribe,1342
130322,SIMITI,13,BOLIVAR,Caribe,Cartagena,25978,2236603,45,5,Caribe,1343
137497,SOPLAVIENTO,13,BOLIVAR,Caribe,Cartagena,25978,2236603,45,5,Caribe,1344
130715,TALAIGUA NUEVO,13,BOLIVAR,Caribe,Cartagena,25978,2236603,45,5,Caribe,1345
131291,TIQUISIO,13,BOLIVAR,Caribe,Cartagena,25978,2236603,45,5,Caribe,1346
131594,TURBACO,13,BOLIVAR,Caribe,Cartagena,25978,2236603,45,5,Caribe,1347
133534,TURBANA,13,BOLIVAR,Caribe,Cartagena,25978,2236603,45,5,Caribe,1348
130843,VILLANUEVA,13,BOLIVAR,Caribe,Cartagena,25978,2236603,45,5,Caribe,1349
135644,ZAMBRANO,13,BOLIVAR,Caribe,Cartagena,25978,2236603,45,5,Caribe,1350
155553,ALMEIDA,15,BOYACA,Andina,Tunja,23189,1259601,123,8,Andina,1351
150712,AQUITANIA,15,BOYACA,Andina,Tunja,23189,1259601,123,8,Andina,1352
154940,ARCABUCO,15,BOYACA,Andina,Tunja,23189,1259601,123,8,Andina,1353
156203,BELEN,15,BOYACA,Andina,Tunja,23189,1259601,123,8,Andina,1354
157903,BERBEO,15,BOYACA,Andina,Tunja,23189,1259601,123,8,Andina,1355
159845,BETEITIVA,15,BOYACA,Andina,Tunja,23189,1259601,123,8,Andina,1356
157167,BOAVITA,15,BOYACA,Andina,Tunja,23189,1259601,123,8,Andina,1357
151459,BOYACA,15,BOYACA,Andina,Tunja,23189,1259601,123,8,Andina,1358
156414,BRICENO,15,BOYACA,Andina,Tunja,23189,1259601,123,8,Andina,1359
158313,BUENAVISTA,15,BOYACA,Andina,Tunja,23189,1259601,123,8,Andina,1360
153308,BUSBANZA,15,BOYACA,Andina,Tunja,23189,1259601,123,8,Andina,1361
158879,CALDAS,15,BOYACA,Andina,Tunja,23189,1259601,123,8,Andina,1362
159355,CAMPOHERMOSO,15,BOYACA,Andina,Tunja,23189,1259601,123,8,Andina,1363
153184,CERINZA,15,BOYACA,Andina,Tunja,23189,1259601,123,8,Andina,1364
156305,CHINAVITA,15,BOYACA,Andina,Tunja,23189,1259601,123,8,Andina,1365
158719,CHIQUINQUIRA,15,BOYACA,Andina,Tunja,23189,1259601,123,8,Andina,1366
159065,CHIQUIZA,15,BOYACA,Andina,Tunja,23189,1259601,123,8,Andina,1367
158547,CHISCAS,15,BOYACA,Andina,Tunja,23189,1259601,123,8,Andina,1368
154428,CHITA,15,BOYACA,Andina,Tunja,23189,1259601,123,8,Andina,1369
154350,CHITARAQUE,15,BOYACA,Andina,Tunja,23189,1259601,123,8,Andina,1370
153266,CHIVATA,15,BOYACA,Andina,Tunja,23189,1259601,123,8,Andina,1371
151268,CHIVOR,15,BOYACA,Andina,Tunja,23189,1259601,123,8,Andina,1372
155480,CIENEGA,15,BOYACA,Andina,Tunja,23189,1259601,123,8,Andina,1373
157189,COMBITA,15,BOYACA,Andina,Tunja,23189,1259601,123,8,Andina,1374
158729,COPER,15,BOYACA,Andina,Tunja,23189,1259601,123,8,Andina,1375
159555,CORRALES,15,BOYACA,Andina,Tunja,23189,1259601,123,8,Andina,1376
154751,COVARACHIA,15,BOYACA,Andina,Tunja,23189,1259601,123,8,Andina,1377
150495,CUBARA,15,BOYACA,Andina,Tunja,23189,1259601,123,8,Andina,1378
151895,CUCAITA,15,BOYACA,Andina,Tunja,23189,1259601,123,8,Andina,1379
158369,CUITIVA,15,BOYACA,Andina,Tunja,23189,1259601,123,8,Andina,1380
152316,DUITAMA,15,BOYACA,Andina,Tunja,23189,1259601,123,8,Andina,1381
154615,EL COCUY,15,BOYACA,Andina,Tunja,23189,1259601,123,8,Andina,1382
150587,EL ESPINO,15,BOYACA,Andina,Tunja,23189,1259601,123,8,Andina,1383
151872,FIRAVITOBA,15,BOYACA,Andina,Tunja,23189,1259601,123,8,Andina,1384
150564,FLORESTA,15,BOYACA,Andina,Tunja,23189,1259601,123,8,Andina,1385
158950,GACHANTIVA,15,BOYACA,Andina,Tunja,23189,1259601,123,8,Andina,1386
151911,GAMEZA,15,BOYACA,Andina,Tunja,23189,1259601,123,8,Andina,1387
154832,GARAGOA,15,BOYACA,Andina,Tunja,23189,1259601,123,8,Andina,1388
153081,GUACAMAYAS,15,BOYACA,Andina,Tunja,23189,1259601,123,8,Andina,1389
154181,GUATEQUE,15,BOYACA,Andina,Tunja,23189,1259601,123,8,Andina,1390
155047,GUAYATA,15,BOYACA,Andina,Tunja,23189,1259601,123,8,Andina,1391
150336,GUICAN,15,BOYACA,Andina,Tunja,23189,1259601,123,8,Andina,1392
158250,IZA,15,BOYACA,Andina,Tunja,23189,1259601,123,8,Andina,1393
150284,JENESANO,15,BOYACA,Andina,Tunja,23189,1259601,123,8,Andina,1394
150721,JERICO,15,BOYACA,Andina,Tunja,23189,1259601,123,8,Andina,1395
150890,LA CAPILLA,15,BOYACA,Andina,Tunja,23189,1259601,123,8,Andina,1396
155304,LA UVITA,15,BOYACA,Andina,Tunja,23189,1259601,123,8,Andina,1397
155818,LA VICTORIA,15,BOYACA,Andina,Tunja,23189,1259601,123,8,Andina,1398
152214,LABRANZAGRANDE,15,BOYACA,Andina,Tunja,23189,1259601,123,8,Andina,1399
155101,MACANAL,15,BOYACA,Andina,Tunja,23189,1259601,123,8,Andina,1400
153027,MARIPI,15,BOYACA,Andina,Tunja,23189,1259601,123,8,Andina,1401
158301,MIRAFLORES,15,BOYACA,Andina,Tunja,23189,1259601,123,8,Andina,1402
153765,MONGUA,15,BOYACA,Andina,Tunja,23189,1259601,123,8,Andina,1403
150363,MONGUI,15,BOYACA,Andina,Tunja,23189,1259601,123,8,Andina,1404
151874,MONIQUIRA,15,BOYACA,Andina,Tunja,23189,1259601,123,8,Andina,1405
158750,MOTAVITA,15,BOYACA,Andina,Tunja,23189,1259601,123,8,Andina,1406
156598,MUZO,15,BOYACA,Andina,Tunja,23189,1259601,123,8,Andina,1407
157973,NOBSA,15,BOYACA,Andina,Tunja,23189,1259601,123,8,Andina,1408
157751,NUEVO COLON,15,BOYACA,Andina,Tunja,23189,1259601,123,8,Andina,1409
150724,OICATA,15,BOYACA,Andina,Tunja,23189,1259601,123,8,Andina,1410
155203,OTANCHE,15,BOYACA,Andina,Tunja,23189,1259601,123,8,Andina,1411
155371,PAIPA,15,BOYACA,Andina,Tunja,23189,1259601,123,8,Andina,1412
154501,PACHAVITA,15,BOYACA,Andina,Tunja,23189,1259601,123,8,Andina,1413
156001,PAEZ,15,BOYACA,Andina,Tunja,23189,1259601,123,8,Andina,1414
159935,PAJARITO,15,BOYACA,Andina,Tunja,23189,1259601,123,8,Andina,1415
150270,PANQUEBA,15,BOYACA,Andina,Tunja,23189,1259601,123,8,Andina,1416
151605,PUERTO BOYACA,15,BOYACA,Andina,Tunja,23189,1259601,123,8,Andina,1417
153154,PAUNA,15,BOYACA,Andina,Tunja,23189,1259601,123,8,Andina,1418
158261,PAYA,15,BOYACA,Andina,Tunja,23189,1259601,123,8,Andina,1419
157001,PAZ DE RIO,15,BOYACA,Andina,Tunja,23189,1259601,123,8,Andina,1420
153703,PESCA,15,BOYACA,Andina,Tunja,23189,1259601,123,8,Andina,1421
154539,PISBA,15,BOYACA,Andina,Tunja,23189,1259601,123,8,Andina,1422
153934,QUIPAMA,15,BOYACA,Andina,Tunja,23189,1259601,123,8,Andina,1423
151748,RAMIRIQUI,15,BOYACA,Andina,Tunja,23189,1259601,123,8,Andina,1424
158443,RAQUIRA,15,BOYACA,Andina,Tunja,23189,1259601,123,8,Andina,1425
156006,RONDON,15,BOYACA,Andina,Tunja,23189,1259601,123,8,Andina,1426
151688,SABOYA,15,BOYACA,Andina,Tunja,23189,1259601,123,8,Andina,1427
150330,SACHICA,15,BOYACA,Andina,Tunja,23189,1259601,123,8,Andina,1428
156073,SAMACA,15,BOYACA,Andina,Tunja,23189,1259601,123,8,Andina,1429
150639,SAN EDUARDO,15,BOYACA,Andina,Tunja,23189,1259601,123,8,Andina,1430
153245,SAN JOSE DE PARE,15,BOYACA,Andina,Tunja,23189,1259601,123,8,Andina,1431
157249,SAN LUIS DE GACENO,15,BOYACA,Andina,Tunja,23189,1259601,123,8,Andina,1432
154711,SAN MATEO,15,BOYACA,Andina,Tunja,23189,1259601,123,8,Andina,1433
154343,SAN MIGUEL DE SEMA,15,BOYACA,Andina,Tunja,23189,1259601,123,8,Andina,1434
158531,SAN PABLO DE BORBUR,15,BOYACA,Andina,Tunja,23189,1259601,123,8,Andina,1435
152410,SANTA MARIA,15,BOYACA,Andina,Tunja,23189,1259601,123,8,Andina,1436
155165,SANTA ROSA DE VITERBO,15,BOYACA,Andina,Tunja,23189,1259601,123,8,Andina,1437
159621,SANTA SOFIA,15,BOYACA,Andina,Tunja,23189,1259601,123,8,Andina,1438
150129,SANTANA,15,BOYACA,Andina,Tunja,23189,1259601,123,8,Andina,1439
154613,SATIVANORTE,15,BOYACA,Andina,Tunja,23189,1259601,123,8,Andina,1440
153847,SATIVASUR,15,BOYACA,Andina,Tunja,23189,1259601,123,8,Andina,1441
156717,SIACHOQUE,15,BOYACA,Andina,Tunja,23189,1259601,123,8,Andina,1442
152207,SOATA,15,BOYACA,Andina,Tunja,23189,1259601,123,8,Andina,1443
150789,SOCHA,15,BOYACA,Andina,Tunja,23189,1259601,123,8,Andina,1444
155711,SOCOTA,15,BOYACA,Andina,Tunja,23189,1259601,123,8,Andina,1445
730613,ESPINAL,73,TOLIMA,Andina,Ibagué,23562,1346935,47,8,Andina,1446
157519,SOGAMOSO,15,BOYACA,Andina,Tunja,23189,1259601,123,8,Andina,1447
150375,SOMONDOCO,15,BOYACA,Andina,Tunja,23189,1259601,123,8,Andina,1448
157269,SORA,15,BOYACA,Andina,Tunja,23189,1259601,123,8,Andina,1449
151403,SORACA,15,BOYACA,Andina,Tunja,23189,1259601,123,8,Andina,1450
155418,SOTAQUIRA,15,BOYACA,Andina,Tunja,23189,1259601,123,8,Andina,1451
157569,SUSACON,15,BOYACA,Andina,Tunja,23189,1259601,123,8,Andina,1452
156303,SUTAMARCHAN,15,BOYACA,Andina,Tunja,23189,1259601,123,8,Andina,1453
155090,SUTATENZA,15,BOYACA,Andina,Tunja,23189,1259601,123,8,Andina,1454
151249,TASCO,15,BOYACA,Andina,Tunja,23189,1259601,123,8,Andina,1455
157356,TENZA,15,BOYACA,Andina,Tunja,23189,1259601,123,8,Andina,1456
152688,TIBANA,15,BOYACA,Andina,Tunja,23189,1259601,123,8,Andina,1457
150871,TIBASOSA,15,BOYACA,Andina,Tunja,23189,1259601,123,8,Andina,1458
154410,TINJACA,15,BOYACA,Andina,Tunja,23189,1259601,123,8,Andina,1459
156591,TIPACOQUE,15,BOYACA,Andina,Tunja,23189,1259601,123,8,Andina,1460
154670,TOCA,15,BOYACA,Andina,Tunja,23189,1259601,123,8,Andina,1461
158204,TOGUI,15,BOYACA,Andina,Tunja,23189,1259601,123,8,Andina,1462
158180,TOPAGA,15,BOYACA,Andina,Tunja,23189,1259601,123,8,Andina,1463
156436,TOTA,15,BOYACA,Andina,Tunja,23189,1259601,123,8,Andina,1464
156455,TUNJA,15,BOYACA,Andina,Tunja,23189,1259601,123,8,Andina,1465
170016,AGUADAS,17,CALDAS,Andina,Manizales,7888,1036455,27,6,Andina,1466
152931,TUNUNGUA,15,BOYACA,Andina,Tunja,23189,1259601,123,8,Andina,1467
151967,TURMEQUE,15,BOYACA,Andina,Tunja,23189,1259601,123,8,Andina,1468
154431,TUTA,15,BOYACA,Andina,Tunja,23189,1259601,123,8,Andina,1469
157745,TUTAZA,15,BOYACA,Andina,Tunja,23189,1259601,123,8,Andina,1470
152087,UMBITA,15,BOYACA,Andina,Tunja,23189,1259601,123,8,Andina,1471
150750,VENTAQUEMADA,15,BOYACA,Andina,Tunja,23189,1259601,123,8,Andina,1472
734631,IBAGUE,73,TOLIMA,Andina,Ibagué,23562,1346935,47,8,Andina,1473
153234,VILLA DE LEYVA,15,BOYACA,Andina,Tunja,23189,1259601,123,8,Andina,1474
157916,VIRACACHA,15,BOYACA,Andina,Tunja,23189,1259601,123,8,Andina,1475
151034,ZETAQUIRA,15,BOYACA,Andina,Tunja,23189,1259601,123,8,Andina,1476
769609,BUENAVENTURA,76,VALLE DEL CAUCA,Pacifico,Cali,22140,4589278,42,2,Pacífico,1477
179886,ANSERMA,17,CALDAS,Andina,Manizales,7888,1036455,27,6,Andina,1478
175323,ARANZAZU,17,CALDAS,Andina,Manizales,7888,1036455,27,6,Andina,1479
176222,BELALCAZAR,17,CALDAS,Andina,Manizales,7888,1036455,27,6,Andina,1480
172163,CHINCHINA,17,CALDAS,Andina,Manizales,7888,1036455,27,6,Andina,1481
176391,FILADELFIA,17,CALDAS,Andina,Manizales,7888,1036455,27,6,Andina,1482
171791,LA DORADA,17,CALDAS,Andina,Manizales,7888,1036455,27,6,Andina,1483
176914,LA MERCED,17,CALDAS,Andina,Manizales,7888,1036455,27,6,Andina,1484
171150,MANIZALES,17,CALDAS,Andina,Manizales,7888,1036455,27,6,Andina,1485
171816,MANZANARES,17,CALDAS,Andina,Manizales,7888,1036455,27,6,Andina,1486
173995,MARMATO,17,CALDAS,Andina,Manizales,7888,1036455,27,6,Andina,1487
176495,MARQUETALIA,17,CALDAS,Andina,Manizales,7888,1036455,27,6,Andina,1488
170687,MARULANDA,17,CALDAS,Andina,Manizales,7888,1036455,27,6,Andina,1489
170626,NEIRA,17,CALDAS,Andina,Manizales,7888,1036455,27,6,Andina,1490
176379,NORCASIA,17,CALDAS,Andina,Manizales,7888,1036455,27,6,Andina,1491
171370,PACORA,17,CALDAS,Andina,Manizales,7888,1036455,27,6,Andina,1492
175099,PALESTINA,17,CALDAS,Andina,Manizales,7888,1036455,27,6,Andina,1493
178201,SAN JOSE,17,CALDAS,Andina,Manizales,7888,1036455,27,6,Andina,1494
175722,PENSILVANIA,17,CALDAS,Andina,Manizales,7888,1036455,27,6,Andina,1495
175920,RIOSUCIO,17,CALDAS,Andina,Manizales,7888,1036455,27,6,Andina,1496
173132,RISARALDA,17,CALDAS,Andina,Manizales,7888,1036455,27,6,Andina,1497
172810,SALAMINA,17,CALDAS,Andina,Manizales,7888,1036455,27,6,Andina,1498
175211,SAMANA,17,CALDAS,Andina,Manizales,7888,1036455,27,6,Andina,1499
177448,SUPIA,17,CALDAS,Andina,Manizales,7888,1036455,27,6,Andina,1500
175532,VICTORIA,17,CALDAS,Andina,Manizales,7888,1036455,27,6,Andina,1501
174046,VILLAMARIA,17,CALDAS,Andina,Manizales,7888,1036455,27,6,Andina,1502
175805,VITERBO,17,CALDAS,Andina,Manizales,7888,1036455,27,6,Andina,1503
189662,ALBANIA,18,CAQUETA,Amazonia,Florencia,88965,419275,16,8,Amazonía,1504
188631,BELEN DE LOS ANDAQUIES,18,CAQUETA,Amazonia,Florencia,88965,419275,16,8,Amazonía,1505
183466,CARTAGENA DEL CHAIRA,18,CAQUETA,Amazonia,Florencia,88965,419275,16,8,Amazonía,1506
182481,CURILLO,18,CAQUETA,Amazonia,Florencia,88965,419275,16,8,Amazonía,1507
189971,EL DONCELLO,18,CAQUETA,Amazonia,Florencia,88965,419275,16,8,Amazonía,1508
188510,EL PAUJIL,18,CAQUETA,Amazonia,Florencia,88965,419275,16,8,Amazonía,1509
187759,FLORENCIA,18,CAQUETA,Amazonia,Florencia,88965,419275,16,8,Amazonía,1510
185288,SOLANO,18,CAQUETA,Amazonia,Florencia,88965,419275,16,8,Amazonía,1511
187280,LA MONTANITA,18,CAQUETA,Amazonia,Florencia,88965,419275,16,8,Amazonía,1512
189140,MILAN,18,CAQUETA,Amazonia,Florencia,88965,419275,16,8,Amazonía,1513
185474,MORELIA,18,CAQUETA,Amazonia,Florencia,88965,419275,16,8,Amazonía,1514
181118,PUERTO RICO,18,CAQUETA,Amazonia,Florencia,88965,419275,16,8,Amazonía,1515
181882,SAN JOSE DEL FRAGUA,18,CAQUETA,Amazonia,Florencia,88965,419275,16,8,Amazonía,1516
180364,SAN VICENTE DEL CAGUAN,18,CAQUETA,Amazonia,Florencia,88965,419275,16,8,Amazonía,1517
181863,SOLITA,18,CAQUETA,Amazonia,Florencia,88965,419275,16,8,Amazonía,1518
182097,VALPARAISO,18,CAQUETA,Amazonia,Florencia,88965,419275,16,8,Amazonía,1519
133661,CARTAGENA,13,BOLIVAR,Caribe,Cartagena,25978,2236603,45,5,Caribe,1520
852582,AGUAZUL,85,CASANARE,Orinoquia,Yopal,44640,442068,19,8,Orinoquía,1521
857601,CHAMEZA,85,CASANARE,Orinoquia,Yopal,44640,442068,19,8,Orinoquía,1522
852239,HATO COROZAL,85,CASANARE,Orinoquia,Yopal,44640,442068,19,8,Orinoquía,1523
852608,LA SALINA,85,CASANARE,Orinoquia,Yopal,44640,442068,19,8,Orinoquía,1524
855925,MANI,85,CASANARE,Orinoquia,Yopal,44640,442068,19,8,Orinoquía,1525
855806,MONTERREY,85,CASANARE,Orinoquia,Yopal,44640,442068,19,8,Orinoquía,1526
851058,NUNCHIA,85,CASANARE,Orinoquia,Yopal,44640,442068,19,8,Orinoquía,1527
855208,OROCUE,85,CASANARE,Orinoquia,Yopal,44640,442068,19,8,Orinoquía,1528
855851,PAZ DE ARIPORO,85,CASANARE,Orinoquia,Yopal,44640,442068,19,8,Orinoquía,1529
854730,PORE,85,CASANARE,Orinoquia,Yopal,44640,442068,19,8,Orinoquía,1530
850843,VILLANUEVA,85,CASANARE,Orinoquia,Yopal,44640,442068,19,8,Orinoquía,1531
855384,RECETOR,85,CASANARE,Orinoquia,Yopal,44640,442068,19,8,Orinoquía,1532
859808,SABANALARGA,85,CASANARE,Orinoquia,Yopal,44640,442068,19,8,Orinoquía,1533
853594,SACAMA,85,CASANARE,Orinoquia,Yopal,44640,442068,19,8,Orinoquía,1534
858501,SAN LUIS DE PALENQUE,85,CASANARE,Orinoquia,Yopal,44640,442068,19,8,Orinoquía,1535
854913,TAMARA,85,CASANARE,Orinoquia,Yopal,44640,442068,19,8,Orinoquía,1536
855255,TAURAMENA,85,CASANARE,Orinoquia,Yopal,44640,442068,19,8,Orinoquía,1537
854059,TRINIDAD,85,CASANARE,Orinoquia,Yopal,44640,442068,19,8,Orinoquía,1538
853576,YOPAL,85,CASANARE,Orinoquia,Yopal,44640,442068,19,8,Orinoquía,1539
192540,ALMAGUER,19,CAUCA,Pacifico,Popayán,29308,1516018,41,2,Pacífico,1540
192954,ARGELIA,19,CAUCA,Pacifico,Popayán,29308,1516018,41,2,Pacífico,1541
195405,BALBOA,19,CAUCA,Pacifico,Popayán,29308,1516018,41,2,Pacífico,1542
198579,BOLIVAR,19,CAUCA,Pacifico,Popayán,29308,1516018,41,2,Pacífico,1543
197217,BUENOS AIRES,19,CAUCA,Pacifico,Popayán,29308,1516018,41,2,Pacífico,1544
196991,MERCADERES,19,CAUCA,Pacifico,Popayán,29308,1516018,41,2,Pacífico,1545
196424,CAJIBIO,19,CAUCA,Pacifico,Popayán,29308,1516018,41,2,Pacífico,1546
194198,CALDONO,19,CAUCA,Pacifico,Popayán,29308,1516018,41,2,Pacífico,1547
192603,CALOTO,19,CAUCA,Pacifico,Popayán,29308,1516018,41,2,Pacífico,1548
195590,CORINTO,19,CAUCA,Pacifico,Popayán,29308,1516018,41,2,Pacífico,1549
196045,EL TAMBO,19,CAUCA,Pacifico,Popayán,29308,1516018,41,2,Pacífico,1550
197759,FLORENCIA,19,CAUCA,Pacifico,Popayán,29308,1516018,41,2,Pacífico,1551
197310,GUACHENE,19,CAUCA,Pacifico,Popayán,29308,1516018,41,2,Pacífico,1552
197691,GUAPI,19,CAUCA,Pacifico,Popayán,29308,1516018,41,2,Pacífico,1553
192391,INZA,19,CAUCA,Pacifico,Popayán,29308,1516018,41,2,Pacífico,1554
193908,JAMBALO,19,CAUCA,Pacifico,Popayán,29308,1516018,41,2,Pacífico,1555
194725,LA SIERRA,19,CAUCA,Pacifico,Popayán,29308,1516018,41,2,Pacífico,1556
197698,LA VEGA,19,CAUCA,Pacifico,Popayán,29308,1516018,41,2,Pacífico,1557
192649,LOPEZ,19,CAUCA,Pacifico,Popayán,29308,1516018,41,2,Pacífico,1558
194634,MIRANDA,19,CAUCA,Pacifico,Popayán,29308,1516018,41,2,Pacífico,1559
195708,MORALES,19,CAUCA,Pacifico,Popayán,29308,1516018,41,2,Pacífico,1560
196936,PADILLA,19,CAUCA,Pacifico,Popayán,29308,1516018,41,2,Pacífico,1561
196001,PAEZ,19,CAUCA,Pacifico,Popayán,29308,1516018,41,2,Pacífico,1562
194511,PATIA,19,CAUCA,Pacifico,Popayán,29308,1516018,41,2,Pacífico,1563
197218,PIAMONTE,19,CAUCA,Pacifico,Popayán,29308,1516018,41,2,Pacífico,1564
190854,PIENDAMO,19,CAUCA,Pacifico,Popayán,29308,1516018,41,2,Pacífico,1565
191909,POPAYAN,19,CAUCA,Pacifico,Popayán,29308,1516018,41,2,Pacífico,1566
192117,PUERTO TEJADA,19,CAUCA,Pacifico,Popayán,29308,1516018,41,2,Pacífico,1567
194360,TIMBIO,19,CAUCA,Pacifico,Popayán,29308,1516018,41,2,Pacífico,1568
194373,PURACE,19,CAUCA,Pacifico,Popayán,29308,1516018,41,2,Pacífico,1569
194988,ROSAS,19,CAUCA,Pacifico,Popayán,29308,1516018,41,2,Pacífico,1570
198655,SAN SEBASTIAN,19,CAUCA,Pacifico,Popayán,29308,1516018,41,2,Pacífico,1571
192608,SANTA ROSA,19,CAUCA,Pacifico,Popayán,29308,1516018,41,2,Pacífico,1572
195970,SANTANDER DE QUILICHAO,19,CAUCA,Pacifico,Popayán,29308,1516018,41,2,Pacífico,1573
203045,AGUACHICA,20,CESAR,Caribe,Valledupar,22905,1341697,25,4,Caribe,1574
195483,SILVIA,19,CAUCA,Pacifico,Popayán,29308,1516018,41,2,Pacífico,1575
195661,SOTARA,19,CAUCA,Pacifico,Popayán,29308,1516018,41,2,Pacífico,1576
193554,SUAREZ,19,CAUCA,Pacifico,Popayán,29308,1516018,41,2,Pacífico,1577
199798,SUCRE,19,CAUCA,Pacifico,Popayán,29308,1516018,41,2,Pacífico,1578
197802,TIMBIQUI,19,CAUCA,Pacifico,Popayán,29308,1516018,41,2,Pacífico,1579
194674,TORIBIO,19,CAUCA,Pacifico,Popayán,29308,1516018,41,2,Pacífico,1580
191419,TOTORO,19,CAUCA,Pacifico,Popayán,29308,1516018,41,2,Pacífico,1581
199431,VILLA RICA,19,CAUCA,Pacifico,Popayán,29308,1516018,41,2,Pacífico,1582
209386,AGUSTIN CODAZZI,20,CESAR,Caribe,Valledupar,22905,1341697,25,4,Caribe,1583
207912,BECERRIL,20,CESAR,Caribe,Valledupar,22905,1341697,25,4,Caribe,1584
204748,ASTREA,20,CESAR,Caribe,Valledupar,22905,1341697,25,4,Caribe,1585
206255,BOSCONIA,20,CESAR,Caribe,Valledupar,22905,1341697,25,4,Caribe,1586
202855,CHIMICHAGUA,20,CESAR,Caribe,Valledupar,22905,1341697,25,4,Caribe,1587
205042,CHIRIGUANA,20,CESAR,Caribe,Valledupar,22905,1341697,25,4,Caribe,1588
207733,CURUMANI,20,CESAR,Caribe,Valledupar,22905,1341697,25,4,Caribe,1589
203430,EL COPEY,20,CESAR,Caribe,Valledupar,22905,1341697,25,4,Caribe,1590
200960,EL PASO,20,CESAR,Caribe,Valledupar,22905,1341697,25,4,Caribe,1591
205386,GAMARRA,20,CESAR,Caribe,Valledupar,22905,1341697,25,4,Caribe,1592
204500,GONZALEZ,20,CESAR,Caribe,Valledupar,22905,1341697,25,4,Caribe,1593
208567,LA GLORIA,20,CESAR,Caribe,Valledupar,22905,1341697,25,4,Caribe,1594
209891,LA PAZ,20,CESAR,Caribe,Valledupar,22905,1341697,25,4,Caribe,1595
203717,MANAURE,20,CESAR,Caribe,Valledupar,22905,1341697,25,4,Caribe,1596
206366,PAILITAS,20,CESAR,Caribe,Valledupar,22905,1341697,25,4,Caribe,1597
202773,PUEBLO BELLO,20,CESAR,Caribe,Valledupar,22905,1341697,25,4,Caribe,1598
203048,RIO DE ORO,20,CESAR,Caribe,Valledupar,22905,1341697,25,4,Caribe,1599
206456,SAN ALBERTO,20,CESAR,Caribe,Valledupar,22905,1341697,25,4,Caribe,1600
206213,SAN DIEGO,20,CESAR,Caribe,Valledupar,22905,1341697,25,4,Caribe,1601
209091,SAN MARTIN,20,CESAR,Caribe,Valledupar,22905,1341697,25,4,Caribe,1602
204333,TAMALAMEQUE,20,CESAR,Caribe,Valledupar,22905,1341697,25,4,Caribe,1603
207204,VALLEDUPAR,20,CESAR,Caribe,Valledupar,22905,1341697,25,4,Caribe,1604
276775,QUIBDO,27,CHOCO,Pacifico,Quibdó,46530,553519,31,4,Pacífico,1605
238313,BUENAVISTA,23,CORDOBA,Caribe,Montería,25020,1856496,30,4,Caribe,1606
274937,ACANDI,27,CHOCO,Pacifico,Quibdó,46530,553519,31,4,Pacífico,1607
273776,ALTO BAUDO,27,CHOCO,Pacifico,Quibdó,46530,553519,31,4,Pacífico,1608
277305,ATRATO,27,CHOCO,Pacifico,Quibdó,46530,553519,31,4,Pacífico,1609
276943,BAGADO,27,CHOCO,Pacifico,Quibdó,46530,553519,31,4,Pacífico,1610
271150,BAHIA SOLANO,27,CHOCO,Pacifico,Quibdó,46530,553519,31,4,Pacífico,1611
274360,BAJO BAUDO,27,CHOCO,Pacifico,Quibdó,46530,553519,31,4,Pacífico,1612
274728,BOJAYA,27,CHOCO,Pacifico,Quibdó,46530,553519,31,4,Pacífico,1613
272840,CARMEN DEL DARIEN,27,CHOCO,Pacifico,Quibdó,46530,553519,31,4,Pacífico,1614
270949,CERTEGUI,27,CHOCO,Pacifico,Quibdó,46530,553519,31,4,Pacífico,1615
272255,CONDOTO,27,CHOCO,Pacifico,Quibdó,46530,553519,31,4,Pacífico,1616
273230,EL CANTON DEL SAN PABLO,27,CHOCO,Pacifico,Quibdó,46530,553519,31,4,Pacífico,1617
276020,EL CARMEN DE ATRATO,27,CHOCO,Pacifico,Quibdó,46530,553519,31,4,Pacífico,1618
279070,EL LITORAL DEL SAN JUAN,27,CHOCO,Pacifico,Quibdó,46530,553519,31,4,Pacífico,1619
276003,ISTMINA,27,CHOCO,Pacifico,Quibdó,46530,553519,31,4,Pacífico,1620
272016,JURADO,27,CHOCO,Pacifico,Quibdó,46530,553519,31,4,Pacífico,1621
273867,LLORO,27,CHOCO,Pacifico,Quibdó,46530,553519,31,4,Pacífico,1622
270960,MEDIO ATRATO,27,CHOCO,Pacifico,Quibdó,46530,553519,31,4,Pacífico,1623
270612,MEDIO BAUDO,27,CHOCO,Pacifico,Quibdó,46530,553519,31,4,Pacífico,1624
275241,MEDIO SAN JUAN,27,CHOCO,Pacifico,Quibdó,46530,553519,31,4,Pacífico,1625
275348,NOVITA,27,CHOCO,Pacifico,Quibdó,46530,553519,31,4,Pacífico,1626
273631,NUQUI,27,CHOCO,Pacifico,Quibdó,46530,553519,31,4,Pacífico,1627
278383,RIO IRO,27,CHOCO,Pacifico,Quibdó,46530,553519,31,4,Pacífico,1628
233853,CERETE,23,CORDOBA,Caribe,Montería,25020,1856496,30,4,Caribe,1629
273746,RIO QUITO,27,CHOCO,Pacifico,Quibdó,46530,553519,31,4,Pacífico,1630
275920,RIOSUCIO,27,CHOCO,Pacifico,Quibdó,46530,553519,31,4,Pacífico,1631
274538,SAN JOSE DEL PALMAR,27,CHOCO,Pacifico,Quibdó,46530,553519,31,4,Pacífico,1632
277826,SIPI,27,CHOCO,Pacifico,Quibdó,46530,553519,31,4,Pacífico,1633
279661,TADO,27,CHOCO,Pacifico,Quibdó,46530,553519,31,4,Pacífico,1634
276335,UNGUIA,27,CHOCO,Pacifico,Quibdó,46530,553519,31,4,Pacífico,1635
270872,UNION PANAMERICANA,27,CHOCO,Pacifico,Quibdó,46530,553519,31,4,Pacífico,1636
237728,AYAPEL,23,CORDOBA,Caribe,Montería,25020,1856496,30,4,Caribe,1637
233106,CANALETE,23,CORDOBA,Caribe,Montería,25020,1856496,30,4,Caribe,1638
233135,CHIMA,23,CORDOBA,Caribe,Montería,25020,1856496,30,4,Caribe,1639
233563,CHINU,23,CORDOBA,Caribe,Montería,25020,1856496,30,4,Caribe,1640
239371,CIENAGA DE ORO,23,CORDOBA,Caribe,Montería,25020,1856496,30,4,Caribe,1641
231910,LA APARTADA,23,CORDOBA,Caribe,Montería,25020,1856496,30,4,Caribe,1642
237291,COTORRA,23,CORDOBA,Caribe,Montería,25020,1856496,30,4,Caribe,1643
231201,LORICA,23,CORDOBA,Caribe,Montería,25020,1856496,30,4,Caribe,1644
236297,LOS CORDOBAS,23,CORDOBA,Caribe,Montería,25020,1856496,30,4,Caribe,1645
239971,MOMIL,23,CORDOBA,Caribe,Montería,25020,1856496,30,4,Caribe,1646
233170,MONTELIBANO,23,CORDOBA,Caribe,Montería,25020,1856496,30,4,Caribe,1647
234496,MONITOS,23,CORDOBA,Caribe,Montería,25020,1856496,30,4,Caribe,1648
230963,PLANETA RICA,23,CORDOBA,Caribe,Montería,25020,1856496,30,4,Caribe,1649
235550,PUEBLO NUEVO,23,CORDOBA,Caribe,Montería,25020,1856496,30,4,Caribe,1650
236282,PUERTO ESCONDIDO,23,CORDOBA,Caribe,Montería,25020,1856496,30,4,Caribe,1651
235747,PUERTO LIBERTADOR,23,CORDOBA,Caribe,Montería,25020,1856496,30,4,Caribe,1652
235504,PURISIMA,23,CORDOBA,Caribe,Montería,25020,1856496,30,4,Caribe,1653
236050,SAHAGUN,23,CORDOBA,Caribe,Montería,25020,1856496,30,4,Caribe,1654
234714,SAN ANDRES SOTAVENTO,23,CORDOBA,Caribe,Montería,25020,1856496,30,4,Caribe,1655
238294,SAN ANTERO,23,CORDOBA,Caribe,Montería,25020,1856496,30,4,Caribe,1656
236469,SAN BERNARDO DEL VIENTO,23,CORDOBA,Caribe,Montería,25020,1856496,30,4,Caribe,1657
234020,SAN CARLOS,23,CORDOBA,Caribe,Montería,25020,1856496,30,4,Caribe,1658
238972,TIERRALTA,23,CORDOBA,Caribe,Montería,25020,1856496,30,4,Caribe,1659
233392,SAN JOSE DE URE,23,CORDOBA,Caribe,Montería,25020,1856496,30,4,Caribe,1660
230567,SAN PELAYO,23,CORDOBA,Caribe,Montería,25020,1856496,30,4,Caribe,1661
238172,TUCHIN,23,CORDOBA,Caribe,Montería,25020,1856496,30,4,Caribe,1662
230421,VALENCIA,23,CORDOBA,Caribe,Montería,25020,1856496,30,4,Caribe,1663
250801,CHIA,25,CUNDINAMARCA,Andina,Bogotá D.C.,23071,2473634,116,1,Andina,1664
255170,AGUA DE DIOS,25,CUNDINAMARCA,Andina,Bogotá D.C.,23071,2473634,116,1,Andina,1665
253902,ALBAN,25,CUNDINAMARCA,Andina,Bogotá D.C.,23071,2473634,116,1,Andina,1666
252299,ANAPOIMA,25,CUNDINAMARCA,Andina,Bogotá D.C.,23071,2473634,116,1,Andina,1667
255552,ANOLAIMA,25,CUNDINAMARCA,Andina,Bogotá D.C.,23071,2473634,116,1,Andina,1668
254720,APULO,25,CUNDINAMARCA,Andina,Bogotá D.C.,23071,2473634,116,1,Andina,1669
252015,ARBELAEZ,25,CUNDINAMARCA,Andina,Bogotá D.C.,23071,2473634,116,1,Andina,1670
250368,BELTRAN,25,CUNDINAMARCA,Andina,Bogotá D.C.,23071,2473634,116,1,Andina,1671
253794,BITUIMA,25,CUNDINAMARCA,Andina,Bogotá D.C.,23071,2473634,116,1,Andina,1672
251138,BOJACA,25,CUNDINAMARCA,Andina,Bogotá D.C.,23071,2473634,116,1,Andina,1673
257925,CABRERA,25,CUNDINAMARCA,Andina,Bogotá D.C.,23071,2473634,116,1,Andina,1674
253208,CACHIPAY,25,CUNDINAMARCA,Andina,Bogotá D.C.,23071,2473634,116,1,Andina,1675
259536,CAJICA,25,CUNDINAMARCA,Andina,Bogotá D.C.,23071,2473634,116,1,Andina,1676
256993,CAPARRAPI,25,CUNDINAMARCA,Andina,Bogotá D.C.,23071,2473634,116,1,Andina,1677
255880,CAQUEZA,25,CUNDINAMARCA,Andina,Bogotá D.C.,23071,2473634,116,1,Andina,1678
254181,CARMEN DE CARUPA,25,CUNDINAMARCA,Andina,Bogotá D.C.,23071,2473634,116,1,Andina,1679
257429,CHAGUANI,25,CUNDINAMARCA,Andina,Bogotá D.C.,23071,2473634,116,1,Andina,1680
250291,CHIPAQUE,25,CUNDINAMARCA,Andina,Bogotá D.C.,23071,2473634,116,1,Andina,1681
251058,CHOACHI,25,CUNDINAMARCA,Andina,Bogotá D.C.,23071,2473634,116,1,Andina,1682
251254,CHOCONTA,25,CUNDINAMARCA,Andina,Bogotá D.C.,23071,2473634,116,1,Andina,1683
253378,COGUA,25,CUNDINAMARCA,Andina,Bogotá D.C.,23071,2473634,116,1,Andina,1684
252949,COTA,25,CUNDINAMARCA,Andina,Bogotá D.C.,23071,2473634,116,1,Andina,1685
257492,CUCUNUBA,25,CUNDINAMARCA,Andina,Bogotá D.C.,23071,2473634,116,1,Andina,1686
253144,EL COLEGIO,25,CUNDINAMARCA,Andina,Bogotá D.C.,23071,2473634,116,1,Andina,1687
253231,EL ROSAL,25,CUNDINAMARCA,Andina,Bogotá D.C.,23071,2473634,116,1,Andina,1688
257309,EL PENON,25,CUNDINAMARCA,Andina,Bogotá D.C.,23071,2473634,116,1,Andina,1689
256914,FACATATIVA,25,CUNDINAMARCA,Andina,Bogotá D.C.,23071,2473634,116,1,Andina,1690
253495,FOMEQUE,25,CUNDINAMARCA,Andina,Bogotá D.C.,23071,2473634,116,1,Andina,1691
259544,FOSCA,25,CUNDINAMARCA,Andina,Bogotá D.C.,23071,2473634,116,1,Andina,1692
255058,FUNZA,25,CUNDINAMARCA,Andina,Bogotá D.C.,23071,2473634,116,1,Andina,1693
253057,FUQUENE,25,CUNDINAMARCA,Andina,Bogotá D.C.,23071,2473634,116,1,Andina,1694
259572,FUSAGASUGA,25,CUNDINAMARCA,Andina,Bogotá D.C.,23071,2473634,116,1,Andina,1695
250234,GIRARDOT,25,CUNDINAMARCA,Andina,Bogotá D.C.,23071,2473634,116,1,Andina,1696
250236,GACHALA,25,CUNDINAMARCA,Andina,Bogotá D.C.,23071,2473634,116,1,Andina,1697
256403,GACHANCIPA,25,CUNDINAMARCA,Andina,Bogotá D.C.,23071,2473634,116,1,Andina,1698
254687,GACHETA,25,CUNDINAMARCA,Andina,Bogotá D.C.,23071,2473634,116,1,Andina,1699
250415,GAMA,25,CUNDINAMARCA,Andina,Bogotá D.C.,23071,2473634,116,1,Andina,1700
253739,GRANADA,25,CUNDINAMARCA,Andina,Bogotá D.C.,23071,2473634,116,1,Andina,1701
256693,GUACHETA,25,CUNDINAMARCA,Andina,Bogotá D.C.,23071,2473634,116,1,Andina,1702
259964,GUADUAS,25,CUNDINAMARCA,Andina,Bogotá D.C.,23071,2473634,116,1,Andina,1703
259822,GUASCA,25,CUNDINAMARCA,Andina,Bogotá D.C.,23071,2473634,116,1,Andina,1704
257801,GUATAQUI,25,CUNDINAMARCA,Andina,Bogotá D.C.,23071,2473634,116,1,Andina,1705
259609,GUATAVITA,25,CUNDINAMARCA,Andina,Bogotá D.C.,23071,2473634,116,1,Andina,1706
256328,GUAYABAL DE SIQUIMA,25,CUNDINAMARCA,Andina,Bogotá D.C.,23071,2473634,116,1,Andina,1707
255887,GUAYABETAL,25,CUNDINAMARCA,Andina,Bogotá D.C.,23071,2473634,116,1,Andina,1708
259089,GUTIERREZ,25,CUNDINAMARCA,Andina,Bogotá D.C.,23071,2473634,116,1,Andina,1709
250684,JERUSALEN,25,CUNDINAMARCA,Andina,Bogotá D.C.,23071,2473634,116,1,Andina,1710
252841,JUNIN,25,CUNDINAMARCA,Andina,Bogotá D.C.,23071,2473634,116,1,Andina,1711
256788,LA CALERA,25,CUNDINAMARCA,Andina,Bogotá D.C.,23071,2473634,116,1,Andina,1712
258702,LA MESA,25,CUNDINAMARCA,Andina,Bogotá D.C.,23071,2473634,116,1,Andina,1713
257169,LA PALMA,25,CUNDINAMARCA,Andina,Bogotá D.C.,23071,2473634,116,1,Andina,1714
257762,LA PENA,25,CUNDINAMARCA,Andina,Bogotá D.C.,23071,2473634,116,1,Andina,1715
257698,LA VEGA,25,CUNDINAMARCA,Andina,Bogotá D.C.,23071,2473634,116,1,Andina,1716
258218,LENGUAZAQUE,25,CUNDINAMARCA,Andina,Bogotá D.C.,23071,2473634,116,1,Andina,1717
250676,MACHETA,25,CUNDINAMARCA,Andina,Bogotá D.C.,23071,2473634,116,1,Andina,1718
257641,MADRID,25,CUNDINAMARCA,Andina,Bogotá D.C.,23071,2473634,116,1,Andina,1719
258461,MANTA,25,CUNDINAMARCA,Andina,Bogotá D.C.,23071,2473634,116,1,Andina,1720
256543,MOSQUERA,25,CUNDINAMARCA,Andina,Bogotá D.C.,23071,2473634,116,1,Andina,1721
259760,MEDINA,25,CUNDINAMARCA,Andina,Bogotá D.C.,23071,2473634,116,1,Andina,1722
251921,PAIME,25,CUNDINAMARCA,Andina,Bogotá D.C.,23071,2473634,116,1,Andina,1723
254994,NARINO,25,CUNDINAMARCA,Andina,Bogotá D.C.,23071,2473634,116,1,Andina,1724
259417,NEMOCON,25,CUNDINAMARCA,Andina,Bogotá D.C.,23071,2473634,116,1,Andina,1725
251456,NILO,25,CUNDINAMARCA,Andina,Bogotá D.C.,23071,2473634,116,1,Andina,1726
255129,NIMAIMA,25,CUNDINAMARCA,Andina,Bogotá D.C.,23071,2473634,116,1,Andina,1727
251854,NOCAIMA,25,CUNDINAMARCA,Andina,Bogotá D.C.,23071,2473634,116,1,Andina,1728
250144,PACHO,25,CUNDINAMARCA,Andina,Bogotá D.C.,23071,2473634,116,1,Andina,1729
254751,PANDI,25,CUNDINAMARCA,Andina,Bogotá D.C.,23071,2473634,116,1,Andina,1730
258711,PARATEBUENO,25,CUNDINAMARCA,Andina,Bogotá D.C.,23071,2473634,116,1,Andina,1731
253306,PASCA,25,CUNDINAMARCA,Andina,Bogotá D.C.,23071,2473634,116,1,Andina,1732
259546,PUERTO SALGAR,25,CUNDINAMARCA,Andina,Bogotá D.C.,23071,2473634,116,1,Andina,1733
251743,PULI,25,CUNDINAMARCA,Andina,Bogotá D.C.,23071,2473634,116,1,Andina,1734
255806,QUEBRADANEGRA,25,CUNDINAMARCA,Andina,Bogotá D.C.,23071,2473634,116,1,Andina,1735
258243,QUETAME,25,CUNDINAMARCA,Andina,Bogotá D.C.,23071,2473634,116,1,Andina,1736
255063,QUIPILE,25,CUNDINAMARCA,Andina,Bogotá D.C.,23071,2473634,116,1,Andina,1737
252309,RICAURTE,25,CUNDINAMARCA,Andina,Bogotá D.C.,23071,2473634,116,1,Andina,1738
258140,SAN ANTONIO DEL TEQUENDAMA,25,CUNDINAMARCA,Andina,Bogotá D.C.,23071,2473634,116,1,Andina,1739
259097,SAN BERNARDO,25,CUNDINAMARCA,Andina,Bogotá D.C.,23071,2473634,116,1,Andina,1740
259511,SAN CAYETANO,25,CUNDINAMARCA,Andina,Bogotá D.C.,23071,2473634,116,1,Andina,1741
257621,SAN FRANCISCO,25,CUNDINAMARCA,Andina,Bogotá D.C.,23071,2473634,116,1,Andina,1742
254457,SAN JUAN DE RIO SECO,25,CUNDINAMARCA,Andina,Bogotá D.C.,23071,2473634,116,1,Andina,1743
254852,SASAIMA,25,CUNDINAMARCA,Andina,Bogotá D.C.,23071,2473634,116,1,Andina,1744
251611,SESQUILE,25,CUNDINAMARCA,Andina,Bogotá D.C.,23071,2473634,116,1,Andina,1745
259818,SIBATE,25,CUNDINAMARCA,Andina,Bogotá D.C.,23071,2473634,116,1,Andina,1746
255142,SILVANIA,25,CUNDINAMARCA,Andina,Bogotá D.C.,23071,2473634,116,1,Andina,1747
250619,SIMIJACA,25,CUNDINAMARCA,Andina,Bogotá D.C.,23071,2473634,116,1,Andina,1748
253728,SOACHA,25,CUNDINAMARCA,Andina,Bogotá D.C.,23071,2473634,116,1,Andina,1749
259719,SOPO,25,CUNDINAMARCA,Andina,Bogotá D.C.,23071,2473634,116,1,Andina,1750
414919,GIGANTE,41,HUILA,Andina,Neiva,19890,1140932,37,8,Andina,1751
253465,SUBACHOQUE,25,CUNDINAMARCA,Andina,Bogotá D.C.,23071,2473634,116,1,Andina,1752
259063,SUESCA,25,CUNDINAMARCA,Andina,Bogotá D.C.,23071,2473634,116,1,Andina,1753
257112,SUPATA,25,CUNDINAMARCA,Andina,Bogotá D.C.,23071,2473634,116,1,Andina,1754
257573,SUSA,25,CUNDINAMARCA,Andina,Bogotá D.C.,23071,2473634,116,1,Andina,1755
250976,SUTATAUSA,25,CUNDINAMARCA,Andina,Bogotá D.C.,23071,2473634,116,1,Andina,1756
252150,TABIO,25,CUNDINAMARCA,Andina,Bogotá D.C.,23071,2473634,116,1,Andina,1757
250760,TAUSA,25,CUNDINAMARCA,Andina,Bogotá D.C.,23071,2473634,116,1,Andina,1758
254099,TENA,25,CUNDINAMARCA,Andina,Bogotá D.C.,23071,2473634,116,1,Andina,1759
254464,TENJO,25,CUNDINAMARCA,Andina,Bogotá D.C.,23071,2473634,116,1,Andina,1760
255902,TIBACUY,25,CUNDINAMARCA,Andina,Bogotá D.C.,23071,2473634,116,1,Andina,1761
258458,TIBIRITA,25,CUNDINAMARCA,Andina,Bogotá D.C.,23071,2473634,116,1,Andina,1762
250768,TOCAIMA,25,CUNDINAMARCA,Andina,Bogotá D.C.,23071,2473634,116,1,Andina,1763
256990,TOCANCIPA,25,CUNDINAMARCA,Andina,Bogotá D.C.,23071,2473634,116,1,Andina,1764
259119,TOPAIPI,25,CUNDINAMARCA,Andina,Bogotá D.C.,23071,2473634,116,1,Andina,1765
257271,UBALA,25,CUNDINAMARCA,Andina,Bogotá D.C.,23071,2473634,116,1,Andina,1766
255171,UBAQUE,25,CUNDINAMARCA,Andina,Bogotá D.C.,23071,2473634,116,1,Andina,1767
253558,UNE,25,CUNDINAMARCA,Andina,Bogotá D.C.,23071,2473634,116,1,Andina,1768
258239,UTICA,25,CUNDINAMARCA,Andina,Bogotá D.C.,23071,2473634,116,1,Andina,1769
253711,VENECIA,25,CUNDINAMARCA,Andina,Bogotá D.C.,23071,2473634,116,1,Andina,1770
259042,VERGARA,25,CUNDINAMARCA,Andina,Bogotá D.C.,23071,2473634,116,1,Andina,1771
255007,VIANI,25,CUNDINAMARCA,Andina,Bogotá D.C.,23071,2473634,116,1,Andina,1772
258019,VILLA DE SAN DIEGO DE UBATE,25,CUNDINAMARCA,Andina,Bogotá D.C.,23071,2473634,116,1,Andina,1773
255003,VILLAGOMEZ,25,CUNDINAMARCA,Andina,Bogotá D.C.,23071,2473634,116,1,Andina,1774
256246,VILLAPINZON,25,CUNDINAMARCA,Andina,Bogotá D.C.,23071,2473634,116,1,Andina,1775
256846,ZIPAQUIRA,25,CUNDINAMARCA,Andina,Bogotá D.C.,23071,2473634,116,1,Andina,1776
250347,VILLETA,25,CUNDINAMARCA,Andina,Bogotá D.C.,23071,2473634,116,1,Andina,1777
256896,VIOTA,25,CUNDINAMARCA,Andina,Bogotá D.C.,23071,2473634,116,1,Andina,1778
251470,YACOPI,25,CUNDINAMARCA,Andina,Bogotá D.C.,23071,2473634,116,1,Andina,1779
257701,ZIPACON,25,CUNDINAMARCA,Andina,Bogotá D.C.,23071,2473634,116,1,Andina,1780
940359,BARRANCO MINAS,94,GUAINIA,Orinoquia,Inírida,72238,52061,2,8,Amazonía,1781
942400,INIRIDA,94,GUAINIA,Orinoquia,Inírida,72238,52061,2,8,Amazonía,1782
946822,SAN FELIPE,94,GUAINIA,Orinoquia,Inírida,72238,52061,2,8,Amazonía,1783
959467,CALAMAR,95,GUAVIARE,Amazonia,San José del Guaviare,53460,90357,4,8,Amazonía,1784
959616,EL RETORNO,95,GUAVIARE,Amazonia,San José del Guaviare,53460,90357,4,8,Amazonía,1785
958301,MIRAFLORES,95,GUAVIARE,Amazonia,San José del Guaviare,53460,90357,4,8,Amazonía,1786
955689,SAN JOSE DEL GUAVIARE,95,GUAVIARE,Amazonia,San José del Guaviare,53460,90357,4,8,Amazonía,1787
415533,ACEVEDO,41,HUILA,Andina,Neiva,19890,1140932,37,8,Andina,1788
412211,AGRADO,41,HUILA,Andina,Neiva,19890,1140932,37,8,Andina,1789
412022,AIPE,41,HUILA,Andina,Neiva,19890,1140932,37,8,Andina,1790
411235,ALGECIRAS,41,HUILA,Andina,Neiva,19890,1140932,37,8,Andina,1791
415031,ALTAMIRA,41,HUILA,Andina,Neiva,19890,1140932,37,8,Andina,1792
410171,BARAYA,41,HUILA,Andina,Neiva,19890,1140932,37,8,Andina,1793
416551,CAMPOALEGRE,41,HUILA,Andina,Neiva,19890,1140932,37,8,Andina,1794
412028,COLOMBIA,41,HUILA,Andina,Neiva,19890,1140932,37,8,Andina,1795
413962,ELIAS,41,HUILA,Andina,Neiva,19890,1140932,37,8,Andina,1796
414998,GARZON,41,HUILA,Andina,Neiva,19890,1140932,37,8,Andina,1797
411806,GUADALUPE,41,HUILA,Andina,Neiva,19890,1140932,37,8,Andina,1798
418565,HOBO,41,HUILA,Andina,Neiva,19890,1140932,37,8,Andina,1799
416761,IQUIRA,41,HUILA,Andina,Neiva,19890,1140932,37,8,Andina,1800
411770,ISNOS,41,HUILA,Andina,Neiva,19890,1140932,37,8,Andina,1801
415668,LA ARGENTINA,41,HUILA,Andina,Neiva,19890,1140932,37,8,Andina,1802
415861,LA PLATA,41,HUILA,Andina,Neiva,19890,1140932,37,8,Andina,1803
410467,NATAGA,41,HUILA,Andina,Neiva,19890,1140932,37,8,Andina,1804
413280,NEIVA,41,HUILA,Andina,Neiva,19890,1140932,37,8,Andina,1805
418968,PITALITO,41,HUILA,Andina,Neiva,19890,1140932,37,8,Andina,1806
411889,OPORAPA,41,HUILA,Andina,Neiva,19890,1140932,37,8,Andina,1807
410728,PAICOL,41,HUILA,Andina,Neiva,19890,1140932,37,8,Andina,1808
410408,PALERMO,41,HUILA,Andina,Neiva,19890,1140932,37,8,Andina,1809
415099,PALESTINA,41,HUILA,Andina,Neiva,19890,1140932,37,8,Andina,1810
417480,PITAL,41,HUILA,Andina,Neiva,19890,1140932,37,8,Andina,1811
413696,RIVERA,41,HUILA,Andina,Neiva,19890,1140932,37,8,Andina,1812
411544,SAN AGUSTIN,41,HUILA,Andina,Neiva,19890,1140932,37,8,Andina,1813
419857,SALADOBLANCO,41,HUILA,Andina,Neiva,19890,1140932,37,8,Andina,1814
412410,SANTA MARIA,41,HUILA,Andina,Neiva,19890,1140932,37,8,Andina,1815
413662,SUAZA,41,HUILA,Andina,Neiva,19890,1140932,37,8,Andina,1816
414662,TARQUI,41,HUILA,Andina,Neiva,19890,1140932,37,8,Andina,1817
416915,TELLO,41,HUILA,Andina,Neiva,19890,1140932,37,8,Andina,1818
418154,TERUEL,41,HUILA,Andina,Neiva,19890,1140932,37,8,Andina,1819
410664,TESALIA,41,HUILA,Andina,Neiva,19890,1140932,37,8,Andina,1820
416494,TIMANA,41,HUILA,Andina,Neiva,19890,1140932,37,8,Andina,1821
415914,VILLAVIEJA,41,HUILA,Andina,Neiva,19890,1140932,37,8,Andina,1822
414897,YAGUARA,41,HUILA,Andina,Neiva,19890,1140932,37,8,Andina,1823
449662,ALBANIA,44,LA GUAJIRA,Caribe,Riohacha,20848,1002394,15,5,Caribe,1824
449923,BARRANCAS,44,LA GUAJIRA,Caribe,Riohacha,20848,1002394,15,5,Caribe,1825
444120,DIBULLA,44,LA GUAJIRA,Caribe,Riohacha,20848,1002394,15,5,Caribe,1826
444982,DISTRACCION,44,LA GUAJIRA,Caribe,Riohacha,20848,1002394,15,5,Caribe,1827
446230,EL MOLINO,44,LA GUAJIRA,Caribe,Riohacha,20848,1002394,15,5,Caribe,1828
447929,FONSECA,44,LA GUAJIRA,Caribe,Riohacha,20848,1002394,15,5,Caribe,1829
442877,HATONUEVO,44,LA GUAJIRA,Caribe,Riohacha,20848,1002394,15,5,Caribe,1830
443108,RIOHACHA,44,LA GUAJIRA,Caribe,Riohacha,20848,1002394,15,5,Caribe,1831
440421,LA JAGUA DEL PILAR,44,LA GUAJIRA,Caribe,Riohacha,20848,1002394,15,5,Caribe,1832
446110,MAICAO,44,LA GUAJIRA,Caribe,Riohacha,20848,1002394,15,5,Caribe,1833
443717,MANAURE,44,LA GUAJIRA,Caribe,Riohacha,20848,1002394,15,5,Caribe,1834
442719,SAN JUAN DEL CESAR,44,LA GUAJIRA,Caribe,Riohacha,20848,1002394,15,5,Caribe,1835
440843,VILLANUEVA,44,LA GUAJIRA,Caribe,Riohacha,20848,1002394,15,5,Caribe,1836
474534,CIENAGA,47,MAGDALENA,Caribe,Santa Marta,23188,1463427,30,5,Caribe,1837
443828,URIBIA,44,LA GUAJIRA,Caribe,Riohacha,20848,1002394,15,5,Caribe,1838
446602,URUMITA,44,LA GUAJIRA,Caribe,Riohacha,20848,1002394,15,5,Caribe,1839
479545,ALGARROBO,47,MAGDALENA,Caribe,Santa Marta,23188,1463427,30,5,Caribe,1840
479530,ARACATACA,47,MAGDALENA,Caribe,Santa Marta,23188,1463427,30,5,Caribe,1841
479447,ARIGUANI,47,MAGDALENA,Caribe,Santa Marta,23188,1463427,30,5,Caribe,1842
478248,CERRO SAN ANTONIO,47,MAGDALENA,Caribe,Santa Marta,23188,1463427,30,5,Caribe,1843
477503,CHIBOLO,47,MAGDALENA,Caribe,Santa Marta,23188,1463427,30,5,Caribe,1844
479761,PLATO,47,MAGDALENA,Caribe,Santa Marta,23188,1463427,30,5,Caribe,1845
474351,CONCORDIA,47,MAGDALENA,Caribe,Santa Marta,23188,1463427,30,5,Caribe,1846
476694,EL BANCO,47,MAGDALENA,Caribe,Santa Marta,23188,1463427,30,5,Caribe,1847
472773,EL PINON,47,MAGDALENA,Caribe,Santa Marta,23188,1463427,30,5,Caribe,1848
475755,EL RETEN,47,MAGDALENA,Caribe,Santa Marta,23188,1463427,30,5,Caribe,1849
475788,FUNDACION,47,MAGDALENA,Caribe,Santa Marta,23188,1463427,30,5,Caribe,1850
479854,GUAMAL,47,MAGDALENA,Caribe,Santa Marta,23188,1463427,30,5,Caribe,1851
476167,NUEVA GRANADA,47,MAGDALENA,Caribe,Santa Marta,23188,1463427,30,5,Caribe,1852
477964,PEDRAZA,47,MAGDALENA,Caribe,Santa Marta,23188,1463427,30,5,Caribe,1853
475943,PIJINO DEL CARMEN,47,MAGDALENA,Caribe,Santa Marta,23188,1463427,30,5,Caribe,1854
479899,PIVIJAY,47,MAGDALENA,Caribe,Santa Marta,23188,1463427,30,5,Caribe,1855
477221,PUEBLOVIEJO,47,MAGDALENA,Caribe,Santa Marta,23188,1463427,30,5,Caribe,1856
473922,REMOLINO,47,MAGDALENA,Caribe,Santa Marta,23188,1463427,30,5,Caribe,1857
477855,SABANAS DE SAN ANGEL,47,MAGDALENA,Caribe,Santa Marta,23188,1463427,30,5,Caribe,1858
472810,SALAMINA,47,MAGDALENA,Caribe,Santa Marta,23188,1463427,30,5,Caribe,1859
477687,SAN SEBASTIAN DE BUENAVISTA,47,MAGDALENA,Caribe,Santa Marta,23188,1463427,30,5,Caribe,1860
472359,SAN ZENON,47,MAGDALENA,Caribe,Santa Marta,23188,1463427,30,5,Caribe,1861
479382,SANTA ANA,47,MAGDALENA,Caribe,Santa Marta,23188,1463427,30,5,Caribe,1862
476107,SANTA BARBARA DE PINTO,47,MAGDALENA,Caribe,Santa Marta,23188,1463427,30,5,Caribe,1863
478903,SITIONUEVO,47,MAGDALENA,Caribe,Santa Marta,23188,1463427,30,5,Caribe,1864
471931,TENERIFE,47,MAGDALENA,Caribe,Santa Marta,23188,1463427,30,5,Caribe,1865
477266,ZAPAYAN,47,MAGDALENA,Caribe,Santa Marta,23188,1463427,30,5,Caribe,1866
476048,ZONA BANANERA,47,MAGDALENA,Caribe,Santa Marta,23188,1463427,30,5,Caribe,1867
501573,ACACIAS,50,META,Orinoquia,Villavicencio,85635,1080706,29,8,Orinoquía,1868
509843,BARRANCA DE UPIA,50,META,Orinoquia,Villavicencio,85635,1080706,29,8,Orinoquía,1869
500116,CABUYARO,50,META,Orinoquia,Villavicencio,85635,1080706,29,8,Orinoquía,1870
500464,CASTILLA LA NUEVA,50,META,Orinoquia,Villavicencio,85635,1080706,29,8,Orinoquía,1871
500384,CUBARRAL,50,META,Orinoquia,Villavicencio,85635,1080706,29,8,Orinoquía,1872
504902,CUMARAL,50,META,Orinoquia,Villavicencio,85635,1080706,29,8,Orinoquía,1873
502494,EL CALVARIO,50,META,Orinoquia,Villavicencio,85635,1080706,29,8,Orinoquía,1874
505881,EL CASTILLO,50,META,Orinoquia,Villavicencio,85635,1080706,29,8,Orinoquía,1875
501234,EL DORADO,50,META,Orinoquia,Villavicencio,85635,1080706,29,8,Orinoquía,1876
503546,FUENTE DE ORO,50,META,Orinoquia,Villavicencio,85635,1080706,29,8,Orinoquía,1877
503739,GRANADA,50,META,Orinoquia,Villavicencio,85635,1080706,29,8,Orinoquía,1878
509854,GUAMAL,50,META,Orinoquia,Villavicencio,85635,1080706,29,8,Orinoquía,1879
506898,LA MACARENA,50,META,Orinoquia,Villavicencio,85635,1080706,29,8,Orinoquía,1880
504590,LEJANIAS,50,META,Orinoquia,Villavicencio,85635,1080706,29,8,Orinoquía,1881
501377,MAPIRIPAN,50,META,Orinoquia,Villavicencio,85635,1080706,29,8,Orinoquía,1882
500644,MESETAS,50,META,Orinoquia,Villavicencio,85635,1080706,29,8,Orinoquía,1883
509844,PUERTO CONCORDIA,50,META,Orinoquia,Villavicencio,85635,1080706,29,8,Orinoquía,1884
501379,PUERTO GAITAN,50,META,Orinoquia,Villavicencio,85635,1080706,29,8,Orinoquía,1885
501118,PUERTO RICO,50,META,Orinoquia,Villavicencio,85635,1080706,29,8,Orinoquía,1886
500274,PUERTO LLERAS,50,META,Orinoquia,Villavicencio,85635,1080706,29,8,Orinoquía,1887
505243,PUERTO LOPEZ,50,META,Orinoquia,Villavicencio,85635,1080706,29,8,Orinoquía,1888
509523,RESTREPO,50,META,Orinoquia,Villavicencio,85635,1080706,29,8,Orinoquía,1889
500547,URIBE,50,META,Orinoquia,Villavicencio,85635,1080706,29,8,Orinoquía,1890
500360,SAN CARLOS DE GUAROA,50,META,Orinoquia,Villavicencio,85635,1080706,29,8,Orinoquía,1891
504712,SAN JUAN DE ARAMA,50,META,Orinoquia,Villavicencio,85635,1080706,29,8,Orinoquía,1892
502831,SAN JUANITO,50,META,Orinoquia,Villavicencio,85635,1080706,29,8,Orinoquía,1893
509091,SAN MARTIN,50,META,Orinoquia,Villavicencio,85635,1080706,29,8,Orinoquía,1894
501721,VILLAVICENCIO,50,META,Orinoquia,Villavicencio,85635,1080706,29,8,Orinoquía,1895
527425,ARBOLEDA,52,NARINO,Pacifico,Pasto,33268,1629181,64,2,Pacífico,1896
507486,VISTAHERMOSA,50,META,Orinoquia,Villavicencio,85635,1080706,29,8,Orinoquía,1897
524556,BARBACOAS,52,NARINO,Pacifico,Pasto,33268,1629181,64,2,Pacífico,1898
523902,ALBAN,52,NARINO,Pacifico,Pasto,33268,1629181,64,2,Pacífico,1899
522356,ALDANA,52,NARINO,Pacifico,Pasto,33268,1629181,64,2,Pacífico,1900
526982,ANCUYA,52,NARINO,Pacifico,Pasto,33268,1629181,64,2,Pacífico,1901
526203,BELEN,52,NARINO,Pacifico,Pasto,33268,1629181,64,2,Pacífico,1902
525825,BUESACO,52,NARINO,Pacifico,Pasto,33268,1629181,64,2,Pacífico,1903
528200,CHACHAGUI,52,NARINO,Pacifico,Pasto,33268,1629181,64,2,Pacífico,1904
529991,COLON,52,NARINO,Pacifico,Pasto,33268,1629181,64,2,Pacífico,1905
528187,CONSACA,52,NARINO,Pacifico,Pasto,33268,1629181,64,2,Pacífico,1906
525485,CONTADERO,52,NARINO,Pacifico,Pasto,33268,1629181,64,2,Pacífico,1907
526686,CORDOBA,52,NARINO,Pacifico,Pasto,33268,1629181,64,2,Pacífico,1908
527111,CUASPUD,52,NARINO,Pacifico,Pasto,33268,1629181,64,2,Pacífico,1909
525233,CUMBAL,52,NARINO,Pacifico,Pasto,33268,1629181,64,2,Pacífico,1910
524639,CUMBITARA,52,NARINO,Pacifico,Pasto,33268,1629181,64,2,Pacífico,1911
525216,EL CHARCO,52,NARINO,Pacifico,Pasto,33268,1629181,64,2,Pacífico,1912
529330,EL TABLON DE GOMEZ,52,NARINO,Pacifico,Pasto,33268,1629181,64,2,Pacífico,1913
529110,EL PENOL,52,NARINO,Pacifico,Pasto,33268,1629181,64,2,Pacífico,1914
525836,EL ROSARIO,52,NARINO,Pacifico,Pasto,33268,1629181,64,2,Pacífico,1915
526045,EL TAMBO,52,NARINO,Pacifico,Pasto,33268,1629181,64,2,Pacífico,1916
528540,FRANCISCO PIZARRO,52,NARINO,Pacifico,Pasto,33268,1629181,64,2,Pacífico,1917
523614,FUNES,52,NARINO,Pacifico,Pasto,33268,1629181,64,2,Pacífico,1918
527596,GUACHUCAL,52,NARINO,Pacifico,Pasto,33268,1629181,64,2,Pacífico,1919
529556,GUAITARILLA,52,NARINO,Pacifico,Pasto,33268,1629181,64,2,Pacífico,1920
528484,GUALMATAN,52,NARINO,Pacifico,Pasto,33268,1629181,64,2,Pacífico,1921
524909,ILES,52,NARINO,Pacifico,Pasto,33268,1629181,64,2,Pacífico,1922
527885,IMUES,52,NARINO,Pacifico,Pasto,33268,1629181,64,2,Pacífico,1923
526792,IPIALES,52,NARINO,Pacifico,Pasto,33268,1629181,64,2,Pacífico,1924
520871,LA CRUZ,52,NARINO,Pacifico,Pasto,33268,1629181,64,2,Pacífico,1925
523240,LA FLORIDA,52,NARINO,Pacifico,Pasto,33268,1629181,64,2,Pacífico,1926
527261,LA LLANADA,52,NARINO,Pacifico,Pasto,33268,1629181,64,2,Pacífico,1927
529398,LA TOLA,52,NARINO,Pacifico,Pasto,33268,1629181,64,2,Pacífico,1928
522350,LA UNION,52,NARINO,Pacifico,Pasto,33268,1629181,64,2,Pacífico,1929
524877,LEIVA,52,NARINO,Pacifico,Pasto,33268,1629181,64,2,Pacífico,1930
529108,LINARES,52,NARINO,Pacifico,Pasto,33268,1629181,64,2,Pacífico,1931
526590,LOS ANDES,52,NARINO,Pacifico,Pasto,33268,1629181,64,2,Pacífico,1932
529536,MAGUI,52,NARINO,Pacifico,Pasto,33268,1629181,64,2,Pacífico,1933
525737,MALLAMA,52,NARINO,Pacifico,Pasto,33268,1629181,64,2,Pacífico,1934
526543,MOSQUERA,52,NARINO,Pacifico,Pasto,33268,1629181,64,2,Pacífico,1935
524994,NARINO,52,NARINO,Pacifico,Pasto,33268,1629181,64,2,Pacífico,1936
522120,OLAYA HERRERA,52,NARINO,Pacifico,Pasto,33268,1629181,64,2,Pacífico,1937
527926,OSPINA,52,NARINO,Pacifico,Pasto,33268,1629181,64,2,Pacífico,1938
522971,POLICARPA,52,NARINO,Pacifico,Pasto,33268,1629181,64,2,Pacífico,1939
529903,POTOSI,52,NARINO,Pacifico,Pasto,33268,1629181,64,2,Pacífico,1940
520812,SAMANIEGO,52,NARINO,Pacifico,Pasto,33268,1629181,64,2,Pacífico,1941
528296,PROVIDENCIA,52,NARINO,Pacifico,Pasto,33268,1629181,64,2,Pacífico,1942
521701,PUERRES,52,NARINO,Pacifico,Pasto,33268,1629181,64,2,Pacífico,1943
524980,PUPIALES,52,NARINO,Pacifico,Pasto,33268,1629181,64,2,Pacífico,1944
522309,RICAURTE,52,NARINO,Pacifico,Pasto,33268,1629181,64,2,Pacífico,1945
527645,ROBERTO PAYAN,52,NARINO,Pacifico,Pasto,33268,1629181,64,2,Pacífico,1946
529097,SAN BERNARDO,52,NARINO,Pacifico,Pasto,33268,1629181,64,2,Pacífico,1947
524021,SAN LORENZO,52,NARINO,Pacifico,Pasto,33268,1629181,64,2,Pacífico,1948
522816,SAN PABLO,52,NARINO,Pacifico,Pasto,33268,1629181,64,2,Pacífico,1949
523782,SAN PEDRO DE CARTAGO,52,NARINO,Pacifico,Pasto,33268,1629181,64,2,Pacífico,1950
521180,SANDONA,52,NARINO,Pacifico,Pasto,33268,1629181,64,2,Pacífico,1951
520711,SANTA BARBARA,52,NARINO,Pacifico,Pasto,33268,1629181,64,2,Pacífico,1952
526390,SANTACRUZ,52,NARINO,Pacifico,Pasto,33268,1629181,64,2,Pacífico,1953
522316,SAPUYES,52,NARINO,Pacifico,Pasto,33268,1629181,64,2,Pacífico,1954
524012,TAMINANGO,52,NARINO,Pacifico,Pasto,33268,1629181,64,2,Pacífico,1955
529059,TANGUA,52,NARINO,Pacifico,Pasto,33268,1629181,64,2,Pacífico,1956
525332,TUQUERRES,52,NARINO,Pacifico,Pasto,33268,1629181,64,2,Pacífico,1957
520055,YACUANQUER,52,NARINO,Pacifico,Pasto,33268,1629181,64,2,Pacífico,1958
541782,ABREGO,54,NORTE DE SANTANDER,Orinoquia,Cúcuta,21658,1651278,40,7,Andina,1959
546010,ARBOLEDAS,54,NORTE DE SANTANDER,Orinoquia,Cúcuta,21658,1651278,40,7,Andina,1960
542430,BOCHALEMA,54,NORTE DE SANTANDER,Orinoquia,Cúcuta,21658,1651278,40,7,Andina,1961
542087,BUCARASICA,54,NORTE DE SANTANDER,Orinoquia,Cúcuta,21658,1651278,40,7,Andina,1962
547829,CACHIRA,54,NORTE DE SANTANDER,Orinoquia,Cúcuta,21658,1651278,40,7,Andina,1963
547641,CACOTA,54,NORTE DE SANTANDER,Orinoquia,Cúcuta,21658,1651278,40,7,Andina,1964
542750,CHINACOTA,54,NORTE DE SANTANDER,Orinoquia,Cúcuta,21658,1651278,40,7,Andina,1965
548043,CHITAGA,54,NORTE DE SANTANDER,Orinoquia,Cúcuta,21658,1651278,40,7,Andina,1966
540255,CONVENCION,54,NORTE DE SANTANDER,Orinoquia,Cúcuta,21658,1651278,40,7,Andina,1967
545747,CUCUTA,54,NORTE DE SANTANDER,Orinoquia,Cúcuta,21658,1651278,40,7,Andina,1968
544232,RAGONVALIA,54,NORTE DE SANTANDER,Orinoquia,Cúcuta,21658,1651278,40,7,Andina,1969
548673,CUCUTILLA,54,NORTE DE SANTANDER,Orinoquia,Cúcuta,21658,1651278,40,7,Andina,1970
548988,DURANIA,54,NORTE DE SANTANDER,Orinoquia,Cúcuta,21658,1651278,40,7,Andina,1971
540562,EL CARMEN,54,NORTE DE SANTANDER,Orinoquia,Cúcuta,21658,1651278,40,7,Andina,1972
545651,EL TARRA,54,NORTE DE SANTANDER,Orinoquia,Cúcuta,21658,1651278,40,7,Andina,1973
541219,EL ZULIA,54,NORTE DE SANTANDER,Orinoquia,Cúcuta,21658,1651278,40,7,Andina,1974
541467,GRAMALOTE,54,NORTE DE SANTANDER,Orinoquia,Cúcuta,21658,1651278,40,7,Andina,1975
544726,HACARI,54,NORTE DE SANTANDER,Orinoquia,Cúcuta,21658,1651278,40,7,Andina,1976
544639,HERRAN,54,NORTE DE SANTANDER,Orinoquia,Cúcuta,21658,1651278,40,7,Andina,1977
541872,LA ESPERANZA,54,NORTE DE SANTANDER,Orinoquia,Cúcuta,21658,1651278,40,7,Andina,1978
542980,LA PLAYA,54,NORTE DE SANTANDER,Orinoquia,Cúcuta,21658,1651278,40,7,Andina,1979
545595,LABATECA,54,NORTE DE SANTANDER,Orinoquia,Cúcuta,21658,1651278,40,7,Andina,1980
547471,LOS PATIOS,54,NORTE DE SANTANDER,Orinoquia,Cúcuta,21658,1651278,40,7,Andina,1981
547552,LOURDES,54,NORTE DE SANTANDER,Orinoquia,Cúcuta,21658,1651278,40,7,Andina,1982
549777,MUTISCUA,54,NORTE DE SANTANDER,Orinoquia,Cúcuta,21658,1651278,40,7,Andina,1983
548654,OCANA,54,NORTE DE SANTANDER,Orinoquia,Cúcuta,21658,1651278,40,7,Andina,1984
548773,PAMPLONA,54,NORTE DE SANTANDER,Orinoquia,Cúcuta,21658,1651278,40,7,Andina,1985
549505,TIBU,54,NORTE DE SANTANDER,Orinoquia,Cúcuta,21658,1651278,40,7,Andina,1986
541416,PAMPLONITA,54,NORTE DE SANTANDER,Orinoquia,Cúcuta,21658,1651278,40,7,Andina,1987
549187,PUERTO SANTANDER,54,NORTE DE SANTANDER,Orinoquia,Cúcuta,21658,1651278,40,7,Andina,1988
541619,SALAZAR,54,NORTE DE SANTANDER,Orinoquia,Cúcuta,21658,1651278,40,7,Andina,1989
542992,SAN CALIXTO,54,NORTE DE SANTANDER,Orinoquia,Cúcuta,21658,1651278,40,7,Andina,1990
549511,SAN CAYETANO,54,NORTE DE SANTANDER,Orinoquia,Cúcuta,21658,1651278,40,7,Andina,1991
540329,SANTIAGO,54,NORTE DE SANTANDER,Orinoquia,Cúcuta,21658,1651278,40,7,Andina,1992
544759,SARDINATA,54,NORTE DE SANTANDER,Orinoquia,Cúcuta,21658,1651278,40,7,Andina,1993
545623,SILOS,54,NORTE DE SANTANDER,Orinoquia,Cúcuta,21658,1651278,40,7,Andina,1994
549739,TEORAMA,54,NORTE DE SANTANDER,Orinoquia,Cúcuta,21658,1651278,40,7,Andina,1995
549605,TOLEDO,54,NORTE DE SANTANDER,Orinoquia,Cúcuta,21658,1651278,40,7,Andina,1996
547015,VILLA CARO,54,NORTE DE SANTANDER,Orinoquia,Cúcuta,21658,1651278,40,7,Andina,1997
545486,VILLA DEL ROSARIO,54,NORTE DE SANTANDER,Orinoquia,Cúcuta,21658,1651278,40,7,Andina,1998
869991,COLON,86,PUTUMAYO,Amazonia,Mocoa,24885,369064,13,8,Amazonía,1999
861890,LEGUIZAMO,86,PUTUMAYO,Amazonia,Mocoa,24885,369064,13,8,Amazonía,2000
862691,MOCOA,86,PUTUMAYO,Amazonia,Mocoa,24885,369064,13,8,Amazonía,2001
866582,ORITO,86,PUTUMAYO,Amazonia,Mocoa,24885,369064,13,8,Amazonía,2002
864497,PUERTO ASIS,86,PUTUMAYO,Amazonia,Mocoa,24885,369064,13,8,Amazonía,2003
864488,SIBUNDOY,86,PUTUMAYO,Amazonia,Mocoa,24885,369064,13,8,Amazonía,2004
863469,PUERTO CAICEDO,86,PUTUMAYO,Amazonia,Mocoa,24885,369064,13,8,Amazonía,2005
862924,PUERTO GUZMAN,86,PUTUMAYO,Amazonia,Mocoa,24885,369064,13,8,Amazonía,2006
867621,SAN FRANCISCO,86,PUTUMAYO,Amazonia,Mocoa,24885,369064,13,8,Amazonía,2007
864547,SAN MIGUEL,86,PUTUMAYO,Amazonia,Mocoa,24885,369064,13,8,Amazonía,2008
860329,SANTIAGO,86,PUTUMAYO,Amazonia,Mocoa,24885,369064,13,8,Amazonía,2009
861052,VALLE DEL GUAMUEZ,86,PUTUMAYO,Amazonia,Mocoa,24885,369064,13,8,Amazonía,2010
868229,VILLAGARZON,86,PUTUMAYO,Amazonia,Mocoa,24885,369064,13,8,Amazonía,2011
638313,BUENAVISTA,63,QUINDIO,Andina,La Esperanza,1845,569569,12,6,Andina,2012
638166,CALARCA,63,QUINDIO,Andina,La Esperanza,1845,569569,12,6,Andina,2013
636448,CIRCASIA,63,QUINDIO,Andina,La Esperanza,1845,569569,12,6,Andina,2014
636686,CORDOBA,63,QUINDIO,Andina,La Esperanza,1845,569569,12,6,Andina,2015
636189,FILANDIA,63,QUINDIO,Andina,La Esperanza,1845,569569,12,6,Andina,2016
631474,GENOVA,63,QUINDIO,Andina,La Esperanza,1845,569569,12,6,Andina,2017
630247,LA TEBAIDA,63,QUINDIO,Andina,La Esperanza,1845,569569,12,6,Andina,2018
634705,MONTENEGRO,63,QUINDIO,Andina,La Esperanza,1845,569569,12,6,Andina,2019
631936,PIJAO,63,QUINDIO,Andina,La Esperanza,1845,569569,12,6,Andina,2020
630804,QUIMBAYA,63,QUINDIO,Andina,La Esperanza,1845,569569,12,6,Andina,2021
632833,SALENTO,63,QUINDIO,Andina,La Esperanza,1845,569569,12,6,Andina,2022
664181,APIA,66,RISARALDA,Andina,Pereira,4140,977829,14,6,Andina,2023
665405,BALBOA,66,RISARALDA,Andina,Pereira,4140,977829,14,6,Andina,2024
664539,BELEN DE UMBRIA,66,RISARALDA,Andina,Pereira,4140,977829,14,6,Andina,2025
661800,DOSQUEBRADAS,66,RISARALDA,Andina,Pereira,4140,977829,14,6,Andina,2026
664965,GUATICA,66,RISARALDA,Andina,Pereira,4140,977829,14,6,Andina,2027
668695,LA CELIA,66,RISARALDA,Andina,Pereira,4140,977829,14,6,Andina,2028
661427,LA VIRGINIA,66,RISARALDA,Andina,Pereira,4140,977829,14,6,Andina,2029
668512,MISTRATO,66,RISARALDA,Andina,Pereira,4140,977829,14,6,Andina,2030
662280,MARSELLA,66,RISARALDA,Andina,Pereira,4140,977829,14,6,Andina,2031
661531,PUEBLO RICO,66,RISARALDA,Andina,Pereira,4140,977829,14,6,Andina,2032
666034,QUINCHIA,66,RISARALDA,Andina,Pereira,4140,977829,14,6,Andina,2033
661080,SANTA ROSA DE CABAL,66,RISARALDA,Andina,Pereira,4140,977829,14,6,Andina,2034
667814,SANTUARIO,66,RISARALDA,Andina,Pereira,4140,977829,14,6,Andina,2035
479086,SANTA MARTA,47,MAGDALENA,Caribe,Santa Marta,23188,1463427,30,5,Caribe,2036
888296,PROVIDENCIA,88,SAN ANDRES,Insular,San Andrés,44,65228,2,8,Insular,2037
888884,SAN ANDRES,88,SAN ANDRES,Insular,San Andrés,44,65228,2,8,Insular,2038
687253,AGUADA,68,SANTANDER,Andina,Bucaramanga,30537,2324090,87,7,Andina,2039
689662,ALBANIA,68,SANTANDER,Andina,Bucaramanga,30537,2324090,87,7,Andina,2040
685241,ARATOCA,68,SANTANDER,Andina,Bucaramanga,30537,2324090,87,7,Andina,2041
687233,BARBOSA,68,SANTANDER,Andina,Bucaramanga,30537,2324090,87,7,Andina,2042
683080,BARICHARA,68,SANTANDER,Andina,Bucaramanga,30537,2324090,87,7,Andina,2043
686862,BETULIA,68,SANTANDER,Andina,Bucaramanga,30537,2324090,87,7,Andina,2044
688579,BOLIVAR,68,SANTANDER,Andina,Bucaramanga,30537,2324090,87,7,Andina,2045
687925,CABRERA,68,SANTANDER,Andina,Bucaramanga,30537,2324090,87,7,Andina,2046
680973,CALIFORNIA,68,SANTANDER,Andina,Bucaramanga,30537,2324090,87,7,Andina,2047
688729,CAPITANEJO,68,SANTANDER,Andina,Bucaramanga,30537,2324090,87,7,Andina,2048
683135,CHIMA,68,SANTANDER,Andina,Bucaramanga,30537,2324090,87,7,Andina,2049
685775,CARCASI,68,SANTANDER,Andina,Bucaramanga,30537,2324090,87,7,Andina,2050
682938,CEPITA,68,SANTANDER,Andina,Bucaramanga,30537,2324090,87,7,Andina,2051
686475,CERRITO,68,SANTANDER,Andina,Bucaramanga,30537,2324090,87,7,Andina,2052
689553,CHARALA,68,SANTANDER,Andina,Bucaramanga,30537,2324090,87,7,Andina,2053
683306,COROMORO,68,SANTANDER,Andina,Bucaramanga,30537,2324090,87,7,Andina,2054
681800,CHARTA,68,SANTANDER,Andina,Bucaramanga,30537,2324090,87,7,Andina,2055
680063,CHIPATA,68,SANTANDER,Andina,Bucaramanga,30537,2324090,87,7,Andina,2056
685024,CIMITARRA,68,SANTANDER,Andina,Bucaramanga,30537,2324090,87,7,Andina,2057
680801,CONCEPCION,68,SANTANDER,Andina,Bucaramanga,30537,2324090,87,7,Andina,2058
686161,ENCISO,68,SANTANDER,Andina,Bucaramanga,30537,2324090,87,7,Andina,2059
681560,CONFINES,68,SANTANDER,Andina,Bucaramanga,30537,2324090,87,7,Andina,2060
689997,CONTRATACION,68,SANTANDER,Andina,Bucaramanga,30537,2324090,87,7,Andina,2061
689179,CURITI,68,SANTANDER,Andina,Bucaramanga,30537,2324090,87,7,Andina,2062
686539,EL CARMEN DE CHUCURI,68,SANTANDER,Andina,Bucaramanga,30537,2324090,87,7,Andina,2063
684883,EL GUACAMAYO,68,SANTANDER,Andina,Bucaramanga,30537,2324090,87,7,Andina,2064
687309,EL PENON,68,SANTANDER,Andina,Bucaramanga,30537,2324090,87,7,Andina,2065
686262,EL PLAYON,68,SANTANDER,Andina,Bucaramanga,30537,2324090,87,7,Andina,2066
680402,ENCINO,68,SANTANDER,Andina,Bucaramanga,30537,2324090,87,7,Andina,2067
686296,FLORIAN,68,SANTANDER,Andina,Bucaramanga,30537,2324090,87,7,Andina,2068
685123,FLORIDABLANCA,68,SANTANDER,Andina,Bucaramanga,30537,2324090,87,7,Andina,2069
682097,GALAN,68,SANTANDER,Andina,Bucaramanga,30537,2324090,87,7,Andina,2070
681820,GAMBITA,68,SANTANDER,Andina,Bucaramanga,30537,2324090,87,7,Andina,2071
685672,GIRON,68,SANTANDER,Andina,Bucaramanga,30537,2324090,87,7,Andina,2072
682325,GUACA,68,SANTANDER,Andina,Bucaramanga,30537,2324090,87,7,Andina,2073
681806,GUADALUPE,68,SANTANDER,Andina,Bucaramanga,30537,2324090,87,7,Andina,2074
689687,GUAPOTA,68,SANTANDER,Andina,Bucaramanga,30537,2324090,87,7,Andina,2075
685854,GUAVATA,68,SANTANDER,Andina,Bucaramanga,30537,2324090,87,7,Andina,2076
686735,GUEPSA,68,SANTANDER,Andina,Bucaramanga,30537,2324090,87,7,Andina,2077
684159,HATO,68,SANTANDER,Andina,Bucaramanga,30537,2324090,87,7,Andina,2078
686260,JESUS MARIA,68,SANTANDER,Andina,Bucaramanga,30537,2324090,87,7,Andina,2079
683427,JORDAN,68,SANTANDER,Andina,Bucaramanga,30537,2324090,87,7,Andina,2080
689001,LA BELLEZA,68,SANTANDER,Andina,Bucaramanga,30537,2324090,87,7,Andina,2081
689891,LA PAZ,68,SANTANDER,Andina,Bucaramanga,30537,2324090,87,7,Andina,2082
685865,LANDAZURI,68,SANTANDER,Andina,Bucaramanga,30537,2324090,87,7,Andina,2083
686277,LEBRIJA,68,SANTANDER,Andina,Bucaramanga,30537,2324090,87,7,Andina,2084
687659,LOS SANTOS,68,SANTANDER,Andina,Bucaramanga,30537,2324090,87,7,Andina,2085
688722,MACARAVITA,68,SANTANDER,Andina,Bucaramanga,30537,2324090,87,7,Andina,2086
680122,MALAGA,68,SANTANDER,Andina,Bucaramanga,30537,2324090,87,7,Andina,2087
683833,MATANZA,68,SANTANDER,Andina,Bucaramanga,30537,2324090,87,7,Andina,2088
685822,MOGOTES,68,SANTANDER,Andina,Bucaramanga,30537,2324090,87,7,Andina,2089
684844,MOLAGAVITA,68,SANTANDER,Andina,Bucaramanga,30537,2324090,87,7,Andina,2090
686189,OCAMONTE,68,SANTANDER,Andina,Bucaramanga,30537,2324090,87,7,Andina,2091
687533,OIBA,68,SANTANDER,Andina,Bucaramanga,30537,2324090,87,7,Andina,2092
682656,ONZAGA,68,SANTANDER,Andina,Bucaramanga,30537,2324090,87,7,Andina,2093
681973,PALMAR,68,SANTANDER,Andina,Bucaramanga,30537,2324090,87,7,Andina,2094
680035,PALMAS DEL SOCORRO,68,SANTANDER,Andina,Bucaramanga,30537,2324090,87,7,Andina,2095
680838,PARAMO,68,SANTANDER,Andina,Bucaramanga,30537,2324090,87,7,Andina,2096
681256,PIEDECUESTA,68,SANTANDER,Andina,Bucaramanga,30537,2324090,87,7,Andina,2097
682292,PINCHOTE,68,SANTANDER,Andina,Bucaramanga,30537,2324090,87,7,Andina,2098
685797,PUENTE NACIONAL,68,SANTANDER,Andina,Bucaramanga,30537,2324090,87,7,Andina,2099
686654,PUERTO PARRA,68,SANTANDER,Andina,Bucaramanga,30537,2324090,87,7,Andina,2100
681179,PUERTO WILCHES,68,SANTANDER,Andina,Bucaramanga,30537,2324090,87,7,Andina,2101
687152,RIONEGRO,68,SANTANDER,Andina,Bucaramanga,30537,2324090,87,7,Andina,2102
684392,SABANA DE TORRES,68,SANTANDER,Andina,Bucaramanga,30537,2324090,87,7,Andina,2103
688884,SAN ANDRES,68,SANTANDER,Andina,Bucaramanga,30537,2324090,87,7,Andina,2104
683613,SAN BENITO,68,SANTANDER,Andina,Bucaramanga,30537,2324090,87,7,Andina,2105
686743,SAN GIL,68,SANTANDER,Andina,Bucaramanga,30537,2324090,87,7,Andina,2106
682833,SAN JOAQUIN,68,SANTANDER,Andina,Bucaramanga,30537,2324090,87,7,Andina,2107
686445,SAN JOSE DE MIRANDA,68,SANTANDER,Andina,Bucaramanga,30537,2324090,87,7,Andina,2108
684547,SAN MIGUEL,68,SANTANDER,Andina,Bucaramanga,30537,2324090,87,7,Andina,2109
689769,SAN VICENTE DE CHUCURI,68,SANTANDER,Andina,Bucaramanga,30537,2324090,87,7,Andina,2110
680711,SANTA BARBARA,68,SANTANDER,Andina,Bucaramanga,30537,2324090,87,7,Andina,2111
689419,SANTA HELENA DEL OPON,68,SANTANDER,Andina,Bucaramanga,30537,2324090,87,7,Andina,2112
683658,SIMACOTA,68,SANTANDER,Andina,Bucaramanga,30537,2324090,87,7,Andina,2113
688335,SOCORRO,68,SANTANDER,Andina,Bucaramanga,30537,2324090,87,7,Andina,2114
686937,SUAITA,68,SANTANDER,Andina,Bucaramanga,30537,2324090,87,7,Andina,2115
680530,VELEZ,68,SANTANDER,Andina,Bucaramanga,30537,2324090,87,7,Andina,2116
689798,SUCRE,68,SANTANDER,Andina,Bucaramanga,30537,2324090,87,7,Andina,2117
709943,CHALAN,70,SUCRE,Caribe,Sincelejo,10917,972350,26,5,Caribe,2118
686396,SURATA,68,SANTANDER,Andina,Bucaramanga,30537,2324090,87,7,Andina,2119
683767,TONA,68,SANTANDER,Andina,Bucaramanga,30537,2324090,87,7,Andina,2120
701852,EL ROBLE,70,SUCRE,Caribe,Sincelejo,10917,972350,26,5,Caribe,2121
683110,VALLE DE SAN JOSE,68,SANTANDER,Andina,Bucaramanga,30537,2324090,87,7,Andina,2122
684263,VETAS,68,SANTANDER,Andina,Bucaramanga,30537,2324090,87,7,Andina,2123
680843,VILLANUEVA,68,SANTANDER,Andina,Bucaramanga,30537,2324090,87,7,Andina,2124
681180,ZAPATOCA,68,SANTANDER,Andina,Bucaramanga,30537,2324090,87,7,Andina,2125
708313,BUENAVISTA,70,SUCRE,Caribe,Sincelejo,10917,972350,26,5,Caribe,2126
703153,CAIMITO,70,SUCRE,Caribe,Sincelejo,10917,972350,26,5,Caribe,2127
704326,COLOSO,70,SUCRE,Caribe,Sincelejo,10917,972350,26,5,Caribe,2128
709886,COROZAL,70,SUCRE,Caribe,Sincelejo,10917,972350,26,5,Caribe,2129
705486,COVENAS,70,SUCRE,Caribe,Sincelejo,10917,972350,26,5,Caribe,2130
700337,GALERAS,70,SUCRE,Caribe,Sincelejo,10917,972350,26,5,Caribe,2131
700166,PALMITO,70,SUCRE,Caribe,Sincelejo,10917,972350,26,5,Caribe,2132
709007,GUARANDA,70,SUCRE,Caribe,Sincelejo,10917,972350,26,5,Caribe,2133
702350,LA UNION,70,SUCRE,Caribe,Sincelejo,10917,972350,26,5,Caribe,2134
703039,LOS PALMITOS,70,SUCRE,Caribe,Sincelejo,10917,972350,26,5,Caribe,2135
703826,MAJAGUAL,70,SUCRE,Caribe,Sincelejo,10917,972350,26,5,Caribe,2136
706757,MORROA,70,SUCRE,Caribe,Sincelejo,10917,972350,26,5,Caribe,2137
707770,OVEJAS,70,SUCRE,Caribe,Sincelejo,10917,972350,26,5,Caribe,2138
708140,SAMPUES,70,SUCRE,Caribe,Sincelejo,10917,972350,26,5,Caribe,2139
706323,SAN BENITO ABAD,70,SUCRE,Caribe,Sincelejo,10917,972350,26,5,Caribe,2140
705816,SAN JUAN DE BETULIA,70,SUCRE,Caribe,Sincelejo,10917,972350,26,5,Caribe,2141
709874,SAN MARCOS,70,SUCRE,Caribe,Sincelejo,10917,972350,26,5,Caribe,2142
708549,SAN ONOFRE,70,SUCRE,Caribe,Sincelejo,10917,972350,26,5,Caribe,2143
708137,SAN PEDRO,70,SUCRE,Caribe,Sincelejo,10917,972350,26,5,Caribe,2144
703305,SANTIAGO DE TOLU,70,SUCRE,Caribe,Sincelejo,10917,972350,26,5,Caribe,2145
704665,SINCE,70,SUCRE,Caribe,Sincelejo,10917,972350,26,5,Caribe,2146
701660,SINCELEJO,70,SUCRE,Caribe,Sincelejo,10917,972350,26,5,Caribe,2147
709798,SUCRE,70,SUCRE,Caribe,Sincelejo,10917,972350,26,5,Caribe,2148
704980,TOLU VIEJO,70,SUCRE,Caribe,Sincelejo,10917,972350,26,5,Caribe,2149
736016,ALPUJARRA,73,TOLIMA,Andina,Ibagué,23562,1346935,47,8,Andina,2150
730598,ALVARADO,73,TOLIMA,Andina,Ibagué,23562,1346935,47,8,Andina,2151
737655,AMBALEMA,73,TOLIMA,Andina,Ibagué,23562,1346935,47,8,Andina,2152
737128,ANZOATEGUI,73,TOLIMA,Andina,Ibagué,23562,1346935,47,8,Andina,2153
730544,ARMERO,73,TOLIMA,Andina,Ibagué,23562,1346935,47,8,Andina,2154
734580,ATACO,73,TOLIMA,Andina,Ibagué,23562,1346935,47,8,Andina,2155
734994,CAJAMARCA,73,TOLIMA,Andina,Ibagué,23562,1346935,47,8,Andina,2156
739088,CARMEN DE APICALA,73,TOLIMA,Andina,Ibagué,23562,1346935,47,8,Andina,2157
738885,CASABIANCA,73,TOLIMA,Andina,Ibagué,23562,1346935,47,8,Andina,2158
731401,CHAPARRAL,73,TOLIMA,Andina,Ibagué,23562,1346935,47,8,Andina,2159
737982,COELLO,73,TOLIMA,Andina,Ibagué,23562,1346935,47,8,Andina,2160
733995,COYAIMA,73,TOLIMA,Andina,Ibagué,23562,1346935,47,8,Andina,2161
738426,CUNDAY,73,TOLIMA,Andina,Ibagué,23562,1346935,47,8,Andina,2162
735844,DOLORES,73,TOLIMA,Andina,Ibagué,23562,1346935,47,8,Andina,2163
738215,FALAN,73,TOLIMA,Andina,Ibagué,23562,1346935,47,8,Andina,2164
735357,FLANDES,73,TOLIMA,Andina,Ibagué,23562,1346935,47,8,Andina,2165
732171,FRESNO,73,TOLIMA,Andina,Ibagué,23562,1346935,47,8,Andina,2166
734551,GUAMO,73,TOLIMA,Andina,Ibagué,23562,1346935,47,8,Andina,2167
735030,HERVEO,73,TOLIMA,Andina,Ibagué,23562,1346935,47,8,Andina,2168
739171,HONDA,73,TOLIMA,Andina,Ibagué,23562,1346935,47,8,Andina,2169
736273,ICONONZO,73,TOLIMA,Andina,Ibagué,23562,1346935,47,8,Andina,2170
736407,LERIDA,73,TOLIMA,Andina,Ibagué,23562,1346935,47,8,Andina,2171
733777,LIBANO,73,TOLIMA,Andina,Ibagué,23562,1346935,47,8,Andina,2172
731944,MARIQUITA,73,TOLIMA,Andina,Ibagué,23562,1346935,47,8,Andina,2173
738672,MELGAR,73,TOLIMA,Andina,Ibagué,23562,1346935,47,8,Andina,2174
734581,MURILLO,73,TOLIMA,Andina,Ibagué,23562,1346935,47,8,Andina,2175
732545,NATAGAIMA,73,TOLIMA,Andina,Ibagué,23562,1346935,47,8,Andina,2176
736329,ORTEGA,73,TOLIMA,Andina,Ibagué,23562,1346935,47,8,Andina,2177
737435,PALOCABILDO,73,TOLIMA,Andina,Ibagué,23562,1346935,47,8,Andina,2178
731108,PIEDRAS,73,TOLIMA,Andina,Ibagué,23562,1346935,47,8,Andina,2179
734850,PLANADAS,73,TOLIMA,Andina,Ibagué,23562,1346935,47,8,Andina,2180
730020,PRADO,73,TOLIMA,Andina,Ibagué,23562,1346935,47,8,Andina,2181
732554,PURIFICACION,73,TOLIMA,Andina,Ibagué,23562,1346935,47,8,Andina,2182
734558,RIOBLANCO,73,TOLIMA,Andina,Ibagué,23562,1346935,47,8,Andina,2183
731266,RONCESVALLES,73,TOLIMA,Andina,Ibagué,23562,1346935,47,8,Andina,2184
733013,ROVIRA,73,TOLIMA,Andina,Ibagué,23562,1346935,47,8,Andina,2185
731113,SALDANA,73,TOLIMA,Andina,Ibagué,23562,1346935,47,8,Andina,2186
739518,SAN ANTONIO,73,TOLIMA,Andina,Ibagué,23562,1346935,47,8,Andina,2187
768138,CARTAGO,76,VALLE DEL CAUCA,Pacifico,Cali,22140,4589278,42,2,Pacífico,2188
739972,SAN LUIS,73,TOLIMA,Andina,Ibagué,23562,1346935,47,8,Andina,2189
738232,SANTA ISABEL,73,TOLIMA,Andina,Ibagué,23562,1346935,47,8,Andina,2190
762018,ALCALA,76,VALLE DEL CAUCA,Pacifico,Cali,22140,4589278,42,2,Pacífico,2191
733554,SUAREZ,73,TOLIMA,Andina,Ibagué,23562,1346935,47,8,Andina,2192
733652,VALLE DE SAN JUAN,73,TOLIMA,Andina,Ibagué,23562,1346935,47,8,Andina,2193
739719,VENADILLO,73,TOLIMA,Andina,Ibagué,23562,1346935,47,8,Andina,2194
739564,VILLAHERMOSA,73,TOLIMA,Andina,Ibagué,23562,1346935,47,8,Andina,2195
733635,VILLARRICA,73,TOLIMA,Andina,Ibagué,23562,1346935,47,8,Andina,2196
768579,BOLIVAR,76,VALLE DEL CAUCA,Pacifico,Cali,22140,4589278,42,2,Pacífico,2197
767054,ANDALUCIA,76,VALLE DEL CAUCA,Pacifico,Cali,22140,4589278,42,2,Pacífico,2198
765642,ANSERMANUEVO,76,VALLE DEL CAUCA,Pacifico,Cali,22140,4589278,42,2,Pacífico,2199
762954,ARGELIA,76,VALLE DEL CAUCA,Pacifico,Cali,22140,4589278,42,2,Pacífico,2200
767786,BUGALAGRANDE,76,VALLE DEL CAUCA,Pacifico,Cali,22140,4589278,42,2,Pacífico,2201
765748,CAICEDONIA,76,VALLE DEL CAUCA,Pacifico,Cali,22140,4589278,42,2,Pacífico,2202
760552,CALIMA,76,VALLE DEL CAUCA,Pacifico,Cali,22140,4589278,42,2,Pacífico,2203
764911,CANDELARIA,76,VALLE DEL CAUCA,Pacifico,Cali,22140,4589278,42,2,Pacífico,2204
762876,DAGUA,76,VALLE DEL CAUCA,Pacifico,Cali,22140,4589278,42,2,Pacífico,2205
768307,EL AGUILA,76,VALLE DEL CAUCA,Pacifico,Cali,22140,4589278,42,2,Pacífico,2206
763778,EL CAIRO,76,VALLE DEL CAUCA,Pacifico,Cali,22140,4589278,42,2,Pacífico,2207
762617,EL CERRITO,76,VALLE DEL CAUCA,Pacifico,Cali,22140,4589278,42,2,Pacífico,2208
763540,EL DOVIO,76,VALLE DEL CAUCA,Pacifico,Cali,22140,4589278,42,2,Pacífico,2209
764832,FLORIDA,76,VALLE DEL CAUCA,Pacifico,Cali,22140,4589278,42,2,Pacífico,2210
768064,GINEBRA,76,VALLE DEL CAUCA,Pacifico,Cali,22140,4589278,42,2,Pacífico,2211
768028,GUACARI,76,VALLE DEL CAUCA,Pacifico,Cali,22140,4589278,42,2,Pacífico,2212
760970,GUADALAJARA DE BUGA,76,VALLE DEL CAUCA,Pacifico,Cali,22140,4589278,42,2,Pacífico,2213
763592,JAMUNDI,76,VALLE DEL CAUCA,Pacifico,Cali,22140,4589278,42,2,Pacífico,2214
762285,LA CUMBRE,76,VALLE DEL CAUCA,Pacifico,Cali,22140,4589278,42,2,Pacífico,2215
762350,LA UNION,76,VALLE DEL CAUCA,Pacifico,Cali,22140,4589278,42,2,Pacífico,2216
765818,LA VICTORIA,76,VALLE DEL CAUCA,Pacifico,Cali,22140,4589278,42,2,Pacífico,2217
766171,OBANDO,76,VALLE DEL CAUCA,Pacifico,Cali,22140,4589278,42,2,Pacífico,2218
767311,PALMIRA,76,VALLE DEL CAUCA,Pacifico,Cali,22140,4589278,42,2,Pacífico,2219
764561,PRADERA,76,VALLE DEL CAUCA,Pacifico,Cali,22140,4589278,42,2,Pacífico,2220
769523,RESTREPO,76,VALLE DEL CAUCA,Pacifico,Cali,22140,4589278,42,2,Pacífico,2221
766799,RIOFRIO,76,VALLE DEL CAUCA,Pacifico,Cali,22140,4589278,42,2,Pacífico,2222
768137,SAN PEDRO,76,VALLE DEL CAUCA,Pacifico,Cali,22140,4589278,42,2,Pacífico,2223
768373,TULUA,76,VALLE DEL CAUCA,Pacifico,Cali,22140,4589278,42,2,Pacífico,2224
762376,SEVILLA,76,VALLE DEL CAUCA,Pacifico,Cali,22140,4589278,42,2,Pacífico,2225
760102,TORO,76,VALLE DEL CAUCA,Pacifico,Cali,22140,4589278,42,2,Pacífico,2226
766713,TRUJILLO,76,VALLE DEL CAUCA,Pacifico,Cali,22140,4589278,42,2,Pacífico,2227
765925,ULLOA,76,VALLE DEL CAUCA,Pacifico,Cali,22140,4589278,42,2,Pacífico,2228
761423,VERSALLES,76,VALLE DEL CAUCA,Pacifico,Cali,22140,4589278,42,2,Pacífico,2229
765068,VIJES,76,VALLE DEL CAUCA,Pacifico,Cali,22140,4589278,42,2,Pacífico,2230
767701,YOTOCO,76,VALLE DEL CAUCA,Pacifico,Cali,22140,4589278,42,2,Pacífico,2231
762022,YUMBO,76,VALLE DEL CAUCA,Pacifico,Cali,22140,4589278,42,2,Pacífico,2232
766766,ZARZAL,76,VALLE DEL CAUCA,Pacifico,Cali,22140,4589278,42,2,Pacífico,2233
972864,CARURU,97,VAUPES,Amazonia,Mitú,54135,48932,3,8,Amazonía,2234
979940,MITU,97,VAUPES,Amazonia,Mitú,54135,48932,3,8,Amazonía,2235
972482,TARAIRA,97,VAUPES,Amazonia,Mitú,54135,48932,3,8,Amazonía,2236
990150,CUMARIBO,99,VICHADA,Amazonia,Puerto Carreño,100242,115778,4,8,Orinoquía,2237
994982,LA PRIMAVERA,99,VICHADA,Amazonia,Puerto Carreño,100242,115778,4,8,Orinoquía,2238
990108,PUERTO CARRENO,99,VICHADA,Amazonia,Puerto Carreño,100242,115778,4,8,Orinoquía,2239
999179,SANTA ROSALIA,99,VICHADA,Amazonia,Puerto Carreño,100242,115778,4,8,Orinoquía,2240
