sk_time,sk_facility,sk_capacity_type,sk_geografia,capacity_amount,sk_capacity
2,1,1,1130,1,1
2,1,10,1130,1,2
2,2,2,1131,2,3
2,2,3,1131,2,4
2,2,4,1131,3,5
2,2,6,1131,2,6
2,2,7,1131,2,7
2,2,8,1131,2,8
2,2,9,1131,1,9
2,2,10,1131,9,10
2,2,11,1131,1,11
2,2,18,1131,3,12
2,3,1,1132,1,13
2,3,2,1132,1,14
2,3,3,1132,3,15
2,3,4,1132,4,16
2,3,5,1132,1,17
2,3,6,1132,2,18
2,3,7,1132,2,19
2,3,8,1132,2,20
2,3,9,1132,1,21
2,3,10,1132,1,22
2,3,11,1132,1,23
2,4,1,1133,1,24
2,4,3,1133,2,25
2,4,4,1133,3,26
2,4,6,1133,1,27
2,4,7,1133,1,28
2,4,8,1133,1,29
2,4,9,1133,1,30
2,4,10,1133,1,31
2,5,1,1134,1,32
2,5,2,1134,3,33
2,5,3,1134,13,34
2,5,4,1134,41,35
2,5,5,1134,1,36
2,5,6,1134,5,37
2,5,7,1134,11,38
2,5,8,1134,11,39
2,5,9,1134,2,40
2,5,10,1134,17,41
2,5,11,1134,1,42
2,5,13,1134,2,43
2,5,14,1134,18,44
2,5,15,1134,1,45
2,5,16,1134,2,46
2,5,17,1134,1,47
2,6,1,1135,1,48
2,6,2,1135,1,49
2,6,3,1135,2,50
2,6,4,1135,3,51
2,6,5,1135,1,52
2,6,6,1135,1,53
2,6,7,1135,1,54
2,6,8,1135,1,55
2,6,9,1135,1,56
2,6,10,1135,1,57
2,6,11,1135,1,58
2,7,12,1136,1,59
2,8,1,1134,1,60
2,8,2,1134,2,61
2,8,3,1134,2,62
2,8,4,1134,29,63
2,8,6,1134,2,64
2,8,7,1134,10,65
2,8,8,1134,10,66
2,8,9,1134,2,67
2,8,10,1134,1,68
2,8,11,1134,1,69
2,8,17,1134,1,70
2,8,18,1134,1,71
2,8,19,1134,5,72
2,9,10,1134,1,73
2,10,1,1134,1,74
2,10,10,1134,2,75
2,11,10,1134,3,76
2,12,10,1134,4,77
2,13,10,1134,2,78
2,13,12,1134,1,79
2,13,20,1134,30,80
2,13,21,1134,20,81
2,13,22,1134,30,82
2,14,1,1134,1,83
2,14,10,1134,10,84
2,15,10,1134,2,85
2,16,1,1134,1,86
2,16,10,1134,3,87
2,17,1,1134,1,88
2,17,10,1134,6,89
2,18,1,1134,1,90
2,18,10,1134,2,91
2,19,1,1134,1,92
2,19,10,1134,1,93
2,19,23,1134,3,94
2,20,1,1137,1,95
2,20,2,1137,1,96
2,20,3,1137,1,97
2,20,4,1137,2,98
2,20,5,1137,1,99
2,20,6,1137,1,100
2,20,7,1137,1,101
2,20,8,1137,1,102
2,20,9,1137,1,103
2,20,10,1137,1,104
2,20,11,1137,1,105
2,21,1,1138,1,106
2,21,10,1138,1,107
2,21,12,1138,1,108
2,22,1,1139,1,109
2,22,3,1139,1,110
2,22,4,1139,2,111
2,22,6,1139,1,112
2,22,7,1139,1,113
2,22,8,1139,1,114
2,22,9,1139,1,115
2,22,10,1139,1,116
2,23,1,1140,1,117
2,23,2,1140,1,118
2,23,3,1140,4,119
2,23,4,1140,8,120
2,23,5,1140,1,121
2,23,6,1140,1,122
2,23,7,1140,2,123
2,23,8,1140,1,124
2,23,9,1140,1,125
2,23,10,1140,1,126
2,23,11,1140,1,127
2,24,2,1141,3,128
2,24,3,1141,3,129
2,24,4,1141,4,130
2,24,6,1141,2,131
2,24,7,1141,3,132
2,24,8,1141,3,133
2,24,9,1141,1,134
2,24,10,1141,11,135
2,24,11,1141,1,136
2,24,18,1141,2,137
2,25,1,1142,1,138
2,25,2,1142,1,139
2,25,3,1142,2,140
2,25,4,1142,4,141
2,25,5,1142,1,142
2,25,6,1142,1,143
2,25,7,1142,1,144
2,25,8,1142,1,145
2,25,9,1142,1,146
2,25,10,1142,1,147
2,25,11,1142,1,148
2,26,1,1143,1,149
2,26,2,1143,1,150
2,26,3,1143,2,151
2,26,4,1143,4,152
2,26,6,1143,2,153
2,26,7,1143,2,154
2,26,8,1143,2,155
2,26,9,1143,1,156
2,26,10,1143,1,157
2,26,11,1143,1,158
2,27,1,1144,1,159
2,27,2,1144,4,160
2,27,3,1144,2,161
2,27,4,1144,4,162
2,27,6,1144,1,163
2,27,7,1144,2,164
2,27,8,1144,2,165
2,27,9,1144,1,166
2,27,10,1144,22,167
2,27,11,1144,1,168
2,27,18,1144,3,169
2,28,1,1145,1,170
2,28,3,1145,2,171
2,28,4,1145,4,172
2,28,6,1145,1,173
2,28,7,1145,2,174
2,28,8,1145,1,175
2,28,9,1145,1,176
2,28,10,1145,4,177
2,28,11,1145,1,178
2,28,18,1145,1,179
2,29,3,1146,1,180
2,29,4,1146,2,181
2,29,6,1146,1,182
2,29,7,1146,1,183
2,29,8,1146,1,184
2,29,9,1146,1,185
2,29,10,1146,1,186
2,29,11,1146,1,187
2,29,12,1146,1,188
2,29,18,1146,2,189
2,30,10,1141,2,190
2,31,10,1141,11,191
2,32,3,1147,2,192
2,32,4,1147,13,193
2,32,6,1147,1,194
2,32,7,1147,3,195
2,32,8,1147,3,196
2,32,9,1147,1,197
2,32,10,1147,11,198
2,32,11,1147,1,199
2,32,18,1147,2,200
2,33,10,1148,2,201
2,34,1,1148,1,202
2,34,3,1148,4,203
2,34,4,1148,12,204
2,34,5,1148,6,205
2,34,6,1148,1,206
2,34,7,1148,5,207
2,34,8,1148,5,208
2,34,9,1148,2,209
2,34,10,1148,18,210
2,34,11,1148,1,211
2,34,18,1148,3,212
2,35,3,1149,17,213
2,35,4,1149,143,214
2,35,11,1149,1,215
2,35,13,1149,4,216
2,35,14,1149,12,217
2,35,16,1149,5,218
2,35,23,1149,12,219
2,35,25,1149,3,220
2,35,30,1149,8,221
2,35,35,1149,10,222
2,35,42,1149,8,223
2,35,43,1149,4,224
2,35,44,1149,12,225
2,35,45,1149,2,226
2,35,50,1149,8,227
2,35,59,1149,1,228
2,35,60,1149,1,229
2,36,1,1150,1,230
2,36,3,1150,2,231
2,36,4,1150,4,232
2,36,6,1150,1,233
2,36,7,1150,1,234
2,36,8,1150,2,235
2,36,9,1150,1,236
2,36,10,1150,5,237
2,36,18,1150,1,238
2,37,1,1151,1,239
2,37,2,1151,1,240
2,37,3,1151,1,241
2,37,4,1151,4,242
2,37,6,1151,1,243
2,37,7,1151,3,244
2,37,8,1151,2,245
2,37,9,1151,1,246
2,37,10,1151,9,247
2,37,11,1151,1,248
2,37,18,1151,2,249
2,38,1,1152,1,250
2,38,2,1152,2,251
2,38,3,1152,1,252
2,38,4,1152,2,253
2,38,6,1152,1,254
2,38,7,1152,2,255
2,38,8,1152,2,256
2,38,9,1152,1,257
2,38,10,1152,1,258
2,38,11,1152,1,259
2,38,18,1152,4,260
2,39,2,1153,1,261
2,39,3,1153,1,262
2,39,4,1153,2,263
2,39,6,1153,1,264
2,39,7,1153,1,265
2,39,8,1153,1,266
2,39,9,1153,1,267
2,39,10,1153,6,268
2,39,11,1153,1,269
2,39,18,1153,3,270
2,40,10,1130,5,271
2,41,1,1130,1,272
2,41,10,1130,4,273
2,42,10,1130,2,274
2,43,10,1130,1,275
2,44,1,1130,1,276
2,44,10,1130,3,277
2,44,23,1130,15,278
2,45,10,1130,1,279
2,46,10,1130,5,280
2,46,17,1130,1,281
2,47,1,1130,2,282
2,47,10,1130,18,283
2,48,1,1130,2,284
2,48,2,1130,6,285
2,48,3,1130,24,286
2,48,4,1130,74,287
2,48,6,1130,6,288
2,48,7,1130,9,289
2,48,8,1130,9,290
2,48,9,1130,2,291
2,48,10,1130,38,292
2,48,11,1130,2,293
2,48,17,1130,2,294
2,49,1,1130,1,295
2,49,3,1130,2,296
2,49,4,1130,21,297
2,49,6,1130,1,298
2,49,7,1130,3,299
2,49,8,1130,3,300
2,49,9,1130,6,301
2,49,10,1130,6,302
2,49,17,1130,2,303
2,50,10,1130,3,304
2,51,1,1130,1,305
2,51,10,1130,2,306
2,52,1,1130,1,307
2,52,10,1130,2,308
2,53,10,1130,3,309
2,54,10,1130,1,310
2,55,10,1130,3,311
2,55,24,1130,14,312
2,56,10,1130,1,313
2,57,10,1130,1,314
2,58,1,1130,1,315
2,58,3,1130,4,316
2,58,4,1130,15,317
2,58,10,1130,11,318
2,58,17,1130,2,319
2,58,18,1130,1,320
2,58,25,1130,1,321
2,59,10,1130,7,322
2,60,1,1130,1,323
2,60,10,1130,14,324
2,61,10,1130,1,325
2,62,10,1130,1,326
2,63,10,1130,4,327
2,63,17,1130,2,328
2,64,10,1130,4,329
2,65,10,1130,4,330
2,66,1,1130,3,331
2,66,10,1130,1,332
2,67,18,1130,6,333
2,68,10,1130,9,334
2,68,12,1130,1,335
2,68,17,1130,1,336
2,69,1,1130,2,337
2,69,2,1130,3,338
2,69,3,1130,6,339
2,69,4,1130,69,340
2,69,6,1130,5,341
2,69,7,1130,13,342
2,69,8,1130,13,343
2,69,9,1130,2,344
2,69,10,1130,19,345
2,69,11,1130,1,346
2,69,17,1130,5,347
2,69,19,1130,3,348
2,69,26,1130,2,349
2,69,27,1130,5,350
2,69,28,1130,10,351
2,69,29,1130,1,352
2,69,30,1130,12,353
2,70,1,1130,1,354
2,70,10,1130,1,355
2,70,23,1130,24,356
2,71,10,1130,1,357
2,72,10,1130,1,358
2,73,25,1130,1,359
2,74,31,1130,20,360
2,75,10,1130,4,361
2,76,10,1130,1,362
2,77,10,1130,1,363
2,78,1,1130,1,364
2,79,1,1130,1,365
2,79,10,1130,1,366
2,80,10,1130,1,367
2,81,1,1130,1,368
2,81,10,1130,1,369
2,82,10,1130,1,370
2,83,1,1130,1,371
2,83,10,1130,1,372
2,84,1,1130,1,373
2,84,10,1130,7,374
2,85,19,1130,4,375
2,85,28,1130,8,376
2,86,10,1130,3,377
2,87,10,1130,1,378
2,88,10,1154,3,379
2,89,3,1154,2,380
2,89,4,1154,7,381
2,89,6,1154,2,382
2,89,7,1154,2,383
2,89,8,1154,2,384
2,89,9,1154,1,385
2,89,10,1154,8,386
2,89,11,1154,1,387
2,89,18,1154,2,388
2,90,10,1154,5,389
2,91,2,1155,1,390
2,91,3,1155,2,391
2,91,4,1155,6,392
2,91,6,1155,1,393
2,91,7,1155,4,394
2,91,8,1155,3,395
2,91,9,1155,1,396
2,91,10,1155,9,397
2,91,18,1155,2,398
2,92,3,1156,2,399
2,92,4,1156,2,400
2,92,6,1156,2,401
2,92,7,1156,2,402
2,92,8,1156,2,403
2,92,9,1156,1,404
2,92,10,1156,1,405
2,92,11,1156,1,406
2,92,18,1156,1,407
2,93,10,1157,6,408
2,94,10,1157,2,409
2,95,1,1157,1,410
2,95,2,1157,3,411
2,95,3,1157,2,412
2,95,4,1157,9,413
2,95,6,1157,2,414
2,95,7,1157,8,415
2,95,8,1157,8,416
2,95,9,1157,3,417
2,95,10,1157,14,418
2,95,11,1157,1,419
2,95,12,1157,1,420
2,95,17,1157,1,421
2,95,18,1157,3,422
2,96,10,1157,2,423
2,96,20,1157,90,424
2,97,1,1157,1,425
2,97,10,1157,1,426
2,98,1,1157,2,427
2,98,10,1157,1,428
2,99,10,1158,7,429
2,100,10,1158,12,430
2,101,10,1158,1,431
2,102,1,1158,1,432
2,102,10,1158,18,433
2,103,10,1158,3,434
2,104,1,1158,2,435
2,104,10,1158,88,436
2,105,10,1158,1,437
2,105,23,1158,49,438
2,106,10,1158,1,439
2,107,10,1158,4,440
2,108,10,1158,5,441
2,109,10,1158,6,442
2,110,10,1158,3,443
2,111,10,1158,4,444
2,112,1,1158,2,445
2,112,10,1158,27,446
2,113,10,1158,5,447
2,114,10,1158,1,448
2,115,10,1158,3,449
2,116,10,1158,1,450
2,117,10,1158,1,451
2,118,10,1158,5,452
2,119,10,1158,20,453
2,120,10,1158,1,454
2,121,1,1158,1,455
2,121,10,1158,22,456
2,122,10,1158,1,457
2,123,10,1158,3,458
2,124,10,1158,3,459
2,125,1,1158,1,460
2,125,6,1158,4,461
2,125,7,1158,7,462
2,125,8,1158,7,463
2,125,9,1158,2,464
2,125,10,1158,14,465
2,125,24,1158,219,466
2,125,32,1158,10,467
2,125,33,1158,20,468
2,125,34,1158,15,469
2,126,18,1159,13,470
2,127,1,1158,3,471
2,127,3,1158,2,472
2,127,4,1158,17,473
2,127,6,1158,2,474
2,127,7,1158,3,475
2,127,8,1158,3,476
2,127,9,1158,1,477
2,127,10,1158,55,478
2,127,11,1158,1,479
2,127,18,1158,2,480
2,128,10,1158,3,481
2,129,1,1158,2,482
2,129,3,1158,53,483
2,129,4,1158,183,484
2,129,6,1158,15,485
2,129,7,1158,15,486
2,129,8,1158,20,487
2,129,9,1158,6,488
2,129,10,1158,3,489
2,129,17,1158,2,490
2,130,1,1158,1,491
2,130,10,1158,2,492
2,131,10,1158,1,493
2,132,4,1158,26,494
2,132,10,1158,4,495
2,132,17,1158,2,496
2,132,19,1158,17,497
2,132,28,1158,8,498
2,133,10,1158,1,499
2,134,10,1158,2,500
2,135,10,1158,7,501
2,136,1,1158,1,502
2,136,10,1158,3,503
2,136,23,1158,45,504
2,137,1,1158,2,505
2,137,4,1158,111,506
2,137,7,1158,22,507
2,137,8,1158,21,508
2,137,9,1158,3,509
2,137,10,1158,14,510
2,137,17,1158,7,511
2,137,19,1158,10,512
2,137,23,1158,4,513
2,137,28,1158,17,514
2,138,1,1158,2,515
2,139,10,1158,2,516
2,140,10,1158,5,517
2,141,10,1158,1,518
2,142,10,1158,2,519
2,143,1,1158,1,520
2,143,10,1158,2,521
2,144,1,1158,2,522
2,144,3,1158,8,523
2,144,4,1158,21,524
2,144,6,1158,1,525
2,144,7,1158,4,526
2,144,8,1158,5,527
2,144,9,1158,3,528
2,144,10,1158,11,529
2,144,17,1158,3,530
2,145,1,1158,1,531
2,145,10,1158,10,532
2,146,10,1158,5,533
2,147,10,1158,2,534
2,148,1,1160,1,535
2,148,3,1160,2,536
2,148,4,1160,2,537
2,148,6,1160,1,538
2,148,7,1160,1,539
2,148,8,1160,1,540
2,148,9,1160,1,541
2,148,10,1160,1,542
2,148,11,1160,1,543
2,148,18,1160,1,544
2,149,2,1161,1,545
2,149,3,1161,1,546
2,149,4,1161,2,547
2,149,7,1161,1,548
2,149,8,1161,1,549
2,149,9,1161,1,550
2,149,10,1161,1,551
2,149,11,1161,1,552
2,149,18,1161,2,553
2,150,2,1162,4,554
2,150,3,1162,3,555
2,150,4,1162,4,556
2,150,6,1162,2,557
2,150,7,1162,3,558
2,150,8,1162,3,559
2,150,9,1162,1,560
2,150,10,1162,15,561
2,150,11,1162,2,562
2,150,18,1162,3,563
2,151,2,1163,3,564
2,151,3,1163,2,565
2,151,4,1163,5,566
2,151,6,1163,2,567
2,151,7,1163,2,568
2,151,8,1163,2,569
2,151,9,1163,1,570
2,151,10,1163,4,571
2,151,11,1163,1,572
2,151,18,1163,2,573
2,152,1,1164,2,574
2,152,2,1164,1,575
2,152,3,1164,2,576
2,152,4,1164,4,577
2,152,6,1164,1,578
2,152,7,1164,1,579
2,152,8,1164,1,580
2,152,9,1164,1,581
2,152,10,1164,7,582
2,152,12,1164,1,583
2,152,18,1164,1,584
2,153,2,1165,4,585
2,153,3,1165,3,586
2,153,4,1165,3,587
2,153,6,1165,1,588
2,153,7,1165,2,589
2,153,8,1165,2,590
2,153,9,1165,1,591
2,153,10,1165,13,592
2,153,11,1165,1,593
2,153,18,1165,2,594
2,154,3,1166,1,595
2,154,4,1166,1,596
2,154,11,1166,1,597
2,154,18,1166,2,598
2,154,35,1166,1,599
2,155,1,1167,1,600
2,155,10,1167,28,601
2,155,18,1167,1,602
2,156,10,1167,12,603
2,157,10,1167,5,604
2,158,1,1167,1,605
2,158,3,1167,16,606
2,158,4,1167,71,607
2,158,6,1167,4,608
2,158,7,1167,10,609
2,158,8,1167,10,610
2,158,9,1167,3,611
2,158,10,1167,20,612
2,158,11,1167,1,613
2,158,17,1167,3,614
2,158,18,1167,1,615
2,158,25,1167,2,616
2,159,1,1167,1,617
2,159,10,1167,5,618
2,160,10,1167,1,619
2,160,20,1167,73,620
2,161,2,1168,2,621
2,161,3,1168,3,622
2,161,4,1168,4,623
2,161,7,1168,4,624
2,161,8,1168,3,625
2,161,9,1168,1,626
2,161,10,1168,1,627
2,161,11,1168,1,628
2,161,18,1168,2,629
2,162,3,1169,2,630
2,162,4,1169,3,631
2,162,11,1169,1,632
2,162,18,1169,2,633
2,162,35,1169,2,634
2,163,3,1170,1,635
2,163,4,1170,1,636
2,163,5,1170,1,637
2,163,6,1170,1,638
2,163,7,1170,1,639
2,163,8,1170,1,640
2,163,9,1170,1,641
2,163,10,1170,5,642
2,163,11,1170,1,643
2,163,12,1170,1,644
2,163,18,1170,2,645
2,164,10,1171,1,646
2,164,24,1171,15,647
2,164,32,1171,5,648
2,164,33,1171,40,649
2,164,36,1171,5,650
2,165,3,1172,1,651
2,165,4,1172,4,652
2,165,7,1172,1,653
2,165,8,1172,1,654
2,165,9,1172,1,655
2,165,10,1172,3,656
2,165,11,1172,1,657
2,165,18,1172,1,658
2,166,1,1173,1,659
2,166,10,1173,11,660
2,167,10,1173,11,661
2,168,1,1173,1,662
2,168,10,1173,1,663
2,168,18,1173,1,664
2,169,10,1173,3,665
2,169,20,1173,10,666
2,169,24,1173,20,667
2,170,1,1173,1,668
2,170,10,1173,7,669
2,171,10,1173,1,670
2,172,1,1173,3,671
2,172,3,1173,8,672
2,172,4,1173,17,673
2,172,5,1173,1,674
2,172,6,1173,5,675
2,172,7,1173,6,676
2,172,8,1173,6,677
2,172,9,1173,3,678
2,172,10,1173,20,679
2,172,11,1173,1,680
2,172,18,1173,2,681
2,173,10,1173,1,682
2,174,10,1173,1,683
2,175,1,1174,1,684
2,175,2,1174,1,685
2,175,3,1174,1,686
2,175,4,1174,2,687
2,175,6,1174,1,688
2,175,7,1174,1,689
2,175,8,1174,1,690
2,175,9,1174,1,691
2,175,10,1174,2,692
2,175,11,1174,1,693
2,175,18,1174,2,694
2,176,1,1171,1,695
2,176,10,1171,8,696
2,177,10,1171,7,697
2,178,10,1171,1,698
2,179,10,1171,1,699
2,180,10,1171,1,700
2,181,1,1171,1,701
2,181,3,1171,31,702
2,181,4,1171,80,703
2,181,6,1171,3,704
2,181,7,1171,15,705
2,181,8,1171,19,706
2,181,9,1171,6,707
2,181,10,1171,33,708
2,181,11,1171,2,709
2,181,12,1171,1,710
2,181,17,1171,5,711
2,181,18,1171,1,712
2,181,25,1171,1,713
2,182,2,1171,6,714
2,182,3,1171,5,715
2,182,4,1171,24,716
2,182,6,1171,4,717
2,182,7,1171,10,718
2,182,8,1171,10,719
2,182,9,1171,2,720
2,182,10,1171,16,721
2,182,11,1171,1,722
2,182,17,1171,3,723
2,182,25,1171,3,724
2,182,28,1171,5,725
2,183,10,1171,1,726
2,184,10,1171,1,727
2,185,10,1171,3,728
2,186,1,1171,1,729
2,187,10,1171,1,730
2,188,1,1171,1,731
2,188,10,1171,5,732
2,189,26,1171,2,733
2,189,27,1171,6,734
2,189,29,1171,3,735
2,189,37,1171,1,736
2,189,38,1171,4,737
2,189,39,1171,6,738
2,190,10,1171,1,739
2,191,10,1171,5,740
2,192,1,1171,2,741
2,192,4,1171,1,742
2,192,10,1171,2,743
2,192,40,1171,2,744
2,193,10,1171,6,745
2,194,1,1171,1,746
2,194,10,1171,2,747
2,195,10,1171,3,748
2,196,1,1175,2,749
2,196,10,1175,9,750
2,197,1,1175,1,751
2,198,10,1175,9,752
2,199,10,1175,1,753
2,200,1,1175,1,754
2,200,10,1175,6,755
2,201,3,1175,4,756
2,201,4,1175,14,757
2,201,6,1175,2,758
2,201,7,1175,4,759
2,201,8,1175,4,760
2,201,9,1175,2,761
2,201,10,1175,4,762
2,201,11,1175,1,763
2,201,18,1175,3,764
2,202,2,1175,19,765
2,202,4,1175,4,766
2,202,10,1175,3,767
2,202,11,1175,1,768
2,202,17,1175,1,769
2,202,26,1175,5,770
2,202,27,1175,8,771
2,202,29,1175,8,772
2,202,38,1175,1,773
2,203,1,1175,1,774
2,203,10,1175,8,775
2,203,12,1175,1,776
2,204,1,1175,1,777
2,204,10,1175,4,778
2,205,3,1176,3,779
2,205,4,1176,7,780
2,205,6,1176,1,781
2,205,7,1176,3,782
2,205,8,1176,3,783
2,205,9,1176,1,784
2,205,10,1176,8,785
2,205,11,1176,1,786
2,205,18,1176,2,787
2,206,1,1176,1,788
2,206,10,1176,3,789
2,207,1,1177,1,790
2,208,1,1177,1,791
2,208,3,1177,8,792
2,208,4,1177,18,793
2,208,5,1177,9,794
2,208,6,1177,1,795
2,208,7,1177,4,796
2,208,8,1177,4,797
2,208,9,1177,2,798
2,208,10,1177,14,799
2,208,11,1177,1,800
2,208,16,1177,1,801
2,208,17,1177,2,802
2,208,18,1177,2,803
2,208,25,1177,1,804
2,209,3,1178,2,805
2,209,4,1178,5,806
2,209,7,1178,5,807
2,209,8,1178,5,808
2,209,9,1178,1,809
2,209,10,1178,6,810
2,209,11,1178,1,811
2,209,12,1178,1,812
2,209,18,1178,2,813
2,210,2,1179,1,814
2,210,3,1179,1,815
2,210,4,1179,1,816
2,210,7,1179,3,817
2,210,8,1179,2,818
2,210,10,1179,1,819
2,210,11,1179,1,820
2,210,18,1179,1,821
2,211,1,1180,1,822
2,211,3,1180,2,823
2,211,4,1180,7,824
2,211,6,1180,1,825
2,211,7,1180,2,826
2,211,8,1180,2,827
2,211,9,1180,1,828
2,211,10,1180,6,829
2,211,11,1180,1,830
2,211,18,1180,3,831
2,212,20,1181,116,832
2,213,1,1181,1,833
2,213,10,1181,19,834
2,214,10,1181,1,835
2,215,1,1181,1,836
2,215,2,1181,2,837
2,215,3,1181,2,838
2,215,4,1181,8,839
2,215,6,1181,2,840
2,215,7,1181,8,841
2,215,8,1181,8,842
2,215,9,1181,1,843
2,215,10,1181,5,844
2,215,11,1181,1,845
2,215,12,1181,1,846
2,215,18,1181,1,847
2,216,10,1181,6,848
2,217,1,1181,1,849
2,217,10,1181,1,850
2,218,1,1181,1,851
2,219,3,1182,3,852
2,219,4,1182,7,853
2,219,6,1182,2,854
2,219,7,1182,2,855
2,219,8,1182,2,856
2,219,9,1182,1,857
2,219,10,1182,10,858
2,219,11,1182,1,859
2,219,18,1182,3,860
2,220,10,1183,8,861
2,221,10,1182,1,862
2,222,1,1184,3,863
2,222,10,1184,1,864
2,223,2,1184,1,865
2,223,3,1184,1,866
2,223,4,1184,4,867
2,223,6,1184,1,868
2,223,7,1184,2,869
2,223,8,1184,2,870
2,223,9,1184,1,871
2,223,10,1184,8,872
2,223,11,1184,1,873
2,223,18,1184,3,874
2,224,1,1185,2,875
2,224,3,1185,2,876
2,224,4,1185,8,877
2,224,6,1185,1,878
2,224,7,1185,4,879
2,224,8,1185,5,880
2,224,9,1185,1,881
2,224,10,1185,14,882
2,224,11,1185,1,883
2,224,18,1185,3,884
2,225,1,1186,1,885
2,225,2,1186,1,886
2,225,7,1186,1,887
2,225,8,1186,1,888
2,225,9,1186,1,889
2,225,10,1186,4,890
2,225,11,1186,1,891
2,225,18,1186,2,892
2,226,10,1187,1,893
2,227,2,1187,8,894
2,227,3,1187,3,895
2,227,4,1187,4,896
2,227,6,1187,4,897
2,227,7,1187,5,898
2,227,8,1187,4,899
2,227,9,1187,3,900
2,227,10,1187,9,901
2,227,11,1187,1,902
2,227,18,1187,5,903
2,228,1,1187,2,904
2,228,3,1187,2,905
2,228,4,1187,7,906
2,228,6,1187,1,907
2,228,7,1187,5,908
2,228,8,1187,5,909
2,228,9,1187,1,910
2,228,10,1187,10,911
2,228,11,1187,1,912
2,228,18,1187,1,913
2,229,10,1188,9,914
2,230,20,1188,29,915
2,231,1,1188,1,916
2,231,2,1188,2,917
2,231,3,1188,2,918
2,231,4,1188,3,919
2,231,5,1188,1,920
2,231,6,1188,4,921
2,231,7,1188,4,922
2,231,8,1188,4,923
2,231,9,1188,2,924
2,231,10,1188,14,925
2,231,11,1188,1,926
2,231,12,1188,1,927
2,231,18,1188,3,928
2,232,1,1188,1,929
2,232,10,1188,1,930
2,233,10,1188,1,931
2,234,1,1189,1,932
2,234,3,1189,2,933
2,234,4,1189,7,934
2,234,6,1189,2,935
2,234,7,1189,5,936
2,234,8,1189,5,937
2,234,9,1189,2,938
2,234,10,1189,11,939
2,234,11,1189,1,940
2,234,18,1189,2,941
2,235,1,1190,2,942
2,235,10,1190,6,943
2,236,10,1190,1,944
2,237,3,1190,2,945
2,237,4,1190,4,946
2,237,6,1190,2,947
2,237,7,1190,4,948
2,237,8,1190,4,949
2,237,9,1190,1,950
2,237,10,1190,16,951
2,237,11,1190,1,952
2,237,12,1190,1,953
2,237,18,1190,2,954
2,238,1,1191,1,955
2,238,10,1191,3,956
2,239,1,1183,5,957
2,239,3,1183,8,958
2,239,4,1183,219,959
2,239,11,1183,2,960
2,239,14,1183,9,961
2,239,16,1183,6,962
2,239,19,1183,19,963
2,239,28,1183,24,964
2,239,30,1183,16,965
2,239,35,1183,16,966
2,239,42,1183,4,967
2,239,43,1183,4,968
2,239,44,1183,14,969
2,239,45,1183,8,970
2,240,3,1191,3,971
2,240,4,1191,7,972
2,240,6,1191,2,973
2,240,7,1191,3,974
2,240,8,1191,3,975
2,240,9,1191,1,976
2,240,10,1191,4,977
2,240,11,1191,1,978
2,240,18,1191,3,979
2,241,10,1191,1,980
2,242,10,1183,3,981
2,243,10,1183,6,982
2,244,1,1183,3,983
2,244,3,1183,12,984
2,244,4,1183,87,985
2,244,6,1183,1,986
2,244,7,1183,6,987
2,244,8,1183,6,988
2,244,9,1183,1,989
2,244,10,1183,9,990
2,244,17,1183,3,991
2,244,19,1183,12,992
2,244,28,1183,6,993
2,244,30,1183,9,994
2,244,41,1183,13,995
2,245,10,1183,1,996
2,246,10,1183,1,997
2,247,10,1183,1,998
2,248,10,1183,3,999
2,249,10,1183,3,1000
2,250,1,1183,3,1001
2,250,10,1183,48,1002
2,251,1,1183,1,1003
2,251,10,1183,2,1004
2,251,23,1183,30,1005
2,252,10,1183,2,1006
2,253,10,1183,3,1007
2,254,10,1183,7,1008
2,255,10,1183,1,1009
2,256,10,1183,4,1010
2,257,10,1183,1,1011
2,258,10,1183,8,1012
2,258,20,1183,40,1013
2,259,10,1183,5,1014
2,260,10,1183,6,1015
2,261,10,1183,1,1016
2,262,10,1183,1,1017
2,263,10,1183,1,1018
2,263,17,1183,2,1019
2,264,10,1183,1,1020
2,265,10,1183,1,1021
2,266,10,1183,11,1022
2,266,17,1183,2,1023
2,267,1,1183,2,1024
2,267,4,1183,53,1025
2,267,6,1183,1,1026
2,267,7,1183,3,1027
2,267,8,1183,3,1028
2,267,9,1183,2,1029
2,267,10,1183,13,1030
2,267,16,1183,4,1031
2,267,17,1183,1,1032
2,267,19,1183,1,1033
2,267,28,1183,11,1034
2,267,30,1183,32,1035
2,267,46,1183,1,1036
2,268,1,1183,1,1037
2,268,10,1183,5,1038
2,268,12,1183,1,1039
2,268,17,1183,1,1040
2,269,10,1183,4,1041
2,270,10,1183,2,1042
2,271,10,1183,3,1043
2,272,10,1183,2,1044
2,273,10,1183,4,1045
2,273,17,1183,3,1046
2,274,10,1183,3,1047
2,274,46,1183,2,1048
2,275,10,1183,1,1049
2,275,20,1183,19,1050
2,276,10,1183,3,1051
2,277,1,1183,2,1052
2,277,10,1183,3,1053
2,278,1,1183,1,1054
2,279,1,1183,1,1055
2,279,10,1183,5,1056
2,279,30,1183,19,1057
2,280,1,1183,2,1058
2,280,10,1183,2,1059
2,281,10,1183,3,1060
2,282,10,1183,10,1061
2,283,10,1183,16,1062
2,284,10,1183,7,1063
2,285,1,1183,1,1064
2,285,10,1183,2,1065
2,285,23,1183,57,1066
2,286,1,1183,2,1067
2,286,10,1183,2,1068
2,287,1,1183,1,1069
2,288,1,1183,1,1070
2,288,10,1183,1,1071
2,289,10,1183,1,1072
2,290,10,1183,6,1073
2,291,1,1183,1,1074
2,291,10,1183,2,1075
2,291,17,1183,2,1076
2,292,10,1183,1,1077
2,293,1,1183,1,1078
2,293,10,1183,5,1079
2,294,10,1183,4,1080
2,295,10,1183,3,1081
2,296,10,1183,1,1082
2,297,1,1192,2,1083
2,297,2,1192,2,1084
2,297,3,1192,4,1085
2,297,4,1192,8,1086
2,297,6,1192,2,1087
2,297,7,1192,3,1088
2,297,8,1192,3,1089
2,297,9,1192,2,1090
2,297,10,1192,11,1091
2,297,11,1192,1,1092
2,297,18,1192,3,1093
2,298,1,1192,1,1094
2,298,10,1192,4,1095
2,299,1,1193,2,1096
2,299,2,1193,1,1097
2,299,3,1193,2,1098
2,299,4,1193,6,1099
2,299,5,1193,1,1100
2,299,6,1193,1,1101
2,299,7,1193,4,1102
2,299,8,1193,4,1103
2,299,9,1193,2,1104
2,299,10,1193,19,1105
2,299,11,1193,1,1106
2,299,18,1193,3,1107
2,300,10,1193,1,1108
2,301,1,1189,1,1109
2,301,10,1189,11,1110
2,301,18,1189,1,1111
2,302,10,1189,1,1112
2,303,1,1189,1,1113
2,303,10,1189,1,1114
2,304,20,1189,74,1115
2,304,21,1189,6,1116
2,305,1,1194,1,1117
2,305,10,1194,1,1118
2,306,3,1194,1,1119
2,306,4,1194,4,1120
2,306,6,1194,2,1121
2,306,7,1194,1,1122
2,306,8,1194,1,1123
2,306,9,1194,1,1124
2,306,10,1194,4,1125
2,306,11,1194,1,1126
2,306,18,1194,2,1127
2,307,2,1195,1,1128
2,307,3,1195,1,1129
2,307,4,1195,1,1130
2,307,6,1195,1,1131
2,307,7,1195,2,1132
2,307,8,1195,1,1133
2,307,9,1195,1,1134
2,307,10,1195,5,1135
2,307,11,1195,1,1136
2,307,18,1195,2,1137
2,308,1,1195,1,1138
2,308,10,1195,1,1139
2,309,1,1196,1,1140
2,309,10,1196,1,1141
2,310,1,1196,2,1142
2,310,2,1196,1,1143
2,310,3,1196,1,1144
2,310,4,1196,2,1145
2,310,5,1196,1,1146
2,310,6,1196,1,1147
2,310,7,1196,1,1148
2,310,8,1196,1,1149
2,310,9,1196,1,1150
2,310,10,1196,1,1151
2,310,11,1196,1,1152
2,310,18,1196,1,1153
2,311,1,1197,1,1154
2,311,10,1197,2,1155
2,312,20,1197,16,1156
2,313,1,1197,1,1157
2,313,10,1197,3,1158
2,314,1,1197,1,1159
2,314,3,1197,2,1160
2,314,4,1197,6,1161
2,314,6,1197,1,1162
2,314,7,1197,1,1163
2,314,8,1197,1,1164
2,314,9,1197,2,1165
2,314,10,1197,15,1166
2,314,11,1197,1,1167
2,314,18,1197,1,1168
2,315,1,1197,1,1169
2,315,10,1197,3,1170
2,316,20,1197,110,1171
2,317,10,1197,4,1172
2,317,20,1197,50,1173
2,318,1,1198,1,1174
2,318,2,1198,1,1175
2,318,3,1198,1,1176
2,318,4,1198,3,1177
2,318,6,1198,1,1178
2,318,7,1198,1,1179
2,318,8,1198,1,1180
2,318,9,1198,1,1181
2,318,10,1198,9,1182
2,318,11,1198,1,1183
2,318,18,1198,2,1184
2,319,3,1199,1,1185
2,319,4,1199,1,1186
2,319,11,1199,1,1187
2,319,18,1199,1,1188
2,319,35,1199,2,1189
2,320,2,1200,1,1190
2,320,3,1200,1,1191
2,320,4,1200,1,1192
2,320,6,1200,1,1193
2,320,7,1200,1,1194
2,320,8,1200,2,1195
2,320,9,1200,1,1196
2,320,10,1200,1,1197
2,320,11,1200,1,1198
2,320,18,1200,2,1199
2,321,10,1201,14,1200
2,322,10,1201,2,1201
2,323,10,1201,4,1202
2,324,10,1201,1,1203
2,325,10,1201,10,1204
2,326,1,1201,1,1205
2,326,10,1201,1,1206
2,327,10,1201,1,1207
2,328,10,1201,3,1208
2,329,1,1201,3,1209
2,329,10,1201,66,1210
2,330,10,1201,1,1211
2,331,10,1201,6,1212
2,332,1,1201,3,1213
2,332,10,1201,42,1214
2,333,10,1201,6,1215
2,334,10,1201,4,1216
2,335,10,1201,6,1217
2,336,10,1201,2,1218
2,337,10,1201,1,1219
2,338,1,1201,1,1220
2,338,10,1201,2,1221
2,338,23,1201,39,1222
2,339,1,1201,1,1223
2,339,10,1201,1,1224
2,340,10,1201,1,1225
2,341,10,1201,1,1226
2,342,1,1201,1,1227
2,342,10,1201,5,1228
2,343,10,1201,7,1229
2,344,1,1201,1,1230
2,344,10,1201,6,1231
2,345,1,1201,2,1232
2,345,3,1201,7,1233
2,345,4,1201,107,1234
2,345,6,1201,5,1235
2,345,7,1201,18,1236
2,345,8,1201,19,1237
2,345,9,1201,5,1238
2,345,10,1201,12,1239
2,345,17,1201,7,1240
2,345,19,1201,8,1241
2,345,28,1201,12,1242
2,346,1,1201,6,1243
2,346,2,1201,4,1244
2,346,3,1201,3,1245
2,346,4,1201,11,1246
2,346,6,1201,2,1247
2,346,7,1201,6,1248
2,346,8,1201,6,1249
2,346,9,1201,4,1250
2,346,10,1201,21,1251
2,346,11,1201,1,1252
2,346,12,1201,2,1253
2,346,18,1201,1,1254
2,347,10,1201,1,1255
2,348,10,1201,1,1256
2,349,1,1201,5,1257
2,349,4,1201,116,1258
2,349,6,1201,8,1259
2,349,7,1201,22,1260
2,349,8,1201,24,1261
2,349,9,1201,4,1262
2,349,10,1201,9,1263
2,349,17,1201,4,1264
2,349,18,1201,2,1265
2,349,19,1201,3,1266
2,349,25,1201,1,1267
2,349,28,1201,9,1268
2,350,1,1201,3,1269
2,351,1,1201,1,1270
2,351,10,1201,17,1271
2,352,1,1201,1,1272
2,352,10,1201,12,1273
2,353,10,1201,4,1274
2,354,10,1201,2,1275
2,355,10,1201,1,1276
2,356,10,1201,1,1277
2,357,10,1201,1,1278
2,358,1,1201,1,1279
2,358,4,1201,1,1280
2,358,10,1201,3,1281
2,359,10,1201,7,1282
2,360,1,1202,2,1283
2,360,10,1202,3,1284
2,361,1,1202,3,1285
2,361,2,1202,4,1286
2,361,4,1202,17,1287
2,361,7,1202,4,1288
2,361,9,1202,4,1289
2,361,10,1202,8,1290
2,361,11,1202,1,1291
2,361,18,1202,3,1292
2,362,3,1203,1,1293
2,362,4,1203,5,1294
2,362,5,1203,1,1295
2,362,6,1203,1,1296
2,362,7,1203,2,1297
2,362,8,1203,2,1298
2,362,9,1203,1,1299
2,362,10,1203,9,1300
2,362,11,1203,1,1301
2,362,12,1203,1,1302
2,362,18,1203,3,1303
2,363,1,1204,1,1304
2,363,3,1204,1,1305
2,363,4,1204,4,1306
2,363,7,1204,2,1307
2,363,8,1204,2,1308
2,363,10,1204,1,1309
2,363,18,1204,3,1310
2,364,1,1205,1,1311
2,364,10,1205,18,1312
2,365,10,1205,10,1313
2,366,10,1205,2,1314
2,367,1,1205,2,1315
2,367,2,1205,10,1316
2,367,3,1205,8,1317
2,367,4,1205,31,1318
2,367,6,1205,5,1319
2,367,7,1205,12,1320
2,367,8,1205,14,1321
2,367,9,1205,3,1322
2,367,10,1205,16,1323
2,367,11,1205,1,1324
2,367,17,1205,3,1325
2,367,19,1205,2,1326
2,367,22,1205,25,1327
2,367,24,1205,142,1328
2,367,28,1205,17,1329
2,367,33,1205,25,1330
2,368,2,1205,1,1331
2,368,3,1205,1,1332
2,368,4,1205,3,1333
2,368,6,1205,3,1334
2,368,7,1205,2,1335
2,368,8,1205,2,1336
2,368,9,1205,1,1337
2,368,10,1205,16,1338
2,368,11,1205,1,1339
2,368,18,1205,2,1340
2,369,10,1205,7,1341
2,370,10,1205,1,1342
2,370,12,1205,1,1343
2,371,10,1205,1,1344
2,372,10,1205,3,1345
2,373,10,1205,1,1346
2,374,10,1205,2,1347
2,375,1,1206,1,1348
2,375,10,1206,18,1349
2,376,10,1206,3,1350
2,377,10,1206,1,1351
2,378,3,1206,2,1352
2,378,4,1206,6,1353
2,378,11,1206,1,1354
2,378,18,1206,1,1355
2,378,35,1206,1,1356
2,379,10,1206,1,1357
2,380,1,1207,1,1358
2,380,3,1207,2,1359
2,380,4,1207,4,1360
2,380,6,1207,1,1361
2,380,7,1207,1,1362
2,380,8,1207,1,1363
2,380,9,1207,1,1364
2,380,10,1207,1,1365
2,380,11,1207,1,1366
2,380,18,1207,2,1367
2,381,1,1208,2,1368
2,381,10,1208,5,1369
2,382,10,1208,6,1370
2,383,10,1208,1,1371
2,384,2,1208,1,1372
2,384,3,1208,2,1373
2,384,4,1208,5,1374
2,384,6,1208,1,1375
2,384,7,1208,2,1376
2,384,8,1208,3,1377
2,384,9,1208,1,1378
2,384,10,1208,4,1379
2,384,11,1208,1,1380
2,384,18,1208,1,1381
2,385,10,1208,1,1382
2,386,2,1209,2,1383
2,386,3,1209,1,1384
2,386,4,1209,3,1385
2,386,6,1209,1,1386
2,386,7,1209,1,1387
2,386,8,1209,1,1388
2,386,9,1209,1,1389
2,386,10,1209,4,1390
2,386,11,1209,1,1391
2,386,18,1209,2,1392
2,387,2,1210,2,1393
2,387,3,1210,2,1394
2,387,4,1210,4,1395
2,387,6,1210,1,1396
2,387,7,1210,3,1397
2,387,8,1210,3,1398
2,387,9,1210,1,1399
2,387,10,1210,7,1400
2,387,11,1210,1,1401
2,387,18,1210,2,1402
2,388,10,1211,5,1403
2,389,10,1211,1,1404
2,390,1,1211,1,1405
2,390,10,1211,1,1406
2,391,1,1211,1,1407
2,391,2,1211,2,1408
2,391,3,1211,1,1409
2,391,4,1211,6,1410
2,391,6,1211,2,1411
2,391,7,1211,3,1412
2,391,8,1211,3,1413
2,391,9,1211,3,1414
2,391,10,1211,18,1415
2,391,11,1211,1,1416
2,391,12,1211,1,1417
2,392,18,1159,5,1418
2,393,1,1211,1,1419
2,393,10,1211,6,1420
2,394,20,1211,18,1421
2,395,1,1211,1,1422
2,395,10,1211,2,1423
2,396,10,1211,2,1424
2,397,1,1212,1,1425
2,397,10,1212,24,1426
2,398,1,1212,4,1427
2,398,10,1212,4,1428
2,399,1,1212,7,1429
2,399,10,1212,16,1430
2,400,10,1212,82,1431
2,400,12,1212,1,1432
2,401,18,1212,15,1433
2,401,25,1212,13,1434
2,402,10,1212,11,1435
2,403,10,1212,5,1436
2,404,10,1212,3,1437
2,405,1,1212,1,1438
2,405,4,1212,40,1439
2,405,14,1212,5,1440
2,405,16,1212,2,1441
2,405,44,1212,8,1442
2,406,1,1212,3,1443
2,406,10,1212,27,1444
2,406,17,1212,6,1445
2,407,1,1212,1,1446
2,408,1,1212,2,1447
2,408,10,1212,2,1448
2,409,1,1212,4,1449
2,409,10,1212,32,1450
2,410,1,1212,5,1451
2,410,10,1212,9,1452
2,411,1,1212,1,1453
2,411,10,1212,15,1454
2,412,10,1212,13,1455
2,412,17,1212,9,1456
2,413,1,1212,1,1457
2,413,10,1212,6,1458
2,413,17,1212,1,1459
2,414,10,1212,4,1460
2,415,1,1212,1,1461
2,415,10,1212,20,1462
2,416,10,1212,1,1463
2,417,10,1212,44,1464
2,417,12,1212,1,1465
2,417,17,1212,4,1466
2,418,1,1212,1,1467
2,418,10,1212,10,1468
2,419,3,1212,8,1469
2,420,1,1212,5,1470
2,420,3,1212,46,1471
2,420,4,1212,177,1472
2,420,6,1212,7,1473
2,420,7,1212,14,1474
2,420,8,1212,15,1475
2,420,9,1212,5,1476
2,420,10,1212,21,1477
2,420,11,1212,3,1478
2,420,16,1212,7,1479
2,420,17,1212,15,1480
2,420,19,1212,31,1481
2,420,26,1212,5,1482
2,420,27,1212,9,1483
2,420,28,1212,20,1484
2,420,29,1212,10,1485
2,420,30,1212,17,1486
2,420,38,1212,4,1487
2,420,46,1212,2,1488
2,420,47,1212,4,1489
2,420,48,1212,6,1490
2,421,1,1212,1,1491
2,421,2,1212,4,1492
2,421,3,1212,19,1493
2,421,4,1212,104,1494
2,421,5,1212,19,1495
2,421,6,1212,6,1496
2,421,7,1212,4,1497
2,421,8,1212,8,1498
2,421,9,1212,1,1499
2,421,10,1212,15,1500
2,421,11,1212,1,1501
2,421,14,1212,7,1502
2,421,17,1212,9,1503
2,421,26,1212,5,1504
2,421,27,1212,6,1505
2,421,28,1212,9,1506
2,421,29,1212,3,1507
2,421,30,1212,10,1508
2,421,37,1212,5,1509
2,422,1,1212,33,1510
2,422,3,1212,84,1511
2,422,4,1212,348,1512
2,422,6,1212,30,1513
2,422,7,1212,52,1514
2,422,8,1212,53,1515
2,422,9,1212,15,1516
2,422,10,1212,50,1517
2,422,15,1212,2,1518
2,422,17,1212,17,1519
2,422,19,1212,36,1520
2,422,23,1212,11,1521
2,422,27,1212,3,1522
2,422,28,1212,52,1523
2,422,29,1212,2,1524
2,422,30,1212,17,1525
2,422,38,1212,2,1526
2,422,39,1212,2,1527
2,422,46,1212,2,1528
2,422,47,1212,2,1529
2,422,48,1212,8,1530
2,422,49,1212,6,1531
2,423,1,1212,5,1532
2,423,3,1212,9,1533
2,423,4,1212,85,1534
2,423,6,1212,1,1535
2,423,7,1212,6,1536
2,423,8,1212,7,1537
2,423,9,1212,2,1538
2,423,10,1212,17,1539
2,423,15,1212,1,1540
2,423,17,1212,4,1541
2,423,19,1212,7,1542
2,423,26,1212,1,1543
2,423,27,1212,2,1544
2,423,28,1212,25,1545
2,423,37,1212,1,1546
2,423,47,1212,1,1547
2,423,48,1212,4,1548
2,424,1,1212,1,1549
2,424,10,1212,47,1550
2,425,1,1212,2,1551
2,425,10,1212,13,1552
2,425,17,1212,10,1553
2,426,1,1212,2,1554
2,426,4,1212,147,1555
2,426,14,1212,6,1556
2,426,16,1212,12,1557
2,426,44,1212,18,1558
2,427,1,1212,11,1559
2,427,3,1212,12,1560
2,427,4,1212,231,1561
2,427,11,1212,1,1562
2,427,13,1212,4,1563
2,427,14,1212,34,1564
2,427,16,1212,8,1565
2,427,17,1212,10,1566
2,427,23,1212,5,1567
2,427,35,1212,5,1568
2,427,41,1212,15,1569
2,427,42,1212,5,1570
2,427,43,1212,5,1571
2,427,44,1212,35,1572
2,427,45,1212,2,1573
2,427,50,1212,6,1574
2,427,51,1212,11,1575
2,428,1,1212,3,1576
2,428,4,1212,170,1577
2,428,10,1212,24,1578
2,428,14,1212,21,1579
2,428,16,1212,8,1580
2,428,44,1212,22,1581
2,429,1,1212,3,1582
2,429,3,1212,50,1583
2,429,4,1212,176,1584
2,429,11,1212,3,1585
2,429,13,1212,3,1586
2,429,14,1212,9,1587
2,429,16,1212,8,1588
2,429,30,1212,4,1589
2,429,35,1212,41,1590
2,429,42,1212,30,1591
2,429,43,1212,10,1592
2,429,44,1212,48,1593
2,429,45,1212,12,1594
2,429,50,1212,5,1595
2,430,1,1212,17,1596
2,430,4,1212,170,1597
2,430,7,1212,29,1598
2,430,8,1212,29,1599
2,430,9,1212,3,1600
2,430,10,1212,6,1601
2,430,17,1212,13,1602
2,430,19,1212,11,1603
2,430,28,1212,27,1604
2,430,30,1212,24,1605
2,431,1,1212,2,1606
2,431,10,1212,1,1607
2,432,10,1212,12,1608
2,432,17,1212,2,1609
2,433,1,1212,42,1610
2,433,3,1212,71,1611
2,433,4,1212,202,1612
2,433,5,1212,12,1613
2,433,6,1212,14,1614
2,433,7,1212,8,1615
2,433,8,1212,6,1616
2,433,9,1212,14,1617
2,433,10,1212,85,1618
2,433,11,1212,1,1619
2,433,17,1212,15,1620
2,433,19,1212,67,1621
2,433,26,1212,24,1622
2,433,27,1212,14,1623
2,433,28,1212,63,1624
2,433,30,1212,18,1625
2,433,37,1212,2,1626
2,433,46,1212,1,1627
2,433,47,1212,16,1628
2,433,48,1212,24,1629
2,433,52,1212,17,1630
2,433,53,1212,15,1631
2,434,1,1212,9,1632
2,434,3,1212,7,1633
2,434,4,1212,300,1634
2,434,6,1212,19,1635
2,434,7,1212,50,1636
2,434,8,1212,56,1637
2,434,9,1212,37,1638
2,434,10,1212,439,1639
2,434,11,1212,3,1640
2,434,12,1212,1,1641
2,434,17,1212,6,1642
2,434,18,1212,24,1643
2,434,24,1212,18,1644
2,434,25,1212,2,1645
2,435,1,1212,1,1646
2,435,10,1212,14,1647
2,435,33,1212,96,1648
2,435,54,1212,96,1649
2,436,10,1212,30,1650
2,437,1,1212,1,1651
2,437,7,1212,4,1652
2,437,8,1212,4,1653
2,437,9,1212,4,1654
2,437,10,1212,25,1655
2,438,10,1212,3,1656
2,439,16,1212,1,1657
2,440,1,1212,7,1658
2,440,10,1212,24,1659
2,441,10,1212,7,1660
2,442,10,1212,1,1661
2,443,10,1212,3,1662
2,444,10,1212,1,1663
2,445,1,1212,2,1664
2,445,10,1212,15,1665
2,446,10,1212,3,1666
2,447,1,1212,5,1667
2,447,4,1212,27,1668
2,447,6,1212,1,1669
2,447,7,1212,7,1670
2,447,8,1212,6,1671
2,447,9,1212,3,1672
2,447,10,1212,13,1673
2,447,14,1212,3,1674
2,447,16,1212,1,1675
2,447,17,1212,3,1676
2,448,1,1212,4,1677
2,448,10,1212,1,1678
2,449,1,1212,5,1679
2,449,3,1212,18,1680
2,449,4,1212,100,1681
2,449,11,1212,2,1682
2,449,14,1212,6,1683
2,449,16,1212,5,1684
2,449,35,1212,42,1685
2,449,42,1212,12,1686
2,449,43,1212,15,1687
2,449,44,1212,6,1688
2,449,45,1212,13,1689
2,450,10,1212,2,1690
2,451,10,1212,1,1691
2,452,10,1212,1,1692
2,453,1,1212,2,1693
2,454,1,1212,2,1694
2,454,10,1212,10,1695
2,455,10,1212,1,1696
2,456,10,1212,5,1697
2,457,1,1212,2,1698
2,458,1,1212,2,1699
2,458,10,1212,3,1700
2,458,19,1212,7,1701
2,459,1,1212,1,1702
2,459,10,1212,18,1703
2,460,10,1212,1,1704
2,461,10,1212,3,1705
2,462,1,1212,1,1706
2,462,10,1212,4,1707
2,463,1,1212,1,1708
2,464,1,1212,2,1709
2,464,10,1212,8,1710
2,464,17,1212,2,1711
2,465,10,1212,6,1712
2,465,17,1212,2,1713
2,466,10,1212,32,1714
2,466,24,1212,50,1715
2,467,10,1212,10,1716
2,468,10,1212,11,1717
2,469,1,1212,1,1718
2,469,10,1212,7,1719
2,469,23,1212,49,1720
2,470,1,1212,1,1721
2,470,10,1212,1,1722
2,471,1,1212,2,1723
2,471,10,1212,1,1724
2,471,17,1212,2,1725
2,472,10,1212,1,1726
2,473,1,1212,41,1727
2,473,6,1212,16,1728
2,473,7,1212,32,1729
2,473,8,1212,35,1730
2,473,9,1212,20,1731
2,473,10,1212,323,1732
2,473,17,1212,3,1733
2,473,18,1212,2,1734
2,474,1,1212,2,1735
2,474,16,1212,3,1736
2,475,10,1212,3,1737
2,476,4,1212,36,1738
2,476,10,1212,1,1739
2,477,10,1212,1,1740
2,478,1,1212,8,1741
2,478,10,1212,163,1742
2,478,17,1212,2,1743
2,479,10,1212,10,1744
2,479,12,1212,1,1745
2,479,18,1212,7,1746
2,479,25,1212,4,1747
2,480,10,1212,4,1748
2,480,24,1212,66,1749
2,481,10,1212,3,1750
2,482,1,1212,1,1751
2,482,4,1212,92,1752
2,482,7,1212,3,1753
2,482,8,1212,15,1754
2,482,9,1212,5,1755
2,482,10,1212,10,1756
2,482,11,1212,3,1757
2,482,17,1212,5,1758
2,482,19,1212,8,1759
2,482,26,1212,10,1760
2,482,27,1212,20,1761
2,482,28,1212,10,1762
2,482,29,1212,12,1763
2,483,10,1212,1,1764
2,484,1,1212,6,1765
2,484,10,1212,17,1766
2,484,30,1212,22,1767
2,485,10,1212,1,1768
2,486,1,1212,1,1769
2,486,10,1212,1,1770
2,487,10,1212,1,1771
2,488,1,1212,1,1772
2,488,10,1212,26,1773
2,488,17,1212,6,1774
2,489,10,1212,1,1775
2,490,10,1212,1,1776
2,491,1,1212,2,1777
2,491,10,1212,4,1778
2,492,1,1212,1,1779
2,492,10,1212,1,1780
2,493,1,1212,1,1781
2,493,3,1212,23,1782
2,493,10,1212,6,1783
2,494,10,1212,5,1784
2,495,10,1212,9,1785
2,496,1,1212,16,1786
2,496,10,1212,295,1787
2,497,1,1212,7,1788
2,497,4,1212,179,1789
2,497,7,1212,14,1790
2,497,8,1212,18,1791
2,497,9,1212,4,1792
2,497,10,1212,36,1793
2,497,17,1212,13,1794
2,497,19,1212,12,1795
2,497,28,1212,13,1796
2,497,30,1212,46,1797
2,498,1,1212,3,1798
2,498,30,1212,42,1799
2,499,10,1212,1,1800
2,500,10,1212,14,1801
2,500,17,1212,4,1802
2,501,1,1212,2,1803
2,502,1,1212,6,1804
2,502,10,1212,9,1805
2,503,10,1212,2,1806
2,504,1,1212,8,1807
2,504,3,1212,13,1808
2,504,4,1212,487,1809
2,504,6,1212,10,1810
2,504,7,1212,30,1811
2,504,8,1212,31,1812
2,504,9,1212,3,1813
2,504,10,1212,71,1814
2,504,17,1212,17,1815
2,504,19,1212,32,1816
2,504,23,1212,39,1817
2,504,28,1212,55,1818
2,504,30,1212,14,1819
2,505,1,1212,3,1820
2,505,10,1212,7,1821
2,505,23,1212,110,1822
2,506,1,1212,3,1823
2,506,4,1212,163,1824
2,506,7,1212,11,1825
2,506,8,1212,10,1826
2,506,9,1212,3,1827
2,506,10,1212,52,1828
2,506,17,1212,5,1829
2,506,18,1212,2,1830
2,506,19,1212,16,1831
2,506,23,1212,60,1832
2,506,25,1212,2,1833
2,506,28,1212,33,1834
2,507,10,1212,14,1835
2,508,1,1213,1,1836
2,508,62,1213,20,1837
2,509,10,1212,3,1838
2,510,10,1212,3,1839
2,511,10,1212,1,1840
2,512,1,1212,2,1841
2,512,10,1212,10,1842
2,513,10,1212,11,1843
2,514,10,1212,3,1844
2,515,10,1212,1,1845
2,516,10,1212,10,1846
2,517,1,1212,1,1847
2,517,10,1212,11,1848
2,518,10,1212,1,1849
2,519,10,1212,1,1850
2,520,10,1212,7,1851
2,521,1,1212,2,1852
2,521,10,1212,9,1853
2,521,30,1212,38,1854
2,522,10,1212,1,1855
2,523,10,1212,6,1856
2,524,1,1212,1,1857
2,524,10,1212,3,1858
2,524,17,1212,1,1859
2,525,10,1212,14,1860
2,526,10,1212,4,1861
2,526,17,1212,1,1862
2,527,1,1212,3,1863
2,527,10,1212,4,1864
2,528,1,1212,1,1865
2,528,10,1212,1,1866
2,529,10,1212,6,1867
2,530,10,1212,1,1868
2,531,1,1212,3,1869
2,531,10,1212,18,1870
2,531,17,1212,3,1871
2,532,10,1212,2,1872
2,533,25,1212,1,1873
2,534,10,1212,1,1874
2,534,12,1212,1,1875
2,535,10,1212,10,1876
2,536,1,1212,1,1877
2,536,10,1212,1,1878
2,537,1,1212,1,1879
2,538,1,1212,1,1880
2,538,10,1212,1,1881
2,538,17,1212,2,1882
2,539,1,1212,8,1883
2,539,10,1212,7,1884
2,540,10,1212,6,1885
2,541,1,1212,6,1886
2,541,4,1212,138,1887
2,541,7,1212,13,1888
2,541,8,1212,15,1889
2,541,9,1212,2,1890
2,541,10,1212,87,1891
2,541,17,1212,6,1892
2,541,19,1212,1,1893
2,541,28,1212,17,1894
2,542,10,1212,1,1895
2,543,1,1212,6,1896
2,543,10,1212,19,1897
2,543,17,1212,3,1898
2,544,10,1212,5,1899
2,545,1,1212,1,1900
2,545,10,1212,3,1901
2,545,23,1212,36,1902
2,546,10,1212,1,1903
2,547,1,1212,1,1904
2,547,10,1212,1,1905
2,548,10,1212,5,1906
2,549,10,1212,1,1907
2,550,1,1212,1,1908
2,550,16,1212,1,1909
2,551,10,1212,2,1910
2,552,1,1212,1,1911
2,552,10,1212,1,1912
2,553,1,1212,1,1913
2,553,10,1212,1,1914
2,554,10,1212,1,1915
2,555,1,1212,7,1916
2,555,10,1212,5,1917
2,556,4,1212,12,1918
2,556,10,1212,2,1919
2,556,17,1212,13,1920
2,557,10,1212,1,1921
2,558,10,1212,5,1922
2,558,40,1212,12,1923
2,558,55,1212,18,1924
2,559,10,1212,14,1925
2,560,10,1212,1,1926
2,561,1,1212,9,1927
2,561,10,1212,3,1928
2,562,10,1212,8,1929
2,563,18,1212,28,1930
2,563,25,1212,8,1931
2,564,10,1212,3,1932
2,565,10,1212,5,1933
2,566,10,1212,2,1934
2,567,10,1212,7,1935
2,568,1,1212,1,1936
2,568,10,1212,1,1937
2,569,1,1212,10,1938
2,569,10,1212,10,1939
2,570,18,1212,1,1940
2,571,10,1212,4,1941
2,572,10,1212,6,1942
2,573,10,1212,1,1943
2,574,10,1212,4,1944
2,575,1,1212,1,1945
2,575,10,1212,1,1946
2,576,1,1212,1,1947
2,576,10,1212,1,1948
2,577,1,1212,1,1949
2,577,10,1212,4,1950
2,577,17,1212,1,1951
2,578,1,1212,1,1952
2,578,10,1212,2,1953
2,579,1,1212,1,1954
2,579,10,1212,1,1955
2,579,17,1212,2,1956
2,580,1,1214,4,1957
2,580,10,1214,17,1958
2,580,23,1214,174,1959
2,581,10,1212,1,1960
2,582,1,1212,1,1961
2,582,10,1212,4,1962
2,583,10,1212,8,1963
2,584,1,1212,4,1964
2,584,10,1212,1,1965
2,584,17,1212,4,1966
2,585,10,1212,5,1967
2,586,1,1212,1,1968
2,586,10,1212,1,1969
2,587,1,1212,1,1970
2,587,10,1212,16,1971
2,588,10,1212,1,1972
2,589,10,1212,13,1973
2,590,10,1212,4,1974
2,591,10,1212,1,1975
2,592,1,1212,5,1976
2,592,10,1212,100,1977
2,593,10,1212,11,1978
2,594,10,1212,2,1979
2,595,10,1212,30,1980
2,596,18,1212,7,1981
2,596,25,1212,2,1982
2,597,10,1212,1,1983
2,598,10,1212,1,1984
2,599,1,1212,4,1985
2,599,10,1212,6,1986
2,600,10,1212,1,1987
2,600,12,1212,1,1988
2,601,10,1212,13,1989
2,602,10,1212,6,1990
2,603,1,1212,1,1991
2,603,10,1212,12,1992
2,604,1,1212,1,1993
2,604,10,1212,5,1994
2,605,1,1212,1,1995
2,605,10,1212,1,1996
2,605,12,1212,1,1997
2,605,18,1212,6,1998
2,605,25,1212,3,1999
2,606,10,1212,1,2000
2,607,10,1212,1,2001
2,608,10,1212,1,2002
2,609,1,1212,1,2003
2,609,10,1212,2,2004
2,610,1,1212,1,2005
2,610,10,1212,5,2006
2,611,10,1212,11,2007
2,612,10,1212,1,2008
2,612,12,1212,1,2009
2,613,1,1212,1,2010
2,613,10,1212,22,2011
2,614,10,1212,13,2012
2,615,10,1212,2,2013
2,616,1,1212,2,2014
2,616,10,1212,1,2015
2,617,1,1212,1,2016
2,617,10,1212,3,2017
2,618,1,1212,1,2018
2,618,10,1212,5,2019
2,618,25,1212,1,2020
2,619,10,1212,1,2021
2,620,1,1212,1,2022
2,620,10,1212,1,2023
2,621,1,1212,2,2024
2,621,10,1212,1,2025
2,622,1,1212,1,2026
2,622,10,1212,3,2027
2,623,10,1212,2,2028
2,624,1,1212,1,2029
2,624,10,1212,13,2030
2,625,1,1212,1,2031
2,625,10,1212,1,2032
2,626,10,1212,4,2033
2,627,10,1212,1,2034
2,628,10,1212,26,2035
2,628,24,1212,36,2036
2,628,33,1212,5,2037
2,629,1,1212,8,2038
2,629,10,1212,3,2039
2,630,10,1212,9,2040
2,631,10,1212,5,2041
2,632,1,1212,3,2042
2,632,4,1212,21,2043
2,632,6,1212,3,2044
2,632,7,1212,3,2045
2,632,8,1212,3,2046
2,632,9,1212,4,2047
2,632,10,1212,53,2048
2,632,17,1212,8,2049
2,633,10,1212,1,2050
2,634,10,1212,1,2051
2,635,10,1212,1,2052
2,636,10,1212,1,2053
2,637,10,1212,1,2054
2,638,10,1212,4,2055
2,639,10,1212,4,2056
2,640,10,1212,2,2057
2,641,10,1212,1,2058
2,642,1,1212,3,2059
2,642,10,1212,1,2060
2,643,18,1212,2,2061
2,644,1,1212,4,2062
2,644,10,1212,4,2063
2,645,10,1212,1,2064
2,646,1,1212,3,2065
2,646,10,1212,3,2066
2,647,10,1212,1,2067
2,648,1,1212,2,2068
2,648,10,1212,1,2069
2,649,10,1212,1,2070
2,650,1,1212,1,2071
2,650,10,1212,2,2072
2,651,10,1212,4,2073
2,651,17,1212,2,2074
2,652,10,1212,10,2075
2,653,10,1212,8,2076
2,654,1,1212,3,2077
2,654,10,1212,10,2078
2,655,10,1212,3,2079
2,656,10,1212,1,2080
2,657,10,1212,15,2081
2,658,10,1212,5,2082
2,658,12,1212,1,2083
2,659,10,1212,15,2084
2,659,12,1212,1,2085
2,660,1,1212,3,2086
2,660,3,1212,10,2087
2,660,4,1212,75,2088
2,660,14,1212,9,2089
2,660,16,1212,5,2090
2,660,30,1212,8,2091
2,660,44,1212,12,2092
2,661,10,1212,1,2093
2,662,1,1212,1,2094
2,662,10,1212,1,2095
2,663,10,1212,8,2096
2,664,10,1212,2,2097
2,665,10,1212,1,2098
2,666,10,1212,1,2099
2,667,10,1212,1,2100
2,668,1,1212,1,2101
2,668,10,1212,2,2102
2,669,1,1212,1,2103
2,669,10,1212,2,2104
2,669,30,1212,7,2105
2,670,1,1212,1,2106
2,670,10,1212,6,2107
2,671,1,1212,2,2108
2,671,10,1212,3,2109
2,672,1,1212,5,2110
2,672,10,1212,2,2111
2,673,4,1212,250,2112
2,673,10,1212,1,2113
2,673,40,1212,250,2114
2,673,55,1212,5,2115
2,674,1,1212,1,2116
2,674,10,1212,1,2117
2,675,10,1212,4,2118
2,676,10,1212,2,2119
2,677,10,1212,1,2120
2,678,10,1212,8,2121
2,679,1,1212,1,2122
2,679,10,1212,1,2123
2,679,17,1212,3,2124
2,680,1,1212,1,2125
2,680,10,1212,2,2126
2,680,12,1212,1,2127
2,681,10,1212,17,2128
2,682,10,1212,1,2129
2,683,1,1212,2,2130
2,683,10,1212,5,2131
2,684,10,1212,1,2132
2,685,1,1212,1,2133
2,685,10,1212,1,2134
2,686,1,1212,2,2135
2,686,10,1212,3,2136
2,687,10,1212,3,2137
2,688,1,1212,1,2138
2,688,10,1212,1,2139
2,689,1,1212,1,2140
2,689,10,1212,1,2141
2,690,10,1212,1,2142
2,691,10,1212,1,2143
2,692,1,1212,5,2144
2,692,10,1212,94,2145
2,693,10,1212,8,2146
2,694,1,1212,1,2147
2,694,10,1212,6,2148
2,695,10,1212,2,2149
2,696,1,1212,1,2150
2,696,10,1212,1,2151
2,697,10,1212,1,2152
2,697,18,1212,5,2153
2,698,1,1212,1,2154
2,698,10,1212,1,2155
2,698,17,1212,1,2156
2,699,1,1212,1,2157
2,699,10,1212,4,2158
2,700,10,1212,3,2159
2,701,1,1212,1,2160
2,702,1,1212,4,2161
2,702,10,1212,23,2162
2,702,16,1212,3,2163
2,702,17,1212,3,2164
2,703,10,1212,3,2165
2,703,17,1212,1,2166
2,704,10,1212,1,2167
2,705,1,1212,2,2168
2,705,10,1212,2,2169
2,706,10,1212,1,2170
2,707,10,1212,3,2171
2,708,10,1212,2,2172
2,708,17,1212,4,2173
2,709,1,1212,2,2174
2,709,10,1212,2,2175
2,710,10,1212,1,2176
2,711,1,1212,1,2177
2,711,10,1212,3,2178
2,712,10,1212,5,2179
2,713,1,1212,1,2180
2,713,10,1212,19,2181
2,713,23,1212,60,2182
2,714,1,1212,1,2183
2,714,10,1212,43,2184
2,715,10,1212,1,2185
2,716,10,1212,4,2186
2,717,1,1212,1,2187
2,717,10,1212,1,2188
2,718,12,1212,1,2189
2,718,25,1212,9,2190
2,719,10,1212,1,2191
2,720,1,1212,1,2192
2,720,10,1212,2,2193
2,720,17,1212,3,2194
2,721,10,1212,2,2195
2,722,1,1212,5,2196
2,722,10,1212,2,2197
2,723,3,1212,93,2198
2,723,13,1212,1,2199
2,723,50,1212,8,2200
2,724,1,1212,1,2201
2,724,10,1212,2,2202
2,725,10,1212,1,2203
2,726,1,1212,2,2204
2,726,4,1212,9,2205
2,726,10,1212,2,2206
2,726,17,1212,11,2207
2,727,10,1212,7,2208
2,728,10,1212,6,2209
2,728,17,1212,2,2210
2,729,10,1212,3,2211
2,730,10,1212,1,2212
2,731,10,1212,3,2213
2,732,10,1212,1,2214
2,733,1,1212,1,2215
2,733,10,1212,1,2216
2,734,10,1212,7,2217
2,735,10,1212,7,2218
2,736,10,1212,1,2219
2,737,10,1212,11,2220
2,738,10,1212,3,2221
2,739,10,1212,6,2222
2,740,10,1212,1,2223
2,741,10,1212,1,2224
2,741,12,1212,1,2225
2,741,18,1212,2,2226
2,741,25,1212,6,2227
2,742,18,1212,5,2228
2,743,10,1212,9,2229
2,744,1,1212,2,2230
2,744,10,1212,4,2231
2,745,1,1212,1,2232
2,745,10,1212,1,2233
2,746,1,1212,1,2234
2,747,1,1212,1,2235
2,747,10,1212,3,2236
2,748,1,1212,2,2237
2,748,10,1212,2,2238
2,749,10,1212,10,2239
2,750,1,1212,1,2240
2,750,10,1212,1,2241
2,751,10,1212,1,2242
2,752,1,1212,2,2243
2,752,10,1212,2,2244
2,753,1,1212,1,2245
2,753,10,1212,5,2246
2,754,10,1212,21,2247
2,755,10,1212,2,2248
2,756,1,1212,3,2249
2,756,6,1212,2,2250
2,756,7,1212,13,2251
2,756,8,1212,11,2252
2,756,9,1212,10,2253
2,756,10,1212,113,2254
2,757,1,1212,1,2255
2,757,10,1212,21,2256
2,758,10,1212,1,2257
2,759,10,1212,2,2258
2,760,10,1212,1,2259
2,761,10,1212,1,2260
2,762,10,1212,6,2261
2,763,1,1212,1,2262
2,763,10,1212,3,2263
2,764,10,1212,1,2264
2,765,10,1212,1,2265
2,766,10,1212,2,2266
2,767,1,1212,1,2267
2,767,10,1212,1,2268
2,768,1,1212,1,2269
2,769,1,1212,1,2270
2,769,4,1212,16,2271
2,769,10,1212,5,2272
2,770,10,1212,2,2273
2,771,10,1212,1,2274
2,772,10,1212,4,2275
2,773,1,1212,2,2276
2,773,10,1212,2,2277
2,774,1,1212,2,2278
2,774,10,1212,3,2279
2,775,10,1212,1,2280
2,776,10,1212,1,2281
2,777,10,1212,2,2282
2,777,20,1212,8,2283
2,777,24,1212,12,2284
2,778,10,1212,2,2285
2,779,10,1212,1,2286
2,780,10,1212,1,2287
2,781,10,1212,1,2288
2,782,1,1212,1,2289
2,782,10,1212,1,2290
2,783,1,1212,1,2291
2,783,10,1212,1,2292
2,784,10,1212,2,2293
2,785,10,1212,1,2294
2,786,10,1212,1,2295
2,787,1,1212,3,2296
2,787,10,1212,1,2297
2,788,1,1212,1,2298
2,788,10,1212,1,2299
2,789,10,1212,1,2300
2,790,10,1212,1,2301
2,791,10,1212,1,2302
2,792,1,1212,1,2303
2,792,10,1212,1,2304
2,793,10,1212,9,2305
2,794,10,1212,1,2306
2,795,1,1212,1,2307
2,795,7,1212,12,2308
2,795,8,1212,12,2309
2,795,9,1212,3,2310
2,795,10,1212,1,2311
2,796,1,1212,1,2312
2,796,10,1212,2,2313
2,797,10,1212,7,2314
2,798,1,1212,2,2315
2,799,1,1212,1,2316
2,799,10,1212,1,2317
2,800,1,1212,1,2318
2,800,10,1212,1,2319
2,801,10,1212,1,2320
2,802,1,1212,1,2321
2,802,10,1212,1,2322
2,803,1,1212,2,2323
2,803,10,1212,3,2324
2,804,10,1212,1,2325
2,805,10,1212,1,2326
2,805,55,1212,1,2327
2,806,1,1212,1,2328
2,806,10,1212,44,2329
2,807,10,1212,4,2330
2,808,10,1212,2,2331
2,809,10,1212,1,2332
2,810,4,1212,10,2333
2,810,9,1212,2,2334
2,810,10,1212,2,2335
2,810,17,1212,2,2336
2,811,1,1212,2,2337
2,811,10,1212,1,2338
2,812,10,1212,1,2339
2,813,10,1212,1,2340
2,814,10,1212,1,2341
2,815,10,1212,1,2342
2,816,1,1212,1,2343
2,816,10,1212,1,2344
2,817,1,1212,2,2345
2,817,10,1212,9,2346
2,818,10,1212,4,2347
2,819,10,1212,5,2348
2,820,10,1212,1,2349
2,821,10,1212,15,2350
2,821,17,1212,3,2351
2,822,1,1212,1,2352
2,822,10,1212,8,2353
2,823,1,1212,1,2354
2,823,10,1212,1,2355
2,824,1,1212,1,2356
2,824,10,1212,2,2357
2,825,1,1212,2,2358
2,825,10,1212,2,2359
2,826,1,1212,1,2360
2,826,10,1212,7,2361
2,826,41,1212,2,2362
2,826,56,1212,18,2363
2,827,10,1212,1,2364
2,828,10,1212,1,2365
2,829,1,1212,1,2366
2,829,10,1212,1,2367
2,830,1,1212,2,2368
2,830,10,1212,10,2369
2,831,10,1212,8,2370
2,832,10,1212,1,2371
2,833,1,1212,1,2372
2,833,10,1212,1,2373
2,833,17,1212,1,2374
2,834,10,1212,1,2375
2,835,1,1212,1,2376
2,835,10,1212,1,2377
2,836,1,1212,1,2378
2,836,10,1212,1,2379
2,837,10,1212,2,2380
2,838,10,1212,8,2381
2,839,10,1212,1,2382
2,840,10,1212,4,2383
2,841,1,1212,1,2384
2,841,10,1212,3,2385
2,842,1,1212,1,2386
2,842,10,1212,4,2387
2,843,10,1212,1,2388
2,844,1,1212,2,2389
2,844,3,1212,20,2390
2,844,10,1212,5,2391
2,844,20,1212,1,2392
2,844,29,1212,20,2393
2,844,41,1212,16,2394
2,844,56,1212,5,2395
2,845,10,1212,2,2396
2,846,10,1212,1,2397
2,847,10,1212,1,2398
2,848,10,1212,3,2399
2,849,1,1212,1,2400
2,849,10,1212,2,2401
2,850,10,1212,2,2402
2,851,10,1212,1,2403
2,852,10,1212,1,2404
2,853,1,1212,1,2405
2,854,10,1212,5,2406
2,855,10,1212,6,2407
2,856,10,1212,7,2408
2,857,10,1212,10,2409
2,858,10,1212,6,2410
2,859,10,1212,4,2411
2,860,10,1212,2,2412
2,861,10,1212,1,2413
2,862,1,1212,2,2414
2,862,10,1212,3,2415
2,862,17,1212,1,2416
2,863,1,1212,1,2417
2,863,10,1212,2,2418
2,864,10,1212,1,2419
2,865,1,1212,1,2420
2,865,10,1212,1,2421
2,866,1,1212,1,2422
2,866,10,1212,2,2423
2,867,10,1212,2,2424
2,868,6,1212,2,2425
2,868,7,1212,3,2426
2,868,8,1212,3,2427
2,868,9,1212,4,2428
2,869,10,1212,1,2429
2,870,10,1212,2,2430
2,871,10,1212,8,2431
2,872,10,1212,1,2432
2,873,10,1212,7,2433
2,874,10,1212,1,2434
2,875,1,1212,1,2435
2,875,10,1212,1,2436
2,876,1,1212,8,2437
2,876,10,1212,1,2438
2,877,10,1212,2,2439
2,878,10,1212,1,2440
2,879,10,1212,2,2441
2,880,1,1212,1,2442
2,880,10,1212,2,2443
2,881,1,1212,1,2444
2,881,10,1212,3,2445
2,882,10,1212,7,2446
2,883,18,1212,7,2447
2,883,25,1212,3,2448
2,884,18,1212,1,2449
2,884,25,1212,2,2450
2,885,10,1212,1,2451
2,886,10,1212,4,2452
2,887,1,1212,1,2453
2,887,10,1212,5,2454
2,888,10,1212,3,2455
2,889,10,1212,1,2456
2,889,17,1212,4,2457
2,890,10,1212,4,2458
2,891,10,1212,1,2459
2,892,10,1212,2,2460
2,893,10,1212,2,2461
2,894,10,1212,1,2462
2,895,1,1212,1,2463
2,895,10,1212,1,2464
2,896,1,1212,1,2465
2,896,10,1212,1,2466
2,897,10,1212,2,2467
2,898,10,1212,4,2468
2,899,10,1212,8,2469
2,900,10,1212,2,2470
2,900,17,1212,4,2471
2,901,1,1212,2,2472
2,901,10,1212,18,2473
2,901,12,1212,1,2474
2,901,17,1212,3,2475
2,902,10,1212,17,2476
2,903,10,1212,1,2477
2,904,1,1212,2,2478
2,904,10,1212,21,2479
2,905,1,1212,2,2480
2,905,10,1212,2,2481
2,906,1,1212,1,2482
2,906,10,1212,7,2483
2,906,23,1212,2,2484
2,907,1,1212,6,2485
2,907,10,1212,1,2486
2,908,10,1212,1,2487
2,909,10,1212,1,2488
2,910,1,1212,4,2489
2,910,3,1212,3,2490
2,910,4,1212,88,2491
2,910,6,1212,4,2492
2,910,7,1212,15,2493
2,910,8,1212,9,2494
2,910,9,1212,4,2495
2,910,10,1212,45,2496
2,910,16,1212,4,2497
2,910,19,1212,6,2498
2,910,28,1212,11,2499
2,910,30,1212,13,2500
2,910,40,1212,6,2501
2,910,55,1212,6,2502
2,911,10,1212,2,2503
2,912,1,1212,1,2504
2,912,10,1212,15,2505
2,913,10,1212,7,2506
2,914,10,1212,13,2507
2,915,10,1212,2,2508
2,916,2,1215,1,2509
2,916,3,1215,1,2510
2,916,4,1215,2,2511
2,916,6,1215,1,2512
2,916,7,1215,1,2513
2,916,8,1215,1,2514
2,916,9,1215,1,2515
2,916,10,1215,4,2516
2,916,11,1215,1,2517
2,916,18,1215,2,2518
2,917,2,1216,1,2519
2,917,3,1216,2,2520
2,917,4,1216,4,2521
2,917,6,1216,2,2522
2,917,7,1216,2,2523
2,917,8,1216,2,2524
2,917,9,1216,1,2525
2,917,10,1216,1,2526
2,917,11,1216,1,2527
2,917,18,1216,3,2528
2,918,10,1216,1,2529
2,919,2,1217,2,2530
2,919,3,1217,2,2531
2,919,4,1217,5,2532
2,919,6,1217,1,2533
2,919,7,1217,1,2534
2,919,8,1217,1,2535
2,919,9,1217,1,2536
2,919,10,1217,4,2537
2,919,11,1217,1,2538
2,919,18,1217,2,2539
2,920,2,1218,3,2540
2,920,3,1218,3,2541
2,920,4,1218,6,2542
2,920,6,1218,2,2543
2,920,7,1218,3,2544
2,920,9,1218,1,2545
2,920,10,1218,2,2546
2,920,11,1218,2,2547
2,920,18,1218,2,2548
2,921,1,1219,1,2549
2,921,2,1219,2,2550
2,921,3,1219,4,2551
2,921,4,1219,6,2552
2,921,6,1219,1,2553
2,921,7,1219,2,2554
2,921,8,1219,2,2555
2,921,9,1219,1,2556
2,921,10,1219,5,2557
2,921,11,1219,1,2558
2,921,12,1219,1,2559
2,921,18,1219,4,2560
2,922,4,1219,6,2561
2,922,6,1219,1,2562
2,922,7,1219,3,2563
2,922,8,1219,3,2564
2,922,9,1219,1,2565
2,922,10,1219,3,2566
2,922,18,1219,1,2567
2,923,1,1220,1,2568
2,923,10,1220,2,2569
2,924,1,1220,4,2570
2,924,2,1220,4,2571
2,924,3,1220,4,2572
2,924,4,1220,9,2573
2,924,6,1220,2,2574
2,924,7,1220,2,2575
2,924,8,1220,2,2576
2,924,9,1220,1,2577
2,924,10,1220,25,2578
2,924,11,1220,1,2579
2,924,12,1220,1,2580
2,924,18,1220,3,2581
2,925,1,1220,1,2582
2,925,10,1220,1,2583
2,926,2,1221,1,2584
2,926,3,1221,1,2585
2,926,4,1221,2,2586
2,926,6,1221,1,2587
2,926,7,1221,1,2588
2,926,8,1221,1,2589
2,926,9,1221,1,2590
2,926,10,1221,2,2591
2,926,11,1221,1,2592
2,926,18,1221,1,2593
2,927,1,1222,1,2594
2,927,3,1222,2,2595
2,927,4,1222,5,2596
2,927,7,1222,2,2597
2,927,8,1222,3,2598
2,927,9,1222,1,2599
2,927,10,1222,14,2600
2,927,11,1222,1,2601
2,927,18,1222,3,2602
2,928,2,1223,2,2603
2,928,3,1223,1,2604
2,928,4,1223,3,2605
2,928,6,1223,1,2606
2,928,7,1223,1,2607
2,928,8,1223,2,2608
2,928,10,1223,7,2609
2,928,11,1223,1,2610
2,928,18,1223,2,2611
2,929,2,1224,1,2612
2,929,3,1224,1,2613
2,929,4,1224,2,2614
2,929,7,1224,2,2615
2,929,8,1224,2,2616
2,929,9,1224,1,2617
2,929,10,1224,1,2618
2,929,11,1224,2,2619
2,929,18,1224,3,2620
2,930,10,1225,1,2621
2,931,10,1225,1,2622
2,932,1,1225,2,2623
2,932,3,1225,15,2624
2,932,4,1225,41,2625
2,932,5,1225,12,2626
2,932,6,1225,3,2627
2,932,7,1225,6,2628
2,932,8,1225,7,2629
2,932,9,1225,2,2630
2,932,10,1225,15,2631
2,932,11,1225,1,2632
2,932,17,1225,2,2633
2,932,18,1225,2,2634
2,933,10,1226,2,2635
2,934,1,1225,1,2636
2,934,10,1225,2,2637
2,935,10,1225,3,2638
2,936,10,1225,1,2639
2,937,10,1225,1,2640
2,938,10,1225,7,2641
2,939,1,1225,1,2642
2,939,10,1225,12,2643
2,940,2,1227,2,2644
2,940,3,1227,2,2645
2,940,4,1227,2,2646
2,940,6,1227,1,2647
2,940,7,1227,4,2648
2,940,8,1227,4,2649
2,940,9,1227,2,2650
2,940,10,1227,5,2651
2,940,11,1227,2,2652
2,940,18,1227,3,2653
2,941,1,1228,1,2654
2,941,3,1228,2,2655
2,941,4,1228,6,2656
2,941,6,1228,1,2657
2,941,7,1228,2,2658
2,941,8,1228,2,2659
2,941,9,1228,2,2660
2,941,10,1228,6,2661
2,941,11,1228,1,2662
2,942,10,1228,1,2663
2,943,10,1228,3,2664
2,944,1,1229,1,2665
2,944,2,1229,2,2666
2,944,3,1229,4,2667
2,944,4,1229,7,2668
2,944,6,1229,2,2669
2,944,7,1229,4,2670
2,944,8,1229,3,2671
2,944,9,1229,1,2672
2,944,10,1229,9,2673
2,944,11,1229,1,2674
2,944,18,1229,5,2675
2,945,1,1229,1,2676
2,945,10,1229,2,2677
2,946,1,1230,1,2678
2,946,10,1230,6,2679
2,947,1,1230,1,2680
2,948,10,1230,1,2681
2,948,24,1230,16,2682
2,948,32,1230,1,2683
2,949,1,1230,1,2684
2,949,2,1230,3,2685
2,949,3,1230,2,2686
2,949,4,1230,4,2687
2,949,6,1230,1,2688
2,949,7,1230,2,2689
2,949,8,1230,3,2690
2,949,9,1230,1,2691
2,949,10,1230,1,2692
2,949,11,1230,1,2693
2,950,1,1226,1,2694
2,950,10,1226,9,2695
2,951,18,1226,1,2696
2,951,25,1226,2,2697
2,952,10,1226,2,2698
2,953,10,1226,5,2699
2,954,10,1226,3,2700
2,955,10,1226,3,2701
2,956,10,1226,6,2702
2,957,1,1226,1,2703
2,957,10,1226,4,2704
2,958,10,1226,1,2705
2,959,10,1226,1,2706
2,960,1,1226,1,2707
2,960,10,1226,4,2708
2,960,23,1226,18,2709
2,961,10,1226,2,2710
2,962,1,1226,8,2711
2,962,10,1226,34,2712
2,963,10,1226,6,2713
2,964,1,1226,1,2714
2,964,10,1226,4,2715
2,965,1,1226,4,2716
2,965,10,1226,37,2717
2,965,18,1226,4,2718
2,966,23,1226,16,2719
2,967,10,1226,1,2720
2,968,10,1226,2,2721
2,969,10,1226,3,2722
2,970,1,1226,1,2723
2,970,10,1226,1,2724
2,971,1,1226,3,2725
2,971,10,1226,31,2726
2,972,10,1226,2,2727
2,973,10,1226,1,2728
2,974,10,1226,1,2729
2,975,1,1226,1,2730
2,975,10,1226,1,2731
2,976,10,1226,1,2732
2,977,10,1226,5,2733
2,978,10,1226,1,2734
2,979,1,1226,1,2735
2,979,10,1226,1,2736
2,979,12,1226,1,2737
2,979,18,1226,1,2738
2,980,10,1226,4,2739
2,981,1,1226,1,2740
2,981,10,1226,4,2741
2,982,10,1226,3,2742
2,983,1,1226,1,2743
2,983,10,1226,7,2744
2,984,1,1226,1,2745
2,984,10,1226,1,2746
2,985,10,1226,7,2747
2,986,1,1226,1,2748
2,986,10,1226,2,2749
2,987,1,1226,1,2750
2,987,10,1226,2,2751
2,988,1,1226,3,2752
2,988,10,1226,6,2753
2,989,10,1226,1,2754
2,990,1,1226,2,2755
2,990,10,1226,18,2756
2,990,17,1226,4,2757
2,991,10,1226,1,2758
2,992,10,1226,2,2759
2,993,1,1226,2,2760
2,993,10,1226,2,2761
2,994,10,1226,8,2762
2,995,10,1226,5,2763
2,996,1,1226,1,2764
2,996,10,1226,1,2765
2,997,1,1226,1,2766
2,997,10,1226,3,2767
2,997,23,1226,42,2768
2,998,1,1226,1,2769
2,998,10,1226,6,2770
2,999,20,1226,35,2771
2,1000,1,1226,12,2772
2,1000,3,1226,14,2773
2,1000,4,1226,108,2774
2,1000,6,1226,8,2775
2,1000,7,1226,22,2776
2,1000,8,1226,25,2777
2,1000,9,1226,9,2778
2,1000,10,1226,39,2779
2,1000,11,1226,2,2780
2,1000,17,1226,5,2781
2,1000,18,1226,4,2782
2,1000,37,1226,4,2783
2,1001,1,1226,7,2784
2,1001,3,1226,21,2785
2,1001,4,1226,160,2786
2,1001,6,1226,5,2787
2,1001,7,1226,37,2788
2,1001,8,1226,36,2789
2,1001,9,1226,5,2790
2,1001,10,1226,82,2791
2,1001,11,1226,2,2792
2,1001,15,1226,3,2793
2,1001,17,1226,8,2794
2,1001,19,1226,5,2795
2,1001,26,1226,18,2796
2,1001,27,1226,16,2797
2,1001,28,1226,14,2798
2,1001,29,1226,12,2799
2,1001,30,1226,24,2800
2,1001,38,1226,2,2801
2,1001,46,1226,1,2802
2,1001,47,1226,3,2803
2,1001,48,1226,3,2804
2,1001,49,1226,3,2805
2,1002,10,1226,5,2806
2,1003,1,1226,1,2807
2,1004,10,1226,1,2808
2,1005,19,1226,4,2809
2,1005,28,1226,10,2810
2,1006,1,1226,2,2811
2,1006,10,1226,7,2812
2,1006,17,1226,1,2813
2,1006,19,1226,25,2814
2,1007,1,1226,3,2815
2,1007,10,1226,2,2816
2,1007,12,1226,1,2817
2,1008,10,1226,1,2818
2,1009,1,1226,2,2819
2,1009,10,1226,2,2820
2,1010,10,1226,3,2821
2,1011,10,1226,2,2822
2,1011,12,1226,1,2823
2,1012,10,1226,3,2824
2,1013,1,1226,1,2825
2,1013,3,1226,8,2826
2,1013,4,1226,136,2827
2,1013,14,1226,20,2828
2,1013,16,1226,6,2829
2,1013,23,1226,1,2830
2,1013,30,1226,8,2831
2,1013,44,1226,20,2832
2,1014,10,1226,5,2833
2,1015,10,1226,3,2834
2,1016,10,1226,6,2835
2,1017,10,1226,2,2836
2,1018,1,1226,1,2837
2,1018,10,1226,1,2838
2,1019,1,1226,6,2839
2,1019,10,1226,4,2840
2,1020,1,1226,1,2841
2,1020,10,1226,2,2842
2,1020,12,1226,1,2843
2,1021,18,1226,1,2844
2,1021,25,1226,1,2845
2,1022,10,1226,1,2846
2,1023,10,1226,1,2847
2,1024,10,1226,1,2848
2,1025,10,1226,5,2849
2,1026,1,1226,1,2850
2,1026,10,1226,1,2851
2,1027,1,1226,1,2852
2,1028,1,1226,3,2853
2,1028,10,1226,3,2854
2,1029,10,1226,1,2855
2,1030,10,1226,3,2856
2,1031,1,1226,1,2857
2,1032,1,1226,1,2858
2,1032,10,1226,4,2859
2,1033,10,1226,4,2860
2,1034,10,1226,1,2861
2,1035,1,1231,1,2862
2,1035,2,1231,2,2863
2,1035,3,1231,1,2864
2,1035,4,1231,2,2865
2,1035,6,1231,1,2866
2,1035,7,1231,1,2867
2,1035,8,1231,2,2868
2,1035,9,1231,1,2869
2,1035,10,1231,3,2870
2,1035,11,1231,1,2871
2,1035,18,1231,2,2872
2,1036,10,1232,2,2873
2,1037,10,1232,3,2874
2,1038,10,1232,1,2875
2,1039,1,1232,1,2876
2,1039,10,1232,1,2877
2,1040,10,1232,1,2878
2,1041,10,1232,3,2879
2,1042,10,1232,2,2880
2,1043,1,1232,3,2881
2,1043,10,1232,46,2882
2,1044,1,1232,4,2883
2,1044,10,1232,18,2884
2,1045,10,1232,3,2885
2,1046,10,1232,3,2886
2,1047,1,1232,1,2887
2,1047,10,1232,7,2888
2,1047,17,1232,1,2889
2,1048,10,1232,32,2890
2,1049,10,1232,1,2891
2,1050,10,1232,2,2892
2,1051,10,1232,4,2893
2,1052,1,1232,5,2894
2,1052,10,1232,27,2895
2,1052,17,1232,4,2896
2,1053,10,1232,3,2897
2,1054,1,1232,4,2898
2,1054,10,1232,60,2899
2,1055,1,1232,1,2900
2,1055,3,1232,1,2901
2,1055,4,1232,22,2902
2,1055,6,1232,4,2903
2,1055,7,1232,6,2904
2,1055,8,1232,6,2905
2,1055,9,1232,1,2906
2,1055,10,1232,10,2907
2,1055,11,1232,1,2908
2,1055,12,1232,1,2909
2,1055,17,1232,2,2910
2,1055,18,1232,2,2911
2,1056,10,1232,2,2912
2,1057,10,1232,2,2913
2,1058,10,1232,1,2914
2,1059,10,1232,1,2915
2,1060,1,1232,1,2916
2,1060,10,1232,5,2917
2,1061,10,1232,2,2918
2,1062,10,1232,1,2919
2,1063,1,1232,1,2920
2,1063,10,1232,1,2921
2,1064,10,1232,2,2922
2,1065,19,1232,2,2923
2,1065,28,1232,8,2924
2,1066,10,1131,1,2925
2,1067,2,1233,3,2926
2,1067,3,1233,2,2927
2,1067,4,1233,4,2928
2,1067,6,1233,1,2929
2,1067,7,1233,2,2930
2,1067,8,1233,1,2931
2,1067,9,1233,1,2932
2,1067,10,1233,1,2933
2,1067,11,1233,1,2934
2,1067,18,1233,2,2935
2,1068,1,217,1,2936
2,1068,10,217,1,2937
2,1068,18,217,2,2938
2,1069,1,217,1,2939
2,1069,3,217,3,2940
2,1069,4,217,9,2941
2,1069,6,217,1,2942
2,1069,7,217,2,2943
2,1069,8,217,2,2944
2,1069,9,217,1,2945
2,1069,10,217,11,2946
2,1069,11,217,1,2947
2,1069,18,217,3,2948
2,1070,10,217,1,2949
2,1071,3,1234,2,2950
2,1071,4,1234,4,2951
2,1071,6,1234,1,2952
2,1071,7,1234,1,2953
2,1071,8,1234,1,2954
2,1071,9,1234,1,2955
2,1071,10,1234,5,2956
2,1071,11,1234,1,2957
2,1071,18,1234,2,2958
2,1072,1,1235,1,2959
2,1072,2,1235,2,2960
2,1072,3,1235,1,2961
2,1072,4,1235,4,2962
2,1072,6,1235,3,2963
2,1072,7,1235,9,2964
2,1072,8,1235,3,2965
2,1072,9,1235,1,2966
2,1072,10,1235,7,2967
2,1072,11,1235,1,2968
2,1072,18,1235,2,2969
2,1073,2,1236,1,2970
2,1073,3,1236,1,2971
2,1073,4,1236,2,2972
2,1073,6,1236,1,2973
2,1073,7,1236,1,2974
2,1073,8,1236,1,2975
2,1073,9,1236,1,2976
2,1073,10,1236,5,2977
2,1073,11,1236,1,2978
2,1073,18,1236,1,2979
2,1074,2,1237,2,2980
2,1074,3,1237,3,2981
2,1074,4,1237,2,2982
2,1074,5,1237,2,2983
2,1074,6,1237,3,2984
2,1074,7,1237,2,2985
2,1074,8,1237,2,2986
2,1074,9,1237,1,2987
2,1074,10,1237,4,2988
2,1074,11,1237,1,2989
2,1075,10,1238,1,2990
2,1076,1,1238,1,2991
2,1076,3,1238,2,2992
2,1076,4,1238,9,2993
2,1076,5,1238,4,2994
2,1076,6,1238,1,2995
2,1076,7,1238,3,2996
2,1076,8,1238,3,2997
2,1076,9,1238,1,2998
2,1076,10,1238,9,2999
2,1076,11,1238,1,3000
2,1076,12,1238,1,3001
2,1076,18,1238,3,3002
2,1077,1,1239,2,3003
2,1077,10,1239,4,3004
2,1078,10,1239,1,3005
2,1079,1,1239,1,3006
2,1079,3,1239,1,3007
2,1079,4,1239,4,3008
2,1079,6,1239,2,3009
2,1079,7,1239,4,3010
2,1079,8,1239,4,3011
2,1079,9,1239,2,3012
2,1079,10,1239,15,3013
2,1079,11,1239,1,3014
2,1079,18,1239,3,3015
2,1080,1,1240,1,3016
2,1080,3,1240,3,3017
2,1080,4,1240,7,3018
2,1080,6,1240,2,3019
2,1080,7,1240,2,3020
2,1080,8,1240,2,3021
2,1080,9,1240,2,3022
2,1080,10,1240,16,3023
2,1080,11,1240,1,3024
2,1080,18,1240,3,3025
2,1081,1,1240,1,3026
2,1081,10,1240,7,3027
2,1082,1,1241,2,3028
2,1082,10,1241,2,3029
2,1083,1,1241,1,3030
2,1083,10,1241,1,3031
2,1083,18,1241,2,3032
2,1084,3,1241,1,3033
2,1084,4,1241,5,3034
2,1084,6,1241,1,3035
2,1084,7,1241,1,3036
2,1084,8,1241,1,3037
2,1084,9,1241,1,3038
2,1084,10,1241,12,3039
2,1084,11,1241,1,3040
2,1084,18,1241,2,3041
2,1085,1,1241,1,3042
2,1085,10,1241,1,3043
2,1086,2,1242,5,3044
2,1086,3,1242,4,3045
2,1086,4,1242,5,3046
2,1086,7,1242,13,3047
2,1086,8,1242,13,3048
2,1086,9,1242,3,3049
2,1086,10,1242,4,3050
2,1086,11,1242,2,3051
2,1086,18,1242,4,3052
2,1087,1,1243,1,3053
2,1087,2,1243,3,3054
2,1087,3,1243,2,3055
2,1087,4,1243,3,3056
2,1087,7,1243,1,3057
2,1087,8,1243,2,3058
2,1087,9,1243,1,3059
2,1087,10,1243,4,3060
2,1087,11,1243,1,3061
2,1087,18,1243,2,3062
2,1088,2,1244,3,3063
2,1088,3,1244,2,3064
2,1088,4,1244,3,3065
2,1088,6,1244,2,3066
2,1088,7,1244,2,3067
2,1088,8,1244,2,3068
2,1088,9,1244,2,3069
2,1088,10,1244,10,3070
2,1088,11,1244,1,3071
2,1088,12,1244,1,3072
2,1088,18,1244,2,3073
2,1089,1,1245,2,3074
2,1089,10,1245,6,3075
2,1090,10,1245,1,3076
2,1091,10,1245,4,3077
2,1092,2,1245,1,3078
2,1092,3,1245,4,3079
2,1092,4,1245,9,3080
2,1092,6,1245,2,3081
2,1092,7,1245,6,3082
2,1092,8,1245,7,3083
2,1092,9,1245,2,3084
2,1092,10,1245,6,3085
2,1092,11,1245,1,3086
2,1092,18,1245,3,3087
2,1093,1,1246,1,3088
2,1093,2,1246,1,3089
2,1093,3,1246,3,3090
2,1093,4,1246,3,3091
2,1093,5,1246,1,3092
2,1093,6,1246,1,3093
2,1093,7,1246,2,3094
2,1093,8,1246,2,3095
2,1093,9,1246,2,3096
2,1093,10,1246,1,3097
2,1093,11,1246,1,3098
2,1093,18,1246,2,3099
2,1094,10,1247,2,3100
2,1095,1,1247,3,3101
2,1095,3,1247,12,3102
2,1095,4,1247,64,3103
2,1095,6,1247,4,3104
2,1095,7,1247,10,3105
2,1095,8,1247,10,3106
2,1095,9,1247,2,3107
2,1095,10,1247,26,3108
2,1095,11,1247,1,3109
2,1095,17,1247,2,3110
2,1095,18,1247,3,3111
2,1095,25,1247,3,3112
2,1096,10,1247,3,3113
2,1097,10,1248,1,3114
2,1098,10,1248,3,3115
2,1099,1,1248,2,3116
2,1099,3,1248,2,3117
2,1099,4,1248,11,3118
2,1099,6,1248,3,3119
2,1099,7,1248,5,3120
2,1099,8,1248,4,3121
2,1099,9,1248,2,3122
2,1099,10,1248,11,3123
2,1099,11,1248,1,3124
2,1099,18,1248,7,3125
2,1100,10,1248,2,3126
2,1101,10,1248,3,3127
2,1102,3,1249,2,3128
2,1102,4,1249,4,3129
2,1102,11,1249,1,3130
2,1102,18,1249,4,3131
2,1102,35,1249,2,3132
2,1103,10,1249,2,3133
2,1104,10,1249,1,3134
2,1105,1,1250,1,3135
2,1105,2,1250,2,3136
2,1105,3,1250,2,3137
2,1105,4,1250,2,3138
2,1105,6,1250,2,3139
2,1105,7,1250,2,3140
2,1105,8,1250,2,3141
2,1105,9,1250,1,3142
2,1105,10,1250,9,3143
2,1105,11,1250,1,3144
2,1105,18,1250,1,3145
2,1106,1,1251,1,3146
2,1106,3,1251,1,3147
2,1106,4,1251,7,3148
2,1106,6,1251,1,3149
2,1106,7,1251,1,3150
2,1106,8,1251,1,3151
2,1106,9,1251,1,3152
2,1106,10,1251,9,3153
2,1106,11,1251,1,3154
2,1106,18,1251,3,3155
2,1107,10,1251,2,3156
2,1108,2,1252,3,3157
2,1108,3,1252,3,3158
2,1108,4,1252,4,3159
2,1108,6,1252,2,3160
2,1108,7,1252,4,3161
2,1108,8,1252,4,3162
2,1108,9,1252,1,3163
2,1108,10,1252,5,3164
2,1108,11,1252,1,3165
2,1108,18,1252,4,3166
2,1109,3,1253,2,3167
2,1109,4,1253,5,3168
2,1109,6,1253,1,3169
2,1109,7,1253,1,3170
2,1109,8,1253,1,3171
2,1109,9,1253,1,3172
2,1109,10,1253,6,3173
2,1109,11,1253,1,3174
2,1109,12,1253,1,3175
2,1109,18,1253,2,3176
2,1110,2,1254,3,3177
2,1110,3,1254,2,3178
2,1110,4,1254,10,3179
2,1110,6,1254,1,3180
2,1110,7,1254,3,3181
2,1110,8,1254,3,3182
2,1110,9,1254,1,3183
2,1110,10,1254,5,3184
2,1110,11,1254,1,3185
2,1110,18,1254,2,3186
2,1111,1,1255,1,3187
2,1111,10,1255,1,3188
2,1112,3,1255,2,3189
2,1112,4,1255,4,3190
2,1112,5,1255,2,3191
2,1112,6,1255,1,3192
2,1112,7,1255,1,3193
2,1112,8,1255,1,3194
2,1112,9,1255,1,3195
2,1112,10,1255,7,3196
2,1112,11,1255,1,3197
2,1112,18,1255,3,3198
2,1113,1,1256,2,3199
2,1113,10,1256,14,3200
2,1114,10,1256,16,3201
2,1115,10,1256,1,3202
2,1116,1,1256,3,3203
2,1116,10,1256,14,3204
2,1117,10,1256,2,3205
2,1118,10,1256,1,3206
2,1119,1,1256,1,3207
2,1119,10,1256,7,3208
2,1120,1,1256,1,3209
2,1120,3,1256,1,3210
2,1120,4,1256,15,3211
2,1120,10,1256,2,3212
2,1120,17,1256,1,3213
2,1121,1,1256,1,3214
2,1121,2,1256,29,3215
2,1121,3,1256,19,3216
2,1121,4,1256,34,3217
2,1121,6,1256,8,3218
2,1121,7,1256,12,3219
2,1121,8,1256,12,3220
2,1121,9,1256,6,3221
2,1121,10,1256,20,3222
2,1121,11,1256,2,3223
2,1121,12,1256,1,3224
2,1121,16,1256,2,3225
2,1121,17,1256,2,3226
2,1121,18,1256,2,3227
2,1121,40,1256,2,3228
2,1122,10,1256,4,3229
2,1122,18,1256,3,3230
2,1123,10,1256,1,3231
2,1124,10,1256,1,3232
2,1124,18,1256,1,3233
2,1125,1,1256,1,3234
2,1125,10,1256,1,3235
2,1126,10,1256,1,3236
2,1127,10,1256,3,3237
2,1128,1,1256,2,3238
2,1128,10,1256,2,3239
2,1129,2,1257,2,3240
2,1129,3,1257,5,3241
2,1129,4,1257,4,3242
2,1129,6,1257,5,3243
2,1129,7,1257,2,3244
2,1129,8,1257,2,3245
2,1129,9,1257,1,3246
2,1129,10,1257,1,3247
2,1129,11,1257,1,3248
2,1129,18,1257,1,3249
2,1130,2,1258,4,3250
2,1130,3,1258,8,3251
2,1130,4,1258,13,3252
2,1130,6,1258,3,3253
2,1130,7,1258,5,3254
2,1130,8,1258,5,3255
2,1130,9,1258,1,3256
2,1130,10,1258,10,3257
2,1130,11,1258,1,3258
2,1130,12,1258,1,3259
2,1130,18,1258,4,3260
2,1131,2,1259,2,3261
2,1131,3,1259,2,3262
2,1131,4,1259,4,3263
2,1131,6,1259,2,3264
2,1131,7,1259,2,3265
2,1131,8,1259,2,3266
2,1131,9,1259,1,3267
2,1131,10,1259,3,3268
2,1131,11,1259,1,3269
2,1131,12,1259,1,3270
2,1131,18,1259,3,3271
2,1132,1,1260,1,3272
2,1132,3,1260,1,3273
2,1132,4,1260,2,3274
2,1132,7,1260,1,3275
2,1132,8,1260,1,3276
2,1132,9,1260,1,3277
2,1132,10,1260,3,3278
2,1132,11,1260,1,3279
2,1132,18,1260,1,3280
2,1133,2,1261,2,3281
2,1133,3,1261,3,3282
2,1133,4,1261,2,3283
2,1133,6,1261,1,3284
2,1133,7,1261,1,3285
2,1133,8,1261,1,3286
2,1133,9,1261,1,3287
2,1133,10,1261,2,3288
2,1133,11,1261,1,3289
2,1133,18,1261,3,3290
2,1134,1,1262,1,3291
2,1134,2,1262,3,3292
2,1134,3,1262,2,3293
2,1134,4,1262,3,3294
2,1134,6,1262,1,3295
2,1134,7,1262,1,3296
2,1134,8,1262,2,3297
2,1134,9,1262,1,3298
2,1134,10,1262,5,3299
2,1134,11,1262,1,3300
2,1134,18,1262,2,3301
2,1135,2,1263,1,3302
2,1135,3,1263,2,3303
2,1135,4,1263,4,3304
2,1135,6,1263,2,3305
2,1135,7,1263,2,3306
2,1135,8,1263,2,3307
2,1135,9,1263,1,3308
2,1135,10,1263,1,3309
2,1135,11,1263,1,3310
2,1135,18,1263,2,3311
2,1136,1,1264,3,3312
2,1136,10,1264,9,3313
2,1137,2,1265,2,3314
2,1137,3,1265,2,3315
2,1137,4,1265,3,3316
2,1137,6,1265,1,3317
2,1137,7,1265,1,3318
2,1137,8,1265,1,3319
2,1137,9,1265,1,3320
2,1137,10,1265,2,3321
2,1137,11,1265,1,3322
2,1137,18,1265,2,3323
2,1138,1,1264,1,3324
2,1138,3,1264,8,3325
2,1138,4,1264,62,3326
2,1138,6,1264,6,3327
2,1138,7,1264,7,3328
2,1138,8,1264,6,3329
2,1138,9,1264,3,3330
2,1138,10,1264,20,3331
2,1138,11,1264,1,3332
2,1138,17,1264,3,3333
2,1138,18,1264,2,3334
2,1138,25,1264,2,3335
2,1139,3,1266,11,3336
2,1139,4,1266,31,3337
2,1139,6,1266,4,3338
2,1139,7,1266,3,3339
2,1139,8,1266,3,3340
2,1139,9,1266,3,3341
2,1139,10,1266,14,3342
2,1139,11,1266,1,3343
2,1139,17,1266,3,3344
2,1139,18,1266,4,3345
2,1139,25,1266,1,3346
2,1140,1,1267,1,3347
2,1140,2,1267,2,3348
2,1140,3,1267,2,3349
2,1140,4,1267,5,3350
2,1140,6,1267,1,3351
2,1140,7,1267,2,3352
2,1140,8,1267,1,3353
2,1140,9,1267,2,3354
2,1140,10,1267,13,3355
2,1140,11,1267,1,3356
2,1140,18,1267,3,3357
2,1141,20,1266,25,3358
2,1142,10,1267,1,3359
2,1142,12,1267,1,3360
2,1143,1,1268,1,3361
2,1143,2,1268,3,3362
2,1143,3,1268,4,3363
2,1143,4,1268,9,3364
2,1143,6,1268,3,3365
2,1143,7,1268,5,3366
2,1143,8,1268,6,3367
2,1143,9,1268,1,3368
2,1143,10,1268,5,3369
2,1143,11,1268,1,3370
2,1143,18,1268,4,3371
2,1144,10,1214,5,3372
2,1145,1,1269,1,3373
2,1145,10,1269,13,3374
2,1145,12,1269,6,3375
2,1146,1,1269,1,3376
2,1146,3,1269,16,3377
2,1146,4,1269,45,3378
2,1146,6,1269,18,3379
2,1146,7,1269,22,3380
2,1146,8,1269,21,3381
2,1146,9,1269,5,3382
2,1146,10,1269,15,3383
2,1146,11,1269,1,3384
2,1146,17,1269,3,3385
2,1146,18,1269,2,3386
2,1146,19,1269,4,3387
2,1146,25,1269,2,3388
2,1146,27,1269,2,3389
2,1146,28,1269,7,3390
2,1146,29,1269,14,3391
2,1146,38,1269,4,3392
2,1146,40,1269,1,3393
2,1146,55,1269,1,3394
2,1147,10,1269,1,3395
2,1148,10,1269,3,3396
2,1149,10,1269,1,3397
2,1150,1,1269,1,3398
2,1150,10,1269,38,3399
2,1150,12,1269,1,3400
2,1150,18,1269,2,3401
2,1150,25,1269,2,3402
2,1151,1,1214,2,3403
2,1151,10,1214,44,3404
2,1152,10,1269,1,3405
2,1152,12,1269,2,3406
2,1152,18,1269,9,3407
2,1152,25,1269,9,3408
2,1153,10,1269,4,3409
2,1154,10,1269,2,3410
2,1154,17,1269,1,3411
2,1155,10,1269,1,3412
2,1156,10,1269,1,3413
2,1157,10,1269,1,3414
2,1158,1,1269,1,3415
2,1158,10,1269,1,3416
2,1158,17,1269,1,3417
2,1159,1,1269,1,3418
2,1159,10,1269,4,3419
2,1160,10,1269,1,3420
2,1161,18,1269,1,3421
2,1162,10,1269,8,3422
2,1163,10,1269,1,3423
2,1164,10,1269,3,3424
2,1165,1,1269,1,3425
2,1165,10,1269,1,3426
2,1165,23,1269,34,3427
2,1166,10,1269,7,3428
2,1167,10,1269,1,3429
2,1168,10,1269,1,3430
2,1169,10,1269,1,3431
2,1169,20,1269,62,3432
2,1169,24,1269,8,3433
2,1169,33,1269,62,3434
2,1170,10,1269,7,3435
2,1171,1,1269,2,3436
2,1171,10,1269,8,3437
2,1172,10,1269,3,3438
2,1173,1,1269,1,3439
2,1174,10,1269,2,3440
2,1175,10,1269,1,3441
2,1176,1,1269,1,3442
2,1176,10,1269,4,3443
2,1176,24,1269,18,3444
2,1176,33,1269,17,3445
2,1177,10,1269,1,3446
2,1177,17,1269,1,3447
2,1178,10,1269,2,3448
2,1179,10,1269,7,3449
2,1180,10,1270,5,3450
2,1181,10,1270,1,3451
2,1182,1,1270,1,3452
2,1182,10,1270,1,3453
2,1183,1,1270,3,3454
2,1183,2,1270,3,3455
2,1183,3,1270,10,3456
2,1183,4,1270,8,3457
2,1183,6,1270,5,3458
2,1183,7,1270,7,3459
2,1183,8,1270,8,3460
2,1183,9,1270,5,3461
2,1183,10,1270,25,3462
2,1183,11,1270,2,3463
2,1183,12,1270,3,3464
2,1183,17,1270,2,3465
2,1183,18,1270,7,3466
2,1184,10,1270,4,3467
2,1185,1,1271,1,3468
2,1185,2,1271,1,3469
2,1185,3,1271,1,3470
2,1185,4,1271,3,3471
2,1185,6,1271,1,3472
2,1185,7,1271,1,3473
2,1185,8,1271,1,3474
2,1185,9,1271,1,3475
2,1185,10,1271,4,3476
2,1185,11,1271,1,3477
2,1185,12,1271,1,3478
2,1185,18,1271,2,3479
2,1186,10,1272,1,3480
2,1187,10,1272,6,3481
2,1188,1,1272,1,3482
2,1188,2,1272,3,3483
2,1188,3,1272,5,3484
2,1188,4,1272,8,3485
2,1188,6,1272,2,3486
2,1188,7,1272,3,3487
2,1188,8,1272,3,3488
2,1188,9,1272,2,3489
2,1188,10,1272,11,3490
2,1188,11,1272,1,3491
2,1188,12,1272,1,3492
2,1188,17,1272,2,3493
2,1188,18,1272,3,3494
2,1189,1,1273,2,3495
2,1189,2,1273,1,3496
2,1189,3,1273,16,3497
2,1189,4,1273,84,3498
2,1189,6,1273,8,3499
2,1189,7,1273,4,3500
2,1189,8,1273,11,3501
2,1189,9,1273,4,3502
2,1189,10,1273,55,3503
2,1189,11,1273,1,3504
2,1189,12,1273,2,3505
2,1189,17,1273,5,3506
2,1189,18,1273,5,3507
2,1189,19,1273,12,3508
2,1189,25,1273,3,3509
2,1189,26,1273,5,3510
2,1189,29,1273,3,3511
2,1189,37,1273,3,3512
2,1190,10,1272,4,3513
2,1191,10,1274,1,3514
2,1192,1,1274,1,3515
2,1192,3,1274,1,3516
2,1192,4,1274,6,3517
2,1192,6,1274,1,3518
2,1192,7,1274,2,3519
2,1192,8,1274,2,3520
2,1192,9,1274,1,3521
2,1192,10,1274,5,3522
2,1192,12,1274,1,3523
2,1192,18,1274,2,3524
2,1193,10,1273,6,3525
2,1194,10,1273,1,3526
2,1195,10,1273,2,3527
2,1196,10,1273,1,3528
2,1197,10,1273,1,3529
2,1198,1,1273,1,3530
2,1198,10,1273,3,3531
2,1199,10,1273,2,3532
2,1200,10,1273,14,3533
2,1200,40,1273,1,3534
2,1201,10,1273,1,3535
2,1202,10,1273,1,3536
2,1203,10,1273,3,3537
2,1204,10,1273,1,3538
2,1205,1,1273,1,3539
2,1205,10,1273,4,3540
2,1205,23,1273,26,3541
2,1206,1,1273,1,3542
2,1206,3,1273,2,3543
2,1206,4,1273,7,3544
2,1206,10,1273,5,3545
2,1206,17,1273,1,3546
2,1207,10,1273,5,3547
2,1208,10,1275,1,3548
2,1209,10,1275,10,3549
2,1210,10,1275,1,3550
2,1211,10,1275,1,3551
2,1212,10,1275,1,3552
2,1213,10,1275,1,3553
2,1214,1,1275,1,3554
2,1214,10,1275,1,3555
2,1215,10,1275,1,3556
2,1216,10,1275,1,3557
2,1217,10,1275,6,3558
2,1218,1,1275,2,3559
2,1218,2,1275,4,3560
2,1218,3,1275,12,3561
2,1218,4,1275,16,3562
2,1218,6,1275,6,3563
2,1218,7,1275,5,3564
2,1218,8,1275,5,3565
2,1218,9,1275,4,3566
2,1218,10,1275,20,3567
2,1218,11,1275,1,3568
2,1218,12,1275,2,3569
2,1218,17,1275,2,3570
2,1218,18,1275,6,3571
2,1219,10,1275,1,3572
2,1220,10,1275,15,3573
2,1221,10,1275,3,3574
2,1221,18,1275,3,3575
2,1222,10,1275,1,3576
2,1223,10,1275,1,3577
2,1224,10,1275,1,3578
2,1225,2,1276,8,3579
2,1225,3,1276,5,3580
2,1225,4,1276,13,3581
2,1225,6,1276,4,3582
2,1225,7,1276,7,3583
2,1225,8,1276,7,3584
2,1225,9,1276,3,3585
2,1225,10,1276,3,3586
2,1225,11,1276,1,3587
2,1225,17,1276,1,3588
2,1225,18,1276,2,3589
2,1225,19,1276,7,3590
2,1225,28,1276,5,3591
2,1226,1,1276,1,3592
2,1226,3,1276,2,3593
2,1226,4,1276,4,3594
2,1226,6,1276,4,3595
2,1226,7,1276,4,3596
2,1226,8,1276,4,3597
2,1226,9,1276,2,3598
2,1226,10,1276,27,3599
2,1226,11,1276,1,3600
2,1226,12,1276,1,3601
2,1226,18,1276,1,3602
2,1227,10,1276,6,3603
2,1227,16,1276,1,3604
2,1227,17,1276,1,3605
2,1228,26,1276,5,3606
2,1228,39,1276,6,3607
2,1229,1,1276,1,3608
2,1229,4,1276,12,3609
2,1229,6,1276,1,3610
2,1229,7,1276,2,3611
2,1229,8,1276,1,3612
2,1229,9,1276,1,3613
2,1229,10,1276,1,3614
2,1229,17,1276,1,3615
2,1230,10,1276,1,3616
2,1231,1,1276,1,3617
2,1231,2,1276,54,3618
2,1231,3,1276,40,3619
2,1231,4,1276,186,3620
2,1231,6,1276,4,3621
2,1231,7,1276,10,3622
2,1231,8,1276,10,3623
2,1231,9,1276,5,3624
2,1231,10,1276,12,3625
2,1231,11,1276,2,3626
2,1231,17,1276,6,3627
2,1231,18,1276,1,3628
2,1231,19,1276,19,3629
2,1231,23,1276,10,3630
2,1231,25,1276,1,3631
2,1231,26,1276,5,3632
2,1231,27,1276,1,3633
2,1231,28,1276,26,3634
2,1231,30,1276,17,3635
2,1231,38,1276,19,3636
2,1231,39,1276,2,3637
2,1231,47,1276,20,3638
2,1231,48,1276,3,3639
2,1231,52,1276,1,3640
2,1231,53,1276,1,3641
2,1232,1,1276,1,3642
2,1232,10,1276,1,3643
2,1233,1,1276,1,3644
2,1233,10,1276,4,3645
2,1234,10,1276,1,3646
2,1235,10,1276,7,3647
2,1236,10,1276,1,3648
2,1237,1,1276,1,3649
2,1237,10,1276,4,3650
2,1237,17,1276,1,3651
2,1238,10,1276,7,3652
2,1239,2,1277,2,3653
2,1239,3,1277,2,3654
2,1239,4,1277,4,3655
2,1239,6,1277,2,3656
2,1239,7,1277,2,3657
2,1239,8,1277,2,3658
2,1239,9,1277,1,3659
2,1239,10,1277,15,3660
2,1239,11,1277,1,3661
2,1239,18,1277,1,3662
2,1240,10,1277,1,3663
2,1241,10,1277,1,3664
2,1242,4,1277,10,3665
2,1242,10,1277,1,3666
2,1242,17,1277,1,3667
2,1243,1,1277,1,3668
2,1243,3,1277,2,3669
2,1243,4,1277,15,3670
2,1243,10,1277,2,3671
2,1243,12,1277,1,3672
2,1243,17,1277,1,3673
2,1244,57,1277,20,3674
2,1245,1,1277,5,3675
2,1245,10,1277,1,3676
2,1246,10,1277,3,3677
2,1247,10,1277,4,3678
2,1248,1,1278,2,3679
2,1248,2,1278,4,3680
2,1248,6,1278,3,3681
2,1248,7,1278,3,3682
2,1248,8,1278,3,3683
2,1248,9,1278,1,3684
2,1248,10,1278,4,3685
2,1248,11,1278,1,3686
2,1248,18,1278,1,3687
2,1248,25,1278,1,3688
2,1249,10,1278,1,3689
2,1250,1,1278,1,3690
2,1250,10,1278,3,3691
2,1251,10,1278,4,3692
2,1252,2,1279,1,3693
2,1252,4,1279,4,3694
2,1252,6,1279,2,3695
2,1252,7,1279,4,3696
2,1252,8,1279,4,3697
2,1252,9,1279,2,3698
2,1252,10,1279,16,3699
2,1252,11,1279,1,3700
2,1252,18,1279,1,3701
2,1253,10,1279,1,3702
2,1254,1,1279,1,3703
2,1254,3,1279,1,3704
2,1254,4,1279,6,3705
2,1254,6,1279,2,3706
2,1254,7,1279,2,3707
2,1254,8,1279,1,3708
2,1254,9,1279,2,3709
2,1254,10,1279,2,3710
2,1254,16,1279,1,3711
2,1254,17,1279,1,3712
2,1255,20,1279,60,3713
2,1255,33,1279,50,3714
2,1256,1,1279,1,3715
2,1256,10,1279,3,3716
2,1256,12,1279,1,3717
2,1257,1,1279,1,3718
2,1257,4,1279,2,3719
2,1257,10,1279,1,3720
2,1258,1,1279,1,3721
2,1258,3,1279,3,3722
2,1258,4,1279,5,3723
2,1258,10,1279,2,3724
2,1258,17,1279,1,3725
2,1259,10,1279,4,3726
2,1260,10,1279,1,3727
2,1261,10,1279,4,3728
2,1262,2,1280,2,3729
2,1262,4,1280,3,3730
2,1262,6,1280,2,3731
2,1262,7,1280,2,3732
2,1262,8,1280,2,3733
2,1262,9,1280,2,3734
2,1262,10,1280,19,3735
2,1262,11,1280,1,3736
2,1262,18,1280,1,3737
2,1263,2,1281,1,3738
2,1263,3,1281,2,3739
2,1263,4,1281,4,3740
2,1263,6,1281,2,3741
2,1263,7,1281,2,3742
2,1263,8,1281,2,3743
2,1263,9,1281,2,3744
2,1263,10,1281,6,3745
2,1263,11,1281,1,3746
2,1263,18,1281,2,3747
2,1264,10,1280,1,3748
2,1265,3,1281,6,3749
2,1265,4,1281,7,3750
2,1265,6,1281,4,3751
2,1265,7,1281,3,3752
2,1265,8,1281,4,3753
2,1265,9,1281,2,3754
2,1265,10,1281,2,3755
2,1265,15,1281,4,3756
2,1265,17,1281,3,3757
2,1265,19,1281,6,3758
2,1265,25,1281,1,3759
2,1265,26,1281,8,3760
2,1265,27,1281,5,3761
2,1265,28,1281,8,3762
2,1265,37,1281,2,3763
2,1265,48,1281,4,3764
2,1266,10,1281,1,3765
2,1266,33,1281,60,3766
2,1266,54,1281,10,3767
2,1266,58,1281,10,3768
2,1267,1,1282,2,3769
2,1267,2,1282,2,3770
2,1267,3,1282,2,3771
2,1267,4,1282,6,3772
2,1267,5,1282,2,3773
2,1267,6,1282,4,3774
2,1267,7,1282,4,3775
2,1267,8,1282,4,3776
2,1267,9,1282,4,3777
2,1267,10,1282,35,3778
2,1267,11,1282,1,3779
2,1267,12,1282,1,3780
2,1267,18,1282,4,3781
2,1268,10,1282,6,3782
2,1269,10,1282,1,3783
2,1269,12,1282,1,3784
2,1270,1,1282,1,3785
2,1270,3,1282,2,3786
2,1270,4,1282,6,3787
2,1270,10,1282,2,3788
2,1270,17,1282,1,3789
2,1271,10,1282,5,3790
2,1272,10,1282,1,3791
2,1272,24,1282,10,3792
2,1272,33,1282,32,3793
2,1273,1,1282,1,3794
2,1273,3,1282,2,3795
2,1273,4,1282,6,3796
2,1273,6,1282,2,3797
2,1273,8,1282,2,3798
2,1273,9,1282,1,3799
2,1273,10,1282,1,3800
2,1273,16,1282,1,3801
2,1274,1,1282,1,3802
2,1274,4,1282,10,3803
2,1274,6,1282,2,3804
2,1274,7,1282,3,3805
2,1274,8,1282,3,3806
2,1274,9,1282,1,3807
2,1274,10,1282,1,3808
2,1274,17,1282,2,3809
2,1275,3,1282,3,3810
2,1275,10,1282,1,3811
2,1275,17,1282,1,3812
2,1276,3,1282,4,3813
2,1276,4,1282,8,3814
2,1276,10,1282,1,3815
2,1276,16,1282,1,3816
2,1276,17,1282,1,3817
2,1277,10,1282,1,3818
2,1278,1,1282,1,3819
2,1278,10,1282,4,3820
2,1279,4,1282,6,3821
2,1279,6,1282,1,3822
2,1279,7,1282,2,3823
2,1279,8,1282,2,3824
2,1279,9,1282,1,3825
2,1279,17,1282,2,3826
2,1279,19,1282,2,3827
2,1279,28,1282,10,3828
2,1280,1,1282,1,3829
2,1280,10,1282,5,3830
2,1281,10,1282,1,3831
2,1282,10,1282,7,3832
2,1283,10,1282,9,3833
2,1284,1,1282,1,3834
2,1284,4,1282,4,3835
2,1284,6,1282,2,3836
2,1284,7,1282,3,3837
2,1284,8,1282,3,3838
2,1284,9,1282,1,3839
2,1284,10,1282,1,3840
2,1284,17,1282,1,3841
2,1285,10,1282,1,3842
2,1286,1,1283,2,3843
2,1286,2,1283,4,3844
2,1286,3,1283,4,3845
2,1286,4,1283,4,3846
2,1286,6,1283,3,3847
2,1286,7,1283,3,3848
2,1286,8,1283,3,3849
2,1286,9,1283,2,3850
2,1286,10,1283,9,3851
2,1286,11,1283,1,3852
2,1286,18,1283,2,3853
2,1287,10,1283,3,3854
2,1288,10,1283,1,3855
2,1289,2,1284,2,3856
2,1289,3,1284,2,3857
2,1289,4,1284,6,3858
2,1289,6,1284,2,3859
2,1289,7,1284,2,3860
2,1289,8,1284,2,3861
2,1289,9,1284,2,3862
2,1289,10,1284,4,3863
2,1289,18,1284,2,3864
2,1290,10,1284,5,3865
2,1291,1,1284,1,3866
2,1291,10,1284,6,3867
2,1292,1,1284,2,3868
2,1292,3,1284,12,3869
2,1292,4,1284,15,3870
2,1292,10,1284,2,3871
2,1293,2,1285,1,3872
2,1293,6,1285,1,3873
2,1293,7,1285,1,3874
2,1293,8,1285,1,3875
2,1293,9,1285,1,3876
2,1293,10,1285,1,3877
2,1293,11,1285,1,3878
2,1293,18,1285,1,3879
2,1294,13,1286,1,3880
2,1294,19,1286,8,3881
2,1294,28,1286,10,3882
2,1294,42,1286,6,3883
2,1294,43,1286,4,3884
2,1294,45,1286,1,3885
2,1294,48,1286,3,3886
2,1295,1,1287,2,3887
2,1295,2,1287,2,3888
2,1295,3,1287,2,3889
2,1295,4,1287,2,3890
2,1295,6,1287,4,3891
2,1295,7,1287,3,3892
2,1295,8,1287,4,3893
2,1295,9,1287,2,3894
2,1295,10,1287,8,3895
2,1295,11,1287,1,3896
2,1295,18,1287,2,3897
2,1296,1,1288,1,3898
2,1296,2,1288,1,3899
2,1296,6,1288,3,3900
2,1296,7,1288,5,3901
2,1296,8,1288,5,3902
2,1296,9,1288,1,3903
2,1296,10,1288,17,3904
2,1296,11,1288,1,3905
2,1296,18,1288,2,3906
2,1297,10,1288,2,3907
2,1297,20,1288,10,3908
2,1297,22,1288,5,3909
2,1297,33,1288,10,3910
2,1297,34,1288,5,3911
2,1298,10,1288,3,3912
2,1299,6,1289,2,3913
2,1299,7,1289,1,3914
2,1299,8,1289,1,3915
2,1299,9,1289,1,3916
2,1300,2,1289,2,3917
2,1300,3,1289,2,3918
2,1300,4,1289,4,3919
2,1300,6,1289,3,3920
2,1300,7,1289,3,3921
2,1300,8,1289,3,3922
2,1300,9,1289,2,3923
2,1300,10,1289,8,3924
2,1300,11,1289,1,3925
2,1300,25,1289,1,3926
2,1301,10,1289,3,3927
2,1302,10,1289,1,3928
2,1302,20,1289,100,3929
2,1303,10,1289,2,3930
2,1303,20,1289,30,3931
2,1304,10,1289,4,3932
2,1305,24,1289,50,3933
2,1305,32,1289,15,3934
2,1305,33,1289,25,3935
2,1305,36,1289,15,3936
2,1306,3,1289,20,3937
2,1306,4,1289,78,3938
2,1306,10,1289,1,3939
2,1306,11,1289,2,3940
2,1306,13,1289,4,3941
2,1306,14,1289,3,3942
2,1306,16,1289,10,3943
2,1306,30,1289,14,3944
2,1306,35,1289,13,3945
2,1306,42,1289,4,3946
2,1306,43,1289,6,3947
2,1306,44,1289,6,3948
2,1306,45,1289,2,3949
2,1306,50,1289,3,3950
2,1307,10,1289,5,3951
2,1308,1,1289,5,3952
2,1309,1,1289,9,3953
2,1309,10,1289,4,3954
2,1310,10,1289,1,3955
2,1311,10,1289,10,3956
2,1312,10,1289,1,3957
2,1313,10,1289,1,3958
2,1313,25,1289,1,3959
2,1314,1,1289,2,3960
2,1314,4,1289,7,3961
2,1314,10,1289,5,3962
2,1314,17,1289,1,3963
2,1315,10,1289,1,3964
2,1316,6,1289,1,3965
2,1316,7,1289,1,3966
2,1316,8,1289,1,3967
2,1316,9,1289,1,3968
2,1316,10,1289,1,3969
2,1316,20,1289,3,3970
2,1316,22,1289,60,3971
2,1316,24,1289,26,3972
2,1316,32,1289,9,3973
2,1316,33,1289,35,3974
2,1316,34,1289,40,3975
2,1316,36,1289,7,3976
2,1317,10,1289,1,3977
2,1318,1,1289,1,3978
2,1319,10,1289,1,3979
2,1320,10,1289,1,3980
2,1321,1,1289,1,3981
2,1321,10,1289,1,3982
2,1322,1,1289,1,3983
2,1322,10,1289,3,3984
2,1323,10,1289,2,3985
2,1324,1,1289,1,3986
2,1324,3,1289,3,3987
2,1324,4,1289,6,3988
2,1324,16,1289,1,3989
2,1325,10,1289,2,3990
2,1326,1,1289,1,3991
2,1326,10,1289,1,3992
2,1327,10,1289,1,3993
2,1328,10,1289,3,3994
2,1328,40,1289,3,3995
2,1328,55,1289,3,3996
2,1329,1,1289,2,3997
2,1329,4,1289,10,3998
2,1329,9,1289,1,3999
2,1329,10,1289,2,4000
2,1330,10,1289,1,4001
2,1331,10,1289,1,4002
2,1332,10,1289,1,4003
2,1333,10,1289,1,4004
2,1334,10,1289,3,4005
2,1335,10,1289,1,4006
2,1336,10,1289,3,4007
2,1337,10,1289,1,4008
2,1338,10,1289,1,4009
2,1339,10,1289,9,4010
2,1340,10,1289,2,4011
2,1341,1,1290,1,4012
2,1341,10,1290,1,4013
2,1342,1,1290,2,4014
2,1342,6,1290,3,4015
2,1342,7,1290,3,4016
2,1342,8,1290,3,4017
2,1342,9,1290,1,4018
2,1342,10,1290,5,4019
2,1342,11,1290,1,4020
2,1342,18,1290,2,4021
2,1343,10,1290,2,4022
2,1344,1,1291,1,4023
2,1344,2,1291,2,4024
2,1344,4,1291,4,4025
2,1344,6,1291,3,4026
2,1344,7,1291,3,4027
2,1344,8,1291,3,4028
2,1344,9,1291,3,4029
2,1344,10,1291,1,4030
2,1344,11,1291,1,4031
2,1344,18,1291,1,4032
2,1344,25,1291,1,4033
2,1345,10,1291,1,4034
2,1346,10,1291,1,4035
2,1347,1,1291,1,4036
2,1347,3,1291,5,4037
2,1347,4,1291,7,4038
2,1347,6,1291,2,4039
2,1347,7,1291,2,4040
2,1347,8,1291,2,4041
2,1347,9,1291,2,4042
2,1347,10,1291,3,4043
2,1347,16,1291,1,4044
2,1347,17,1291,1,4045
2,1347,24,1291,10,4046
2,1347,32,1291,6,4047
2,1347,33,1291,10,4048
2,1347,36,1291,4,4049
2,1348,10,1291,2,4050
2,1349,1,1291,1,4051
2,1349,3,1291,2,4052
2,1349,4,1291,2,4053
2,1349,10,1291,4,4054
2,1349,17,1291,1,4055
2,1350,10,1291,1,4056
2,1350,20,1291,40,4057
2,1350,22,1291,10,4058
2,1350,34,1291,10,4059
2,1351,10,1291,4,4060
2,1351,17,1291,1,4061
2,1352,10,1291,3,4062
2,1353,1,1286,1,4063
2,1353,6,1286,1,4064
2,1353,7,1286,3,4065
2,1353,8,1286,2,4066
2,1353,9,1286,1,4067
2,1353,10,1286,1,4068
2,1354,10,1286,40,4069
2,1354,18,1286,2,4070
2,1355,10,1286,1,4071
2,1356,1,1286,1,4072
2,1356,2,1286,5,4073
2,1356,3,1286,6,4074
2,1356,4,1286,10,4075
2,1356,6,1286,3,4076
2,1356,7,1286,4,4077
2,1356,8,1286,4,4078
2,1356,9,1286,4,4079
2,1356,10,1286,1,4080
2,1356,11,1286,1,4081
2,1356,17,1286,2,4082
2,1356,18,1286,1,4083
2,1356,19,1286,4,4084
2,1356,25,1286,1,4085
2,1356,26,1286,6,4086
2,1356,27,1286,4,4087
2,1356,28,1286,6,4088
2,1356,29,1286,7,4089
2,1356,47,1286,1,4090
2,1356,48,1286,3,4091
2,1357,1,1286,1,4092
2,1357,10,1286,10,4093
2,1358,1,1286,1,4094
2,1358,10,1286,1,4095
2,1359,1,1286,1,4096
2,1359,10,1286,7,4097
2,1359,17,1286,2,4098
2,1360,1,1286,1,4099
2,1360,10,1286,12,4100
2,1361,10,1286,1,4101
2,1362,1,1286,1,4102
2,1362,10,1286,1,4103
2,1362,23,1286,11,4104
2,1363,10,1286,7,4105
2,1364,3,1286,3,4106
2,1364,4,1286,3,4107
2,1364,10,1286,13,4108
2,1365,10,1286,1,4109
2,1366,10,1286,1,4110
2,1367,10,1286,9,4111
2,1368,25,1286,1,4112
2,1369,10,1286,1,4113
2,1370,10,1286,1,4114
2,1370,24,1286,9,4115
2,1370,33,1286,23,4116
2,1370,54,1286,1,4117
2,1370,58,1286,1,4118
2,1371,10,1286,4,4119
2,1371,17,1286,1,4120
2,1372,16,1286,1,4121
2,1372,18,1286,2,4122
2,1373,31,1286,30,4123
2,1373,57,1286,20,4124
2,1374,18,1286,1,4125
2,1375,10,1286,1,4126
2,1376,3,1286,18,4127
2,1376,4,1286,54,4128
2,1376,6,1286,7,4129
2,1376,7,1286,4,4130
2,1376,8,1286,7,4131
2,1376,9,1286,4,4132
2,1376,10,1286,7,4133
2,1376,11,1286,2,4134
2,1376,17,1286,2,4135
2,1376,18,1286,1,4136
2,1376,25,1286,1,4137
2,1377,1,1286,1,4138
2,1377,3,1286,3,4139
2,1377,4,1286,6,4140
2,1377,6,1286,2,4141
2,1377,7,1286,2,4142
2,1377,8,1286,2,4143
2,1377,9,1286,2,4144
2,1377,10,1286,2,4145
2,1377,17,1286,1,4146
2,1378,1,1286,1,4147
2,1378,10,1286,4,4148
2,1378,17,1286,1,4149
2,1379,10,1286,1,4150
2,1380,10,1286,3,4151
2,1381,10,1286,2,4152
2,1382,6,1292,2,4153
2,1382,7,1292,2,4154
2,1382,8,1292,2,4155
2,1382,9,1292,1,4156
2,1382,10,1292,8,4157
2,1382,12,1292,1,4158
2,1382,18,1292,1,4159
2,1383,10,1292,1,4160
2,1384,10,1293,2,4161
2,1384,24,1293,5,4162
2,1384,33,1293,36,4163
2,1385,10,1293,1,4164
2,1386,10,1293,5,4165
2,1387,1,1293,1,4166
2,1388,1,1293,1,4167
2,1388,2,1293,2,4168
2,1388,3,1293,3,4169
2,1388,4,1293,3,4170
2,1388,6,1293,2,4171
2,1388,7,1293,3,4172
2,1388,8,1293,3,4173
2,1388,9,1293,2,4174
2,1388,10,1293,5,4175
2,1388,11,1293,1,4176
2,1388,12,1293,1,4177
2,1388,18,1293,2,4178
2,1388,25,1293,2,4179
2,1389,10,1294,2,4180
2,1389,20,1294,40,4181
2,1389,24,1294,40,4182
2,1389,33,1294,40,4183
2,1389,54,1294,40,4184
2,1390,1,1293,1,4185
2,1390,10,1293,6,4186
2,1390,12,1293,1,4187
2,1391,10,1293,1,4188
2,1392,4,1293,6,4189
2,1392,10,1293,3,4190
2,1392,17,1293,1,4191
2,1393,1,1293,1,4192
2,1393,10,1293,1,4193
2,1394,10,1294,1,4194
2,1395,10,1294,10,4195
2,1396,10,1294,9,4196
2,1397,1,1294,1,4197
2,1397,4,1294,27,4198
2,1397,6,1294,7,4199
2,1397,7,1294,5,4200
2,1397,8,1294,5,4201
2,1397,9,1294,2,4202
2,1397,10,1294,2,4203
2,1397,11,1294,1,4204
2,1397,18,1294,1,4205
2,1397,25,1294,1,4206
2,1398,1,1294,1,4207
2,1398,2,1294,4,4208
2,1398,3,1294,8,4209
2,1398,4,1294,23,4210
2,1398,6,1294,3,4211
2,1398,7,1294,9,4212
2,1398,8,1294,13,4213
2,1398,9,1294,4,4214
2,1398,10,1294,2,4215
2,1398,11,1294,1,4216
2,1398,16,1294,2,4217
2,1398,17,1294,1,4218
2,1398,19,1294,6,4219
2,1398,25,1294,1,4220
2,1398,26,1294,3,4221
2,1398,28,1294,10,4222
2,1398,29,1294,5,4223
2,1398,38,1294,1,4224
2,1398,39,1294,6,4225
2,1398,45,1294,5,4226
2,1399,1,1294,2,4227
2,1399,2,1294,4,4228
2,1399,3,1294,8,4229
2,1399,4,1294,60,4230
2,1399,6,1294,9,4231
2,1399,7,1294,9,4232
2,1399,8,1294,18,4233
2,1399,9,1294,9,4234
2,1399,10,1294,18,4235
2,1399,11,1294,1,4236
2,1399,17,1294,3,4237
2,1399,19,1294,1,4238
2,1399,25,1294,1,4239
2,1399,26,1294,6,4240
2,1399,27,1294,3,4241
2,1399,28,1294,13,4242
2,1399,37,1294,1,4243
2,1400,10,1294,7,4244
2,1401,1,1294,2,4245
2,1401,2,1294,3,4246
2,1401,3,1294,4,4247
2,1401,4,1294,32,4248
2,1401,6,1294,4,4249
2,1401,7,1294,3,4250
2,1401,8,1294,3,4251
2,1401,9,1294,2,4252
2,1401,10,1294,1,4253
2,1401,11,1294,1,4254
2,1401,17,1294,3,4255
2,1401,18,1294,1,4256
2,1401,19,1294,4,4257
2,1401,27,1294,4,4258
2,1401,28,1294,6,4259
2,1401,38,1294,6,4260
2,1401,47,1294,2,4261
2,1401,48,1294,1,4262
2,1402,1,1294,2,4263
2,1402,2,1294,4,4264
2,1402,3,1294,5,4265
2,1402,4,1294,7,4266
2,1402,6,1294,4,4267
2,1402,7,1294,4,4268
2,1402,8,1294,4,4269
2,1402,9,1294,4,4270
2,1402,10,1294,58,4271
2,1402,11,1294,2,4272
2,1402,18,1294,2,4273
2,1403,1,1294,2,4274
2,1403,4,1294,14,4275
2,1403,6,1294,3,4276
2,1403,7,1294,12,4277
2,1403,8,1294,12,4278
2,1403,9,1294,3,4279
2,1403,10,1294,5,4280
2,1403,16,1294,1,4281
2,1403,17,1294,1,4282
2,1404,4,1294,25,4283
2,1404,6,1294,4,4284
2,1404,7,1294,4,4285
2,1404,8,1294,10,4286
2,1404,9,1294,10,4287
2,1404,10,1294,70,4288
2,1404,12,1294,1,4289
2,1404,40,1294,25,4290
2,1405,1,1294,2,4291
2,1405,10,1294,2,4292
2,1406,10,1294,1,4293
2,1407,1,1294,1,4294
2,1407,4,1294,7,4295
2,1407,10,1294,1,4296
2,1407,16,1294,1,4297
2,1408,10,1294,1,4298
2,1409,1,1294,3,4299
2,1409,10,1294,52,4300
2,1410,10,1294,1,4301
2,1411,1,1294,1,4302
2,1411,3,1294,5,4303
2,1411,4,1294,10,4304
2,1411,6,1294,10,4305
2,1411,7,1294,13,4306
2,1411,8,1294,13,4307
2,1411,9,1294,2,4308
2,1411,10,1294,5,4309
2,1411,17,1294,1,4310
2,1411,18,1294,2,4311
2,1411,20,1294,25,4312
2,1411,21,1294,5,4313
2,1411,24,1294,30,4314
2,1411,25,1294,2,4315
2,1411,33,1294,30,4316
2,1411,54,1294,10,4317
2,1411,58,1294,10,4318
2,1412,1,1294,1,4319
2,1412,4,1294,8,4320
2,1412,6,1294,2,4321
2,1412,7,1294,4,4322
2,1412,8,1294,4,4323
2,1412,9,1294,1,4324
2,1412,10,1294,2,4325
2,1412,17,1294,1,4326
2,1413,1,1294,2,4327
2,1413,3,1294,12,4328
2,1413,4,1294,24,4329
2,1413,11,1294,1,4330
2,1413,14,1294,3,4331
2,1413,16,1294,1,4332
2,1413,18,1294,2,4333
2,1413,35,1294,10,4334
2,1414,1,1294,2,4335
2,1414,10,1294,12,4336
2,1415,1,1294,1,4337
2,1415,4,1294,4,4338
2,1415,10,1294,6,4339
2,1415,17,1294,1,4340
2,1416,1,1294,2,4341
2,1416,3,1294,26,4342
2,1416,4,1294,32,4343
2,1416,6,1294,4,4344
2,1416,7,1294,4,4345
2,1416,8,1294,3,4346
2,1416,9,1294,3,4347
2,1416,10,1294,8,4348
2,1416,11,1294,1,4349
2,1416,15,1294,1,4350
2,1416,17,1294,3,4351
2,1416,19,1294,12,4352
2,1416,26,1294,3,4353
2,1416,27,1294,3,4354
2,1416,28,1294,19,4355
2,1416,38,1294,3,4356
2,1416,39,1294,2,4357
2,1416,47,1294,2,4358
2,1416,48,1294,3,4359
2,1416,49,1294,3,4360
2,1417,4,1294,10,4361
2,1417,10,1294,2,4362
2,1417,16,1294,1,4363
2,1418,10,1294,6,4364
2,1419,10,1294,6,4365
2,1420,10,1294,1,4366
2,1421,1,1294,1,4367
2,1421,10,1294,2,4368
2,1421,17,1294,1,4369
2,1422,1,1294,1,4370
2,1422,3,1294,2,4371
2,1422,4,1294,6,4372
2,1422,10,1294,4,4373
2,1422,17,1294,1,4374
2,1423,10,1294,1,4375
2,1424,10,1294,3,4376
2,1425,10,1294,1,4377
2,1426,10,1294,1,4378
2,1427,1,1294,1,4379
2,1427,10,1294,25,4380
2,1428,1,1294,1,4381
2,1428,4,1294,10,4382
2,1428,6,1294,2,4383
2,1428,7,1294,2,4384
2,1428,8,1294,2,4385
2,1428,9,1294,1,4386
2,1428,10,1294,1,4387
2,1428,16,1294,1,4388
2,1429,10,1294,3,4389
2,1429,23,1294,47,4390
2,1430,10,1294,4,4391
2,1431,10,1294,8,4392
2,1431,12,1294,1,4393
2,1432,1,1294,1,4394
2,1433,23,1294,30,4395
2,1434,10,1294,1,4396
2,1435,10,1294,1,4397
2,1436,1,1294,1,4398
2,1437,10,1294,8,4399
2,1438,10,1294,1,4400
2,1439,10,1294,5,4401
2,1440,1,1294,1,4402
2,1440,4,1294,10,4403
2,1440,6,1294,2,4404
2,1440,7,1294,4,4405
2,1440,8,1294,4,4406
2,1440,9,1294,1,4407
2,1440,10,1294,2,4408
2,1440,17,1294,1,4409
2,1441,10,1294,1,4410
2,1441,18,1294,2,4411
2,1442,10,1294,1,4412
2,1443,10,1294,2,4413
2,1444,1,1294,1,4414
2,1444,3,1294,6,4415
2,1444,4,1294,8,4416
2,1444,10,1294,3,4417
2,1444,16,1294,1,4418
2,1444,17,1294,1,4419
2,1445,4,1294,4,4420
2,1445,10,1294,3,4421
2,1445,17,1294,1,4422
2,1446,10,1294,5,4423
2,1447,1,1294,1,4424
2,1447,10,1294,1,4425
2,1448,1,1294,1,4426
2,1448,3,1294,6,4427
2,1448,4,1294,8,4428
2,1448,10,1294,1,4429
2,1448,16,1294,1,4430
2,1449,1,1294,1,4431
2,1449,10,1294,4,4432
2,1450,1,1294,1,4433
2,1450,10,1294,1,4434
2,1451,10,1294,1,4435
2,1452,7,1294,2,4436
2,1452,8,1294,2,4437
2,1452,9,1294,1,4438
2,1452,17,1294,1,4439
2,1452,18,1294,2,4440
2,1453,10,1294,1,4441
2,1454,10,1294,3,4442
2,1455,1,1294,4,4443
2,1456,1,1294,1,4444
2,1456,7,1294,5,4445
2,1456,8,1294,5,4446
2,1456,9,1294,1,4447
2,1456,10,1294,3,4448
2,1457,10,1294,1,4449
2,1458,1,1294,1,4450
2,1458,10,1294,3,4451
2,1458,12,1294,1,4452
2,1459,10,1294,1,4453
2,1460,18,1294,1,4454
2,1461,1,1294,1,4455
2,1461,10,1294,3,4456
2,1461,20,1294,10,4457
2,1461,33,1294,10,4458
2,1462,1,1294,1,4459
2,1463,1,1294,1,4460
2,1464,1,1294,1,4461
2,1464,10,1294,11,4462
2,1465,4,1294,10,4463
2,1465,10,1294,3,4464
2,1465,17,1294,1,4465
2,1466,4,1294,10,4466
2,1466,16,1294,1,4467
2,1467,4,1294,10,4468
2,1467,10,1294,3,4469
2,1467,17,1294,1,4470
2,1468,4,1294,10,4471
2,1468,10,1294,2,4472
2,1468,16,1294,1,4473
2,1468,17,1294,1,4474
2,1469,1,1294,1,4475
2,1469,4,1294,10,4476
2,1469,6,1294,5,4477
2,1469,7,1294,3,4478
2,1469,8,1294,3,4479
2,1469,9,1294,1,4480
2,1469,10,1294,2,4481
2,1469,16,1294,1,4482
2,1469,17,1294,1,4483
2,1470,4,1294,4,4484
2,1470,10,1294,2,4485
2,1470,17,1294,1,4486
2,1471,4,1294,10,4487
2,1471,10,1294,10,4488
2,1471,17,1294,1,4489
2,1472,1,1294,1,4490
2,1472,4,1294,4,4491
2,1472,10,1294,4,4492
2,1472,16,1294,1,4493
2,1472,17,1294,1,4494
2,1473,1,1294,1,4495
2,1473,6,1294,6,4496
2,1473,7,1294,10,4497
2,1473,8,1294,10,4498
2,1473,9,1294,2,4499
2,1473,10,1294,5,4500
2,1474,1,1294,1,4501
2,1474,10,1294,5,4502
2,1475,1,1294,1,4503
2,1475,10,1294,18,4504
2,1476,1,1294,1,4505
2,1476,4,1294,10,4506
2,1476,10,1294,2,4507
2,1477,1,1294,1,4508
2,1477,4,1294,10,4509
2,1477,10,1294,2,4510
2,1478,4,1294,10,4511
2,1478,10,1294,4,4512
2,1478,16,1294,1,4513
2,1479,1,1294,1,4514
2,1479,4,1294,8,4515
2,1479,10,1294,1,4516
2,1479,16,1294,1,4517
2,1479,17,1294,1,4518
2,1480,1,1294,1,4519
2,1480,4,1294,8,4520
2,1480,10,1294,1,4521
2,1480,16,1294,1,4522
2,1480,17,1294,1,4523
2,1481,1,1294,1,4524
2,1481,10,1294,1,4525
2,1481,16,1294,1,4526
2,1481,17,1294,1,4527
2,1482,1,1294,1,4528
2,1482,4,1294,4,4529
2,1482,6,1294,4,4530
2,1482,7,1294,3,4531
2,1482,8,1294,2,4532
2,1482,9,1294,1,4533
2,1482,10,1294,1,4534
2,1482,17,1294,1,4535
2,1483,10,1294,1,4536
2,1484,1,1294,1,4537
2,1484,4,1294,4,4538
2,1484,10,1294,3,4539
2,1484,16,1294,1,4540
2,1484,17,1294,1,4541
2,1485,1,1294,1,4542
2,1485,4,1294,4,4543
2,1485,10,1294,3,4544
2,1486,1,1294,3,4545
2,1486,10,1294,3,4546
2,1487,10,1294,2,4547
2,1488,10,1294,3,4548
2,1489,1,1294,2,4549
2,1489,10,1294,3,4550
2,1489,17,1294,1,4551
2,1490,1,1294,1,4552
2,1490,10,1294,1,4553
2,1491,10,1294,1,4554
2,1492,10,1295,1,4555
2,1493,2,1295,1,4556
2,1493,6,1295,2,4557
2,1493,7,1295,3,4558
2,1493,8,1295,3,4559
2,1493,9,1295,1,4560
2,1493,10,1295,7,4561
2,1493,11,1295,1,4562
2,1493,18,1295,2,4563
2,1494,10,1296,1,4564
2,1495,1,1296,2,4565
2,1495,3,1296,1,4566
2,1495,4,1296,4,4567
2,1495,6,1296,2,4568
2,1495,7,1296,4,4569
2,1495,8,1296,2,4570
2,1495,9,1296,1,4571
2,1495,10,1296,14,4572
2,1495,11,1296,1,4573
2,1495,18,1296,1,4574
2,1496,1,1296,1,4575
2,1496,4,1296,6,4576
2,1496,10,1296,2,4577
2,1496,17,1296,1,4578
2,1497,10,1297,1,4579
2,1498,2,1297,4,4580
2,1498,6,1297,2,4581
2,1498,7,1297,1,4582
2,1498,8,1297,1,4583
2,1498,9,1297,1,4584
2,1498,10,1297,4,4585
2,1498,11,1297,1,4586
2,1498,18,1297,1,4587
2,1499,1,1297,1,4588
2,1499,10,1297,1,4589
2,1500,1,1149,1,4590
2,1500,10,1149,1,4591
2,1501,10,1149,8,4592
2,1502,10,1149,5,4593
2,1503,10,1149,18,4594
2,1503,17,1149,2,4595
2,1504,1,1149,3,4596
2,1504,3,1149,32,4597
2,1504,4,1149,316,4598
2,1504,10,1149,3,4599
2,1504,11,1149,2,4600
2,1504,13,1149,5,4601
2,1504,14,1149,28,4602
2,1504,16,1149,13,4603
2,1504,18,1149,5,4604
2,1504,25,1149,1,4605
2,1504,30,1149,11,4606
2,1504,35,1149,34,4607
2,1504,42,1149,4,4608
2,1504,43,1149,16,4609
2,1504,44,1149,64,4610
2,1504,45,1149,10,4611
2,1504,50,1149,11,4612
2,1504,51,1149,11,4613
2,1504,59,1149,1,4614
2,1504,60,1149,1,4615
2,1504,61,1149,2,4616
2,1505,1,1149,1,4617
2,1505,4,1149,2,4618
2,1505,16,1149,2,4619
2,1506,1,1149,3,4620
2,1506,10,1149,5,4621
2,1506,17,1149,1,4622
2,1507,30,1149,8,4623
2,1508,10,1149,1,4624
2,1509,1,1149,1,4625
2,1509,3,1149,1,4626
2,1509,4,1149,15,4627
2,1509,7,1149,4,4628
2,1509,8,1149,4,4629
2,1509,9,1149,1,4630
2,1509,10,1149,1,4631
2,1509,17,1149,2,4632
2,1509,28,1149,10,4633
2,1510,10,1149,2,4634
2,1510,18,1149,1,4635
2,1510,25,1149,1,4636
2,1511,1,1149,2,4637
2,1511,10,1149,2,4638
2,1511,17,1149,1,4639
2,1512,10,1149,1,4640
2,1513,1,1149,1,4641
2,1513,10,1149,1,4642
2,1514,1,1149,2,4643
2,1514,10,1149,1,4644
2,1515,4,1149,3,4645
2,1515,16,1149,2,4646
2,1516,10,1149,4,4647
2,1516,24,1149,29,4648
2,1516,32,1149,4,4649
2,1516,33,1149,11,4650
2,1516,36,1149,8,4651
2,1517,1,1149,1,4652
2,1517,10,1149,1,4653
2,1518,4,1149,8,4654
2,1518,7,1149,2,4655
2,1518,8,1149,3,4656
2,1518,9,1149,1,4657
2,1518,10,1149,1,4658
2,1518,17,1149,2,4659
2,1519,1,1149,3,4660
2,1519,10,1149,4,4661
2,1520,10,1149,1,4662
2,1521,3,1149,2,4663
2,1521,4,1149,4,4664
2,1521,11,1149,1,4665
2,1521,14,1149,5,4666
2,1521,15,1149,2,4667
2,1521,16,1149,2,4668
2,1521,25,1149,1,4669
2,1521,35,1149,14,4670
2,1521,42,1149,5,4671
2,1521,43,1149,11,4672
2,1521,44,1149,5,4673
2,1521,45,1149,6,4674
2,1521,47,1149,3,4675
2,1521,48,1149,4,4676
2,1522,6,1298,2,4677
2,1522,7,1298,3,4678
2,1522,8,1298,3,4679
2,1522,9,1298,1,4680
2,1522,10,1298,1,4681
2,1522,18,1298,2,4682
2,1523,10,1149,3,4683
2,1524,10,1149,4,4684
2,1525,10,1149,1,4685
2,1525,12,1149,1,4686
2,1525,18,1149,8,4687
2,1525,25,1149,3,4688
2,1526,10,1149,1,4689
2,1527,1,1149,3,4690
2,1527,10,1149,44,4691
2,1528,1,1149,2,4692
2,1528,10,1149,20,4693
2,1529,3,1149,3,4694
2,1529,4,1149,25,4695
2,1529,6,1149,1,4696
2,1529,7,1149,1,4697
2,1529,8,1149,2,4698
2,1529,9,1149,3,4699
2,1529,17,1149,2,4700
2,1529,19,1149,1,4701
2,1529,28,1149,4,4702
2,1530,1,1149,4,4703
2,1530,3,1149,26,4704
2,1530,4,1149,219,4705
2,1530,6,1149,14,4706
2,1530,7,1149,24,4707
2,1530,8,1149,24,4708
2,1530,9,1149,4,4709
2,1530,10,1149,15,4710
2,1530,17,1149,7,4711
2,1530,19,1149,6,4712
2,1530,25,1149,1,4713
2,1530,28,1149,49,4714
2,1530,30,1149,35,4715
2,1530,46,1149,2,4716
2,1530,47,1149,10,4717
2,1530,48,1149,3,4718
2,1531,1,1299,1,4719
2,1531,10,1299,4,4720
2,1532,1,1149,1,4721
2,1532,10,1149,1,4722
2,1533,10,1149,3,4723
2,1534,1,1149,17,4724
2,1534,6,1149,8,4725
2,1534,7,1149,13,4726
2,1534,8,1149,16,4727
2,1534,9,1149,11,4728
2,1534,10,1149,86,4729
2,1535,10,1149,3,4730
2,1536,1,1149,1,4731
2,1536,10,1149,19,4732
2,1536,30,1149,27,4733
2,1537,1,1149,1,4734
2,1537,10,1149,4,4735
2,1538,10,1149,1,4736
2,1538,23,1149,15,4737
2,1539,1,1149,1,4738
2,1539,10,1149,1,4739
2,1540,1,1149,1,4740
2,1540,10,1149,5,4741
2,1540,17,1149,1,4742
2,1541,1,1149,3,4743
2,1541,4,1149,10,4744
2,1541,7,1149,2,4745
2,1541,8,1149,2,4746
2,1541,9,1149,1,4747
2,1541,10,1149,4,4748
2,1541,17,1149,2,4749
2,1542,1,1149,1,4750
2,1542,2,1149,2,4751
2,1542,3,1149,29,4752
2,1542,4,1149,136,4753
2,1542,6,1149,4,4754
2,1542,7,1149,5,4755
2,1542,8,1149,8,4756
2,1542,9,1149,4,4757
2,1542,10,1149,6,4758
2,1542,11,1149,13,4759
2,1542,17,1149,9,4760
2,1542,18,1149,1,4761
2,1542,19,1149,12,4762
2,1542,23,1149,20,4763
2,1542,25,1149,1,4764
2,1542,26,1149,2,4765
2,1542,27,1149,4,4766
2,1542,28,1149,41,4767
2,1542,29,1149,2,4768
2,1542,37,1149,2,4769
2,1542,38,1149,4,4770
2,1542,39,1149,7,4771
2,1542,47,1149,5,4772
2,1542,48,1149,10,4773
2,1542,52,1149,1,4774
2,1542,53,1149,3,4775
2,1543,1,1149,2,4776
2,1543,10,1149,3,4777
2,1543,30,1149,16,4778
2,1544,10,1149,1,4779
2,1545,10,1149,13,4780
2,1546,10,1149,1,4781
2,1547,1,1149,3,4782
2,1547,10,1149,3,4783
2,1548,10,1149,14,4784
2,1548,17,1149,3,4785
2,1549,1,1149,1,4786
2,1549,10,1149,6,4787
2,1549,17,1149,1,4788
2,1550,1,1149,2,4789
2,1550,10,1149,2,4790
2,1551,10,1149,42,4791
2,1551,12,1149,1,4792
2,1551,17,1149,3,4793
2,1552,10,1149,22,4794
2,1552,17,1149,3,4795
2,1553,1,1149,1,4796
2,1553,10,1149,1,4797
2,1554,1,1149,3,4798
2,1555,10,1149,1,4799
2,1556,10,1149,2,4800
2,1557,1,1149,1,4801
2,1557,3,1149,6,4802
2,1557,4,1149,72,4803
2,1557,11,1149,1,4804
2,1557,13,1149,1,4805
2,1557,14,1149,3,4806
2,1557,16,1149,5,4807
2,1557,30,1149,10,4808
2,1557,35,1149,33,4809
2,1557,42,1149,8,4810
2,1557,43,1149,8,4811
2,1557,44,1149,14,4812
2,1557,45,1149,5,4813
2,1557,50,1149,2,4814
2,1558,16,1149,1,4815
2,1559,10,1149,2,4816
2,1560,1,1149,1,4817
2,1560,10,1149,8,4818
2,1560,23,1149,45,4819
2,1561,1,1149,1,4820
2,1561,10,1149,1,4821
2,1562,1,1149,4,4822
2,1562,10,1149,20,4823
2,1563,1,1149,1,4824
2,1563,10,1149,12,4825
2,1563,12,1149,1,4826
2,1563,17,1149,2,4827
2,1564,10,1149,9,4828
2,1565,10,1149,3,4829
2,1565,17,1149,3,4830
2,1566,1,1149,2,4831
2,1566,4,1149,15,4832
2,1566,10,1149,2,4833
2,1566,17,1149,3,4834
2,1566,19,1149,1,4835
2,1566,25,1149,2,4836
2,1566,28,1149,8,4837
2,1567,1,1149,2,4838
2,1567,2,1149,37,4839
2,1567,3,1149,18,4840
2,1567,4,1149,99,4841
2,1567,5,1149,1,4842
2,1567,6,1149,4,4843
2,1567,7,1149,6,4844
2,1567,8,1149,15,4845
2,1567,9,1149,6,4846
2,1567,10,1149,10,4847
2,1567,11,1149,1,4848
2,1567,17,1149,7,4849
2,1567,19,1149,5,4850
2,1567,25,1149,1,4851
2,1567,26,1149,12,4852
2,1567,27,1149,10,4853
2,1567,28,1149,12,4854
2,1567,29,1149,8,4855
2,1567,47,1149,1,4856
2,1567,48,1149,2,4857
2,1567,49,1149,3,4858
2,1568,10,1149,4,4859
2,1569,10,1149,1,4860
2,1570,1,1149,1,4861
2,1570,4,1149,2,4862
2,1570,10,1149,1,4863
2,1570,17,1149,1,4864
2,1571,1,1149,1,4865
2,1571,10,1149,1,4866
2,1572,1,1149,5,4867
2,1572,4,1149,49,4868
2,1572,7,1149,6,4869
2,1572,8,1149,6,4870
2,1572,10,1149,3,4871
2,1572,12,1149,1,4872
2,1572,17,1149,4,4873
2,1572,18,1149,9,4874
2,1572,19,1149,8,4875
2,1572,25,1149,1,4876
2,1572,28,1149,7,4877
2,1573,1,1149,1,4878
2,1573,10,1149,7,4879
2,1573,12,1149,1,4880
2,1574,10,1149,4,4881
2,1574,12,1149,2,4882
2,1575,10,1149,7,4883
2,1576,10,1149,2,4884
2,1577,10,1149,5,4885
2,1577,17,1149,1,4886
2,1578,10,1149,3,4887
2,1578,17,1149,2,4888
2,1579,1,1149,1,4889
2,1579,10,1149,11,4890
2,1580,3,1149,5,4891
2,1580,4,1149,79,4892
2,1580,7,1149,11,4893
2,1580,8,1149,16,4894
2,1580,9,1149,2,4895
2,1580,10,1149,5,4896
2,1580,17,1149,5,4897
2,1580,18,1149,1,4898
2,1580,19,1149,4,4899
2,1580,25,1149,1,4900
2,1580,28,1149,35,4901
2,1581,1,1149,1,4902
2,1581,10,1149,2,4903
2,1581,17,1149,2,4904
2,1582,10,1149,6,4905
2,1582,23,1149,119,4906
2,1583,6,1149,1,4907
2,1583,7,1149,6,4908
2,1583,8,1149,6,4909
2,1583,9,1149,8,4910
2,1583,10,1149,16,4911
2,1584,18,1149,3,4912
2,1584,25,1149,1,4913
2,1585,10,1149,1,4914
2,1586,1,1149,1,4915
2,1586,3,1149,6,4916
2,1586,4,1149,64,4917
2,1586,6,1149,3,4918
2,1586,7,1149,6,4919
2,1586,8,1149,6,4920
2,1586,9,1149,3,4921
2,1586,10,1149,1,4922
2,1586,17,1149,6,4923
2,1586,19,1149,4,4924
2,1586,28,1149,16,4925
2,1587,10,1149,6,4926
2,1588,18,1149,2,4927
2,1588,25,1149,1,4928
2,1589,4,1149,9,4929
2,1589,10,1149,2,4930
2,1589,30,1149,6,4931
2,1590,10,1149,1,4932
2,1591,10,1149,1,4933
2,1592,1,1149,1,4934
2,1592,4,1149,16,4935
2,1592,10,1149,2,4936
2,1593,10,1149,1,4937
2,1594,10,1149,2,4938
2,1595,10,1149,1,4939
2,1596,10,1149,2,4940
2,1597,1,1149,3,4941
2,1597,4,1149,2,4942
2,1597,10,1149,26,4943
2,1597,55,1149,16,4944
2,1598,1,1149,4,4945
2,1598,4,1149,12,4946
2,1598,6,1149,2,4947
2,1598,7,1149,6,4948
2,1598,8,1149,7,4949
2,1598,9,1149,6,4950
2,1598,10,1149,91,4951
2,1599,1,1149,5,4952
2,1599,10,1149,1,4953
2,1600,10,1149,3,4954
2,1601,12,1149,1,4955
2,1602,10,1149,10,4956
2,1603,1,1149,1,4957
2,1603,10,1149,1,4958
2,1604,1,1149,1,4959
2,1604,10,1149,36,4960
2,1605,1,1149,2,4961
2,1605,3,1149,2,4962
2,1605,4,1149,77,4963
2,1605,6,1149,4,4964
2,1605,7,1149,8,4965
2,1605,8,1149,8,4966
2,1605,9,1149,1,4967
2,1605,10,1149,6,4968
2,1605,17,1149,7,4969
2,1605,28,1149,15,4970
2,1606,10,1149,1,4971
2,1606,12,1149,1,4972
2,1607,10,1149,3,4973
2,1608,16,1149,2,4974
2,1609,10,1149,3,4975
2,1609,17,1149,2,4976
2,1610,1,1149,1,4977
2,1610,10,1149,2,4978
2,1611,10,1149,1,4979
2,1612,10,1149,4,4980
2,1613,16,1149,1,4981
2,1614,18,1149,2,4982
2,1614,25,1149,2,4983
2,1615,10,1149,1,4984
2,1616,10,1149,9,4985
2,1617,1,1149,1,4986
2,1617,10,1149,4,4987
2,1617,17,1149,3,4988
2,1618,1,1149,1,4989
2,1618,10,1149,1,4990
2,1619,10,1149,10,4991
2,1620,10,1149,18,4992
2,1620,12,1149,2,4993
2,1621,10,1149,2,4994
2,1621,40,1149,7,4995
2,1621,55,1149,11,4996
2,1622,10,1149,35,4997
2,1623,10,1149,4,4998
2,1624,1,1149,3,4999
2,1625,3,1149,14,5000
2,1625,4,1149,41,5001
2,1625,13,1149,1,5002
2,1625,14,1149,2,5003
2,1625,16,1149,4,5004
2,1625,18,1149,1,5005
2,1625,35,1149,21,5006
2,1625,42,1149,2,5007
2,1625,43,1149,6,5008
2,1625,44,1149,9,5009
2,1625,45,1149,2,5010
2,1625,50,1149,1,5011
2,1626,10,1149,1,5012
2,1627,10,1149,2,5013
2,1628,10,1149,2,5014
2,1629,1,1149,1,5015
2,1629,10,1149,1,5016
2,1630,12,1149,1,5017
2,1631,1,1149,3,5018
2,1631,10,1149,2,5019
2,1632,10,1149,7,5020
2,1633,10,1149,1,5021
2,1634,10,1149,8,5022
2,1635,1,1149,1,5023
2,1635,10,1149,4,5024
2,1636,10,1149,7,5025
2,1637,18,1149,5,5026
2,1637,25,1149,5,5027
2,1638,10,1149,3,5028
2,1639,1,1149,1,5029
2,1639,10,1149,3,5030
2,1640,1,1149,1,5031
2,1640,10,1149,1,5032
2,1641,1,1149,10,5033
2,1641,10,1149,154,5034
2,1642,10,1149,3,5035
2,1643,40,1149,10,5036
2,1643,55,1149,10,5037
2,1644,10,1149,20,5038
2,1645,10,1149,1,5039
2,1646,4,1149,18,5040
2,1646,14,1149,8,5041
2,1646,16,1149,2,5042
2,1646,44,1149,7,5043
2,1647,1,1149,1,5044
2,1647,10,1149,1,5045
2,1648,10,1149,1,5046
2,1649,10,1149,1,5047
2,1650,1,1149,4,5048
2,1650,10,1149,3,5049
2,1651,10,1149,1,5050
2,1652,10,1149,2,5051
2,1652,12,1149,1,5052
2,1653,1,1149,1,5053
2,1653,10,1149,2,5054
2,1654,10,1149,2,5055
2,1655,10,1149,3,5056
2,1656,10,1149,1,5057
2,1657,1,1149,1,5058
2,1658,10,1149,10,5059
2,1659,10,1149,5,5060
2,1660,1,1149,1,5061
2,1660,10,1149,4,5062
2,1661,10,1149,1,5063
2,1662,10,1149,3,5064
2,1663,1,1149,1,5065
2,1663,10,1149,2,5066
2,1663,17,1149,2,5067
2,1664,1,1149,1,5068
2,1664,10,1149,3,5069
2,1665,1,1149,2,5070
2,1665,3,1149,14,5071
2,1665,4,1149,113,5072
2,1665,6,1149,2,5073
2,1665,7,1149,3,5074
2,1665,8,1149,3,5075
2,1665,9,1149,1,5076
2,1665,10,1149,1,5077
2,1665,17,1149,3,5078
2,1665,18,1149,1,5079
2,1665,19,1149,4,5080
2,1665,25,1149,1,5081
2,1665,28,1149,8,5082
2,1665,30,1149,24,5083
2,1665,47,1149,1,5084
2,1665,48,1149,5,5085
2,1666,10,1149,7,5086
2,1667,10,1149,2,5087
2,1668,10,1149,7,5088
2,1669,1,1149,1,5089
2,1669,10,1149,2,5090
2,1670,10,1149,4,5091
2,1671,10,1149,1,5092
2,1672,1,1149,1,5093
2,1672,10,1149,3,5094
2,1673,10,1149,1,5095
2,1674,1,1149,1,5096
2,1674,10,1149,63,5097
2,1675,10,1149,1,5098
2,1676,1,1149,1,5099
2,1676,10,1149,1,5100
2,1677,10,1149,6,5101
2,1678,10,1149,4,5102
2,1679,10,1149,1,5103
2,1680,10,1149,18,5104
2,1681,10,1149,1,5105
2,1682,10,1149,3,5106
2,1683,10,1149,4,5107
2,1684,1,1149,1,5108
2,1684,10,1149,2,5109
2,1685,10,1149,2,5110
2,1686,10,1149,11,5111
2,1687,4,1149,10,5112
2,1687,10,1149,6,5113
2,1687,17,1149,4,5114
2,1687,19,1149,2,5115
2,1687,28,1149,8,5116
2,1688,10,1149,3,5117
2,1688,20,1149,20,5118
2,1688,21,1149,3,5119
2,1688,24,1149,10,5120
2,1688,32,1149,6,5121
2,1688,33,1149,10,5122
2,1688,36,1149,10,5123
2,1689,10,1149,5,5124
2,1690,10,1149,1,5125
2,1691,1,1149,4,5126
2,1691,10,1149,4,5127
2,1692,10,1149,1,5128
2,1693,10,1149,1,5129
2,1694,10,1149,8,5130
2,1694,24,1149,31,5131
2,1694,32,1149,10,5132
2,1695,10,1149,2,5133
2,1696,10,1149,11,5134
2,1697,10,1149,1,5135
2,1698,1,1149,7,5136
2,1698,10,1149,1,5137
2,1699,10,1149,1,5138
2,1700,1,1149,2,5139
2,1700,4,1149,24,5140
2,1700,14,1149,4,5141
2,1700,16,1149,2,5142
2,1700,18,1149,11,5143
2,1700,44,1149,6,5144
2,1701,10,1149,1,5145
2,1702,1,1149,1,5146
2,1702,10,1149,2,5147
2,1702,33,1149,16,5148
2,1702,36,1149,14,5149
2,1703,1,1149,1,5150
2,1703,10,1149,1,5151
2,1704,10,1149,2,5152
2,1705,10,1149,8,5153
2,1705,22,1149,40,5154
2,1705,24,1149,12,5155
2,1705,32,1149,15,5156
2,1705,33,1149,30,5157
2,1705,34,1149,20,5158
2,1705,36,1149,26,5159
2,1706,1,1149,1,5160
2,1706,10,1149,11,5161
2,1707,10,1149,4,5162
2,1708,10,1149,2,5163
2,1708,24,1149,16,5164
2,1708,31,1149,40,5165
2,1708,32,1149,4,5166
2,1708,33,1149,16,5167
2,1708,36,1149,4,5168
2,1708,57,1149,40,5169
2,1708,62,1149,30,5170
2,1709,10,1149,1,5171
2,1710,10,1149,1,5172
2,1711,10,1149,1,5173
2,1712,1,1149,1,5174
2,1712,10,1149,8,5175
2,1713,1,1149,1,5176
2,1713,10,1149,2,5177
2,1714,10,1149,1,5178
2,1715,1,1149,2,5179
2,1715,10,1149,10,5180
2,1715,17,1149,1,5181
2,1716,1,1149,1,5182
2,1716,10,1149,1,5183
2,1717,1,1149,4,5184
2,1717,10,1149,4,5185
2,1718,10,1149,1,5186
2,1719,10,1149,4,5187
2,1720,10,1149,2,5188
2,1721,10,1149,1,5189
2,1722,10,1149,12,5190
2,1723,10,1149,1,5191
2,1724,10,1149,2,5192
2,1725,1,1149,3,5193
2,1725,10,1149,1,5194
2,1726,1,1149,1,5195
2,1726,10,1149,1,5196
2,1727,1,1149,2,5197
2,1727,10,1149,9,5198
2,1727,23,1149,95,5199
2,1728,10,1149,6,5200
2,1729,10,1149,12,5201
2,1730,1,1149,7,5202
2,1730,2,1149,24,5203
2,1730,4,1149,44,5204
2,1730,10,1149,7,5205
2,1730,11,1149,1,5206
2,1730,17,1149,5,5207
2,1730,19,1149,10,5208
2,1730,26,1149,1,5209
2,1730,27,1149,1,5210
2,1730,28,1149,10,5211
2,1730,38,1149,12,5212
2,1730,39,1149,7,5213
2,1731,10,1149,2,5214
2,1731,17,1149,1,5215
2,1732,10,1149,6,5216
2,1733,10,1149,4,5217
2,1733,17,1149,3,5218
2,1734,18,1300,4,5219
2,1735,1,1149,13,5220
2,1735,10,1149,3,5221
2,1736,1,1149,2,5222
2,1736,10,1149,18,5223
2,1737,10,1149,2,5224
2,1738,1,1149,5,5225
2,1738,6,1149,4,5226
2,1738,7,1149,10,5227
2,1738,8,1149,10,5228
2,1738,9,1149,3,5229
2,1738,10,1149,98,5230
2,1739,10,1149,4,5231
2,1740,10,1149,2,5232
2,1740,20,1149,16,5233
2,1740,21,1149,6,5234
2,1741,10,1149,1,5235
2,1741,22,1149,15,5236
2,1741,33,1149,20,5237
2,1742,10,1149,9,5238
2,1743,4,1149,1,5239
2,1743,10,1149,1,5240
2,1743,55,1149,4,5241
2,1744,10,1149,1,5242
2,1745,10,1149,3,5243
2,1746,10,1149,3,5244
2,1747,1,1149,1,5245
2,1747,10,1149,1,5246
2,1748,1,1149,1,5247
2,1748,10,1149,12,5248
2,1749,10,1149,1,5249
2,1750,10,1149,2,5250
2,1751,10,1149,1,5251
2,1752,1,1149,1,5252
2,1752,10,1149,3,5253
2,1753,10,1149,1,5254
2,1754,10,1149,4,5255
2,1755,10,1149,1,5256
2,1756,10,1149,1,5257
2,1757,10,1149,16,5258
2,1758,1,1149,1,5259
2,1758,10,1149,5,5260
2,1759,10,1149,3,5261
2,1759,12,1149,1,5262
2,1760,10,1149,1,5263
2,1761,10,1149,1,5264
2,1762,10,1149,3,5265
2,1763,4,1149,3,5266
2,1763,10,1149,1,5267
2,1763,17,1149,1,5268
2,1764,10,1149,3,5269
2,1765,1,1149,1,5270
2,1765,10,1149,7,5271
2,1765,12,1149,1,5272
2,1765,18,1149,5,5273
2,1765,25,1149,1,5274
2,1766,1,1149,1,5275
2,1766,2,1149,3,5276
2,1766,3,1149,8,5277
2,1766,4,1149,89,5278
2,1766,6,1149,5,5279
2,1766,7,1149,9,5280
2,1766,8,1149,9,5281
2,1766,9,1149,3,5282
2,1766,10,1149,3,5283
2,1766,11,1149,1,5284
2,1766,17,1149,7,5285
2,1766,19,1149,6,5286
2,1766,26,1149,6,5287
2,1766,27,1149,2,5288
2,1766,28,1149,20,5289
2,1766,30,1149,10,5290
2,1766,37,1149,4,5291
2,1767,10,1149,1,5292
2,1768,10,1149,1,5293
2,1769,1,1149,1,5294
2,1769,10,1149,3,5295
2,1770,10,1149,1,5296
2,1771,1,1149,3,5297
2,1771,3,1149,10,5298
2,1771,4,1149,117,5299
2,1771,5,1149,10,5300
2,1771,6,1149,6,5301
2,1771,7,1149,12,5302
2,1771,8,1149,24,5303
2,1771,9,1149,3,5304
2,1771,10,1149,10,5305
2,1771,11,1149,1,5306
2,1771,15,1149,2,5307
2,1771,17,1149,8,5308
2,1771,19,1149,16,5309
2,1771,25,1149,1,5310
2,1771,26,1149,3,5311
2,1771,27,1149,8,5312
2,1771,28,1149,25,5313
2,1771,29,1149,1,5314
2,1771,30,1149,5,5315
2,1771,37,1149,1,5316
2,1771,38,1149,2,5317
2,1771,39,1149,3,5318
2,1771,47,1149,2,5319
2,1771,48,1149,2,5320
2,1771,49,1149,2,5321
2,1771,55,1149,1,5322
2,1772,10,1149,1,5323
2,1772,40,1149,2,5324
2,1773,10,1149,3,5325
2,1773,12,1149,1,5326
2,1774,10,1149,1,5327
2,1775,1,1149,1,5328
2,1775,10,1149,1,5329
2,1776,10,1149,5,5330
2,1777,10,1149,1,5331
2,1778,1,1149,1,5332
2,1778,10,1149,7,5333
2,1778,24,1149,12,5334
2,1778,32,1149,7,5335
2,1778,33,1149,21,5336
2,1779,10,1149,1,5337
2,1780,1,1149,1,5338
2,1780,10,1149,2,5339
2,1781,1,1149,1,5340
2,1781,10,1149,4,5341
2,1782,10,1149,3,5342
2,1783,10,1149,2,5343
2,1783,58,1149,5,5344
2,1784,1,1149,1,5345
2,1784,10,1149,7,5346
2,1785,10,1149,1,5347
2,1786,10,1149,4,5348
2,1787,10,1149,1,5349
2,1788,10,1149,2,5350
2,1789,10,1149,1,5351
2,1789,40,1149,1,5352
2,1790,10,1149,1,5353
2,1791,1,1149,1,5354
2,1791,10,1149,5,5355
2,1792,1,1149,2,5356
2,1792,10,1149,1,5357
2,1792,17,1149,1,5358
2,1793,10,1149,3,5359
2,1794,10,1149,6,5360
2,1794,12,1149,1,5361
2,1794,18,1149,1,5362
2,1794,25,1149,5,5363
2,1795,1,1149,1,5364
2,1795,3,1149,3,5365
2,1795,4,1149,13,5366
2,1795,10,1149,2,5367
2,1795,17,1149,1,5368
2,1796,1,1149,5,5369
2,1796,10,1149,4,5370
2,1797,10,1149,2,5371
2,1798,1,1149,1,5372
2,1798,10,1149,1,5373
2,1798,24,1149,10,5374
2,1798,33,1149,7,5375
2,1799,61,1149,15,5376
2,1800,10,1149,1,5377
2,1801,10,1149,3,5378
2,1802,10,1149,1,5379
2,1803,10,1149,1,5380
2,1804,10,1149,9,5381
2,1805,1,1149,1,5382
2,1805,10,1149,3,5383
2,1806,1,1149,3,5384
2,1806,10,1149,1,5385
2,1806,17,1149,1,5386
2,1807,10,1149,2,5387
2,1808,19,1149,6,5388
2,1808,28,1149,10,5389
2,1809,1,1149,1,5390
2,1809,10,1149,3,5391
2,1810,10,1149,1,5392
2,1811,10,1149,1,5393
2,1812,10,1149,1,5394
2,1813,10,1149,1,5395
2,1814,10,1149,4,5396
2,1815,2,1149,3,5397
2,1815,3,1149,2,5398
2,1815,4,1149,33,5399
2,1815,7,1149,7,5400
2,1815,8,1149,7,5401
2,1815,9,1149,1,5402
2,1815,10,1149,1,5403
2,1815,11,1149,2,5404
2,1815,13,1149,1,5405
2,1815,17,1149,3,5406
2,1815,19,1149,13,5407
2,1815,26,1149,12,5408
2,1815,27,1149,6,5409
2,1815,28,1149,7,5410
2,1815,29,1149,4,5411
2,1815,38,1149,14,5412
2,1815,50,1149,1,5413
2,1816,10,1149,4,5414
2,1817,10,1149,6,5415
2,1818,10,1149,4,5416
2,1819,10,1149,1,5417
2,1820,1,1149,1,5418
2,1821,10,1149,1,5419
2,1822,10,1149,2,5420
2,1823,1,1149,1,5421
2,1823,10,1149,3,5422
2,1824,10,1149,3,5423
2,1825,10,1149,3,5424
2,1826,10,1149,1,5425
2,1827,10,1149,1,5426
2,1828,10,1149,1,5427
2,1829,10,1149,1,5428
2,1830,10,1149,5,5429
2,1831,10,1149,1,5430
2,1832,10,1149,2,5431
2,1833,10,1149,4,5432
2,1834,10,1149,1,5433
2,1835,1,1149,24,5434
2,1835,2,1149,79,5435
2,1835,3,1149,106,5436
2,1835,4,1149,187,5437
2,1835,6,1149,37,5438
2,1835,7,1149,53,5439
2,1835,8,1149,90,5440
2,1835,9,1149,28,5441
2,1835,10,1149,395,5442
2,1835,11,1149,4,5443
2,1835,17,1149,11,5444
2,1835,18,1149,5,5445
2,1835,19,1149,27,5446
2,1835,23,1149,2,5447
2,1835,25,1149,1,5448
2,1835,27,1149,37,5449
2,1835,28,1149,37,5450
2,1835,37,1149,8,5451
2,1835,38,1149,8,5452
2,1835,47,1149,3,5453
2,1835,48,1149,9,5454
2,1836,10,1149,1,5455
2,1837,1,1149,1,5456
2,1837,3,1149,6,5457
2,1837,4,1149,3,5458
2,1837,13,1149,1,5459
2,1837,14,1149,3,5460
2,1837,16,1149,4,5461
2,1837,25,1149,1,5462
2,1837,42,1149,10,5463
2,1837,43,1149,10,5464
2,1837,44,1149,15,5465
2,1837,45,1149,7,5466
2,1837,50,1149,10,5467
2,1838,10,1149,1,5468
2,1839,10,1149,1,5469
2,1840,10,1149,18,5470
2,1841,4,1149,2,5471
2,1841,40,1149,1,5472
2,1841,55,1149,1,5473
2,1842,10,1149,1,5474
2,1843,4,1149,1,5475
2,1843,10,1149,1,5476
2,1843,40,1149,14,5477
2,1843,55,1149,8,5478
2,1844,1,1149,1,5479
2,1844,10,1149,6,5480
2,1845,10,1149,1,5481
2,1846,25,1149,2,5482
2,1847,10,1149,1,5483
2,1847,12,1149,1,5484
2,1848,10,1149,2,5485
2,1849,10,1149,1,5486
2,1850,10,1149,2,5487
2,1851,1,1149,1,5488
2,1851,10,1149,1,5489
2,1852,10,1149,2,5490
2,1853,10,1149,1,5491
2,1854,10,1149,8,5492
2,1855,10,1149,5,5493
2,1856,10,1149,2,5494
2,1857,1,1149,1,5495
2,1857,10,1149,3,5496
2,1858,1,1149,2,5497
2,1859,4,1149,10,5498
2,1859,6,1149,1,5499
2,1859,7,1149,4,5500
2,1859,8,1149,4,5501
2,1859,9,1149,1,5502
2,1859,10,1149,7,5503
2,1859,17,1149,2,5504
2,1859,19,1149,4,5505
2,1859,28,1149,5,5506
2,1860,10,1149,1,5507
2,1861,10,1149,11,5508
2,1861,12,1149,1,5509
2,1862,10,1149,1,5510
2,1863,1,1149,1,5511
2,1863,10,1149,3,5512
2,1864,10,1149,1,5513
2,1865,10,1149,6,5514
2,1866,10,1149,5,5515
2,1867,10,1149,1,5516
2,1868,10,1149,1,5517
2,1869,10,1149,4,5518
2,1870,1,1149,1,5519
2,1870,10,1149,1,5520
2,1871,10,1149,1,5521
2,1872,2,1149,6,5522
2,1872,3,1149,8,5523
2,1872,4,1149,33,5524
2,1872,10,1149,10,5525
2,1872,17,1149,3,5526
2,1872,19,1149,8,5527
2,1872,25,1149,1,5528
2,1872,26,1149,3,5529
2,1872,27,1149,5,5530
2,1872,28,1149,15,5531
2,1872,29,1149,6,5532
2,1872,30,1149,2,5533
2,1872,39,1149,4,5534
2,1872,40,1149,1,5535
2,1872,47,1149,14,5536
2,1872,48,1149,11,5537
2,1872,55,1149,1,5538
2,1873,10,1149,6,5539
2,1874,10,1149,1,5540
2,1875,1,1149,1,5541
2,1875,10,1149,1,5542
2,1876,1,1149,4,5543
2,1876,10,1149,1,5544
2,1877,10,1149,1,5545
2,1878,10,1149,8,5546
2,1878,16,1149,2,5547
2,1879,18,1149,1,5548
2,1879,25,1149,1,5549
2,1880,10,1149,1,5550
2,1881,16,1149,2,5551
2,1882,1,1149,2,5552
2,1882,10,1149,2,5553
2,1882,17,1149,1,5554
2,1883,10,1149,4,5555
2,1884,1,1149,1,5556
2,1884,10,1149,2,5557
2,1885,10,1149,7,5558
2,1886,1,1149,1,5559
2,1886,10,1149,1,5560
2,1887,10,1149,3,5561
2,1888,10,1149,2,5562
2,1889,1,1149,1,5563
2,1889,4,1149,27,5564
2,1889,6,1149,1,5565
2,1889,7,1149,2,5566
2,1889,8,1149,2,5567
2,1889,9,1149,1,5568
2,1889,10,1149,3,5569
2,1889,17,1149,5,5570
2,1889,19,1149,7,5571
2,1889,28,1149,10,5572
2,1890,10,1149,1,5573
2,1891,10,1149,1,5574
2,1892,10,1149,4,5575
2,1893,10,1149,2,5576
2,1894,1,1149,1,5577
2,1894,10,1149,7,5578
2,1895,10,1149,1,5579
2,1896,18,1149,1,5580
2,1897,1,1149,1,5581
2,1897,10,1149,3,5582
2,1897,23,1149,25,5583
2,1898,10,1149,1,5584
2,1899,10,1149,1,5585
2,1900,10,1149,6,5586
2,1901,1,1149,1,5587
2,1901,10,1149,1,5588
2,1902,10,1149,1,5589
2,1903,25,1149,1,5590
2,1904,1,1149,1,5591
2,1904,10,1149,1,5592
2,1905,1,1149,2,5593
2,1905,10,1149,1,5594
2,1906,1,1149,1,5595
2,1906,10,1149,3,5596
2,1907,1,1149,1,5597
2,1907,4,1149,4,5598
2,1907,10,1149,1,5599
2,1907,17,1149,2,5600
2,1908,1,1149,1,5601
2,1908,10,1149,1,5602
2,1909,1,1149,1,5603
2,1909,10,1149,3,5604
2,1909,17,1149,1,5605
2,1910,10,1149,5,5606
2,1911,10,1149,1,5607
2,1912,10,1149,1,5608
2,1913,10,1149,2,5609
2,1914,10,1149,1,5610
2,1915,10,1149,1,5611
2,1916,10,1149,4,5612
2,1917,1,1149,1,5613
2,1917,4,1149,1,5614
2,1917,10,1149,3,5615
2,1918,10,1149,1,5616
2,1919,10,1149,1,5617
2,1920,10,1149,5,5618
2,1921,10,1149,1,5619
2,1922,10,1149,1,5620
2,1923,1,1149,2,5621
2,1923,10,1149,31,5622
2,1924,10,1149,3,5623
2,1924,22,1149,80,5624
2,1925,10,1149,1,5625
2,1926,10,1149,1,5626
2,1927,10,1149,1,5627
2,1928,10,1149,4,5628
2,1929,10,1149,3,5629
2,1930,10,1149,3,5630
2,1931,10,1149,5,5631
2,1932,10,1149,1,5632
2,1933,10,1149,1,5633
2,1934,1,1149,2,5634
2,1934,3,1149,36,5635
2,1934,4,1149,62,5636
2,1934,5,1149,1,5637
2,1934,6,1149,11,5638
2,1934,7,1149,6,5639
2,1934,8,1149,10,5640
2,1934,9,1149,3,5641
2,1934,10,1149,10,5642
2,1934,11,1149,2,5643
2,1934,14,1149,2,5644
2,1934,17,1149,3,5645
2,1934,24,1149,66,5646
2,1934,25,1149,1,5647
2,1934,32,1149,16,5648
2,1934,33,1149,20,5649
2,1934,44,1149,8,5650
2,1935,1,1149,1,5651
2,1935,10,1149,2,5652
2,1936,10,1149,1,5653
2,1937,17,1149,1,5654
2,1938,1,1149,2,5655
2,1938,10,1149,2,5656
2,1939,10,1149,1,5657
2,1940,10,1149,1,5658
2,1941,10,1149,3,5659
2,1942,10,1149,1,5660
2,1943,10,1149,7,5661
2,1944,10,1149,1,5662
2,1945,1,1149,3,5663
2,1945,10,1149,1,5664
2,1946,10,1149,4,5665
2,1947,10,1149,3,5666
2,1948,10,1149,5,5667
2,1949,1,1149,1,5668
2,1949,10,1149,2,5669
2,1950,10,1149,1,5670
2,1951,10,1149,1,5671
2,1952,1,1149,1,5672
2,1952,10,1149,3,5673
2,1953,10,1149,4,5674
2,1954,10,1149,6,5675
2,1955,10,1149,1,5676
2,1956,10,1149,4,5677
2,1957,10,1149,1,5678
2,1958,10,1149,1,5679
2,1959,10,1149,2,5680
2,1960,10,1149,3,5681
2,1961,1,1149,1,5682
2,1961,10,1149,2,5683
2,1962,1,1149,6,5684
2,1962,10,1149,6,5685
2,1963,1,1149,1,5686
2,1963,10,1149,2,5687
2,1964,10,1159,5,5688
2,1965,10,1159,159,5689
2,1965,12,1159,2,5690
2,1966,10,1159,1,5691
2,1967,10,1159,2,5692
2,1968,10,1159,1,5693
2,1969,10,1159,5,5694
2,1969,24,1159,27,5695
2,1969,34,1159,40,5696
2,1970,10,1159,1,5697
2,1971,10,1159,10,5698
2,1972,1,1159,7,5699
2,1972,10,1159,14,5700
2,1973,1,1159,2,5701
2,1973,10,1159,4,5702
2,1974,10,1159,6,5703
2,1974,20,1159,19,5704
2,1975,1,1159,1,5705
2,1975,10,1159,24,5706
2,1976,10,1159,3,5707
2,1977,1,1159,5,5708
2,1977,10,1159,5,5709
2,1978,10,1159,3,5710
2,1979,10,1159,3,5711
2,1980,10,1159,19,5712
2,1981,10,1159,2,5713
2,1982,10,1159,34,5714
2,1983,10,1159,2,5715
2,1984,10,1159,2,5716
2,1985,10,1159,4,5717
2,1985,17,1159,1,5718
2,1986,10,1159,2,5719
2,1987,10,1159,1,5720
2,1988,1,1159,1,5721
2,1988,3,1159,1,5722
2,1988,4,1159,6,5723
2,1988,10,1159,29,5724
2,1988,17,1159,4,5725
2,1989,1,1159,1,5726
2,1989,10,1159,14,5727
2,1990,10,1159,3,5728
2,1991,1,1159,1,5729
2,1991,10,1159,1,5730
2,1992,10,1159,1,5731
2,1993,10,1159,3,5732
2,1994,10,1159,1,5733
2,1995,10,1159,4,5734
2,1995,17,1159,1,5735
2,1996,10,1159,3,5736
2,1997,10,1159,12,5737
2,1998,10,1159,1,5738
2,1999,10,1159,18,5739
2,2000,1,1159,1,5740
2,2000,10,1159,2,5741
2,2001,10,1159,20,5742
2,2002,10,1159,1,5743
2,2003,10,1159,5,5744
2,2004,1,1159,7,5745
2,2004,10,1159,109,5746
2,2004,17,1159,3,5747
2,2005,10,1159,1,5748
2,2006,10,1159,3,5749
2,2007,10,1159,1,5750
2,2008,1,1159,5,5751
2,2008,10,1159,22,5752
2,2009,10,1159,2,5753
2,2010,1,1159,3,5754
2,2010,10,1159,1,5755
2,2011,1,1159,2,5756
2,2011,10,1159,1,5757
2,2012,10,1159,1,5758
2,2013,4,1159,87,5759
2,2013,40,1159,110,5760
2,2013,55,1159,87,5761
2,2014,1,1159,11,5762
2,2014,10,1159,30,5763
2,2014,17,1159,1,5764
2,2015,10,1159,1,5765
2,2015,17,1159,4,5766
2,2015,41,1159,3,5767
2,2016,10,1159,5,5768
2,2016,17,1159,1,5769
2,2017,10,1159,8,5770
2,2018,4,1159,26,5771
2,2018,5,1159,7,5772
2,2018,10,1159,9,5773
2,2018,11,1159,2,5774
2,2018,17,1159,1,5775
2,2018,19,1159,7,5776
2,2018,26,1159,15,5777
2,2018,27,1159,10,5778
2,2018,28,1159,1,5779
2,2018,29,1159,12,5780
2,2018,37,1159,3,5781
2,2019,1,1159,2,5782
2,2019,16,1159,1,5783
2,2020,10,1159,1,5784
2,2021,10,1159,1,5785
2,2022,10,1159,2,5786
2,2023,1,1159,1,5787
2,2023,4,1159,35,5788
2,2023,10,1159,8,5789
2,2023,17,1159,2,5790
2,2023,19,1159,18,5791
2,2023,28,1159,15,5792
2,2023,40,1159,20,5793
2,2023,55,1159,22,5794
2,2024,10,1159,5,5795
2,2024,30,1159,13,5796
2,2024,46,1159,1,5797
2,2025,10,1159,1,5798
2,2026,10,1159,1,5799
2,2027,10,1159,1,5800
2,2028,10,1159,1,5801
2,2029,10,1159,3,5802
2,2030,1,1159,1,5803
2,2030,10,1159,14,5804
2,2030,17,1159,1,5805
2,2031,1,1159,6,5806
2,2031,10,1159,18,5807
2,2031,17,1159,2,5808
2,2032,10,1159,1,5809
2,2033,10,1159,6,5810
2,2034,1,1159,1,5811
2,2034,10,1159,20,5812
2,2034,17,1159,3,5813
2,2035,10,1159,2,5814
2,2036,1,1159,1,5815
2,2036,10,1159,1,5816
2,2037,1,1159,1,5817
2,2037,10,1159,1,5818
2,2038,1,1159,9,5819
2,2038,10,1159,164,5820
2,2038,25,1159,1,5821
2,2039,4,1159,243,5822
2,2039,7,1159,20,5823
2,2039,8,1159,20,5824
2,2039,9,1159,3,5825
2,2039,10,1159,8,5826
2,2039,17,1159,4,5827
2,2039,19,1159,20,5828
2,2039,28,1159,20,5829
2,2040,10,1159,9,5830
2,2041,1,1159,2,5831
2,2041,10,1159,16,5832
2,2041,12,1159,1,5833
2,2042,10,1159,5,5834
2,2043,10,1159,3,5835
2,2044,10,1159,6,5836
2,2044,12,1159,1,5837
2,2045,10,1159,11,5838
2,2046,10,1159,10,5839
2,2047,1,1159,1,5840
2,2047,10,1159,2,5841
2,2048,10,1159,1,5842
2,2049,10,1159,2,5843
2,2050,1,1159,3,5844
2,2051,10,1159,1,5845
2,2052,10,1159,5,5846
2,2053,1,1159,1,5847
2,2053,10,1159,5,5848
2,2054,10,1159,15,5849
2,2055,10,1159,1,5850
2,2056,10,1159,5,5851
2,2057,10,1159,4,5852
2,2058,1,1159,1,5853
2,2058,10,1159,2,5854
2,2058,17,1159,3,5855
2,2059,10,1159,2,5856
2,2060,10,1159,1,5857
2,2060,17,1159,2,5858
2,2061,9,1159,2,5859
2,2061,10,1159,8,5860
2,2061,24,1159,108,5861
2,2061,32,1159,19,5862
2,2061,58,1159,12,5863
2,2062,10,1159,2,5864
2,2062,17,1159,2,5865
2,2063,1,1159,1,5866
2,2063,10,1159,31,5867
2,2064,1,1159,1,5868
2,2064,10,1159,30,5869
2,2064,17,1159,3,5870
2,2065,10,1159,4,5871
2,2066,10,1159,1,5872
2,2067,10,1159,7,5873
2,2068,1,1159,28,5874
2,2068,2,1159,6,5875
2,2068,3,1159,12,5876
2,2068,4,1159,181,5877
2,2068,6,1159,10,5878
2,2068,7,1159,12,5879
2,2068,8,1159,12,5880
2,2068,9,1159,32,5881
2,2068,10,1159,519,5882
2,2068,11,1159,2,5883
2,2068,14,1159,8,5884
2,2068,17,1159,18,5885
2,2068,19,1159,10,5886
2,2068,26,1159,14,5887
2,2068,27,1159,13,5888
2,2068,28,1159,17,5889
2,2068,37,1159,7,5890
2,2068,44,1159,7,5891
2,2068,47,1159,6,5892
2,2068,48,1159,7,5893
2,2069,10,1159,1,5894
2,2070,10,1159,5,5895
2,2071,1,1159,7,5896
2,2071,2,1159,6,5897
2,2071,3,1159,40,5898
2,2071,4,1159,209,5899
2,2071,6,1159,12,5900
2,2071,7,1159,35,5901
2,2071,8,1159,35,5902
2,2071,9,1159,3,5903
2,2071,10,1159,68,5904
2,2071,11,1159,2,5905
2,2071,12,1159,1,5906
2,2071,16,1159,13,5907
2,2071,17,1159,18,5908
2,2071,18,1159,1,5909
2,2071,19,1159,7,5910
2,2071,26,1159,11,5911
2,2071,27,1159,12,5912
2,2071,28,1159,37,5913
2,2071,47,1159,2,5914
2,2071,48,1159,5,5915
2,2071,52,1159,4,5916
2,2071,53,1159,3,5917
2,2072,10,1159,1,5918
2,2073,10,1159,1,5919
2,2074,1,1159,3,5920
2,2074,3,1159,29,5921
2,2074,4,1159,208,5922
2,2074,6,1159,12,5923
2,2074,7,1159,40,5924
2,2074,8,1159,40,5925
2,2074,9,1159,7,5926
2,2074,10,1159,34,5927
2,2074,11,1159,3,5928
2,2074,13,1159,6,5929
2,2074,17,1159,9,5930
2,2074,19,1159,1,5931
2,2074,26,1159,17,5932
2,2074,27,1159,11,5933
2,2074,28,1159,50,5934
2,2074,29,1159,9,5935
2,2074,30,1159,8,5936
2,2074,37,1159,4,5937
2,2074,43,1159,1,5938
2,2074,50,1159,10,5939
2,2075,1,1159,3,5940
2,2075,3,1159,334,5941
2,2075,6,1159,60,5942
2,2075,9,1159,9,5943
2,2075,10,1159,43,5944
2,2075,17,1159,7,5945
2,2075,18,1159,1,5946
2,2075,26,1159,9,5947
2,2075,27,1159,11,5948
2,2075,30,1159,41,5949
2,2075,37,1159,5,5950
2,2075,47,1159,16,5951
2,2075,48,1159,41,5952
2,2076,10,1159,6,5953
2,2076,12,1159,1,5954
2,2077,10,1159,7,5955
2,2078,1,1159,1,5956
2,2078,6,1159,4,5957
2,2078,7,1159,6,5958
2,2078,8,1159,6,5959
2,2078,9,1159,2,5960
2,2078,10,1159,10,5961
2,2078,22,1159,15,5962
2,2078,24,1159,258,5963
2,2078,32,1159,15,5964
2,2078,33,1159,34,5965
2,2078,36,1159,10,5966
2,2079,10,1159,3,5967
2,2080,10,1159,2,5968
2,2081,10,1159,7,5969
2,2082,10,1159,6,5970
2,2083,1,1159,4,5971
2,2083,10,1159,1,5972
2,2084,10,1159,19,5973
2,2085,1,1159,1,5974
2,2085,10,1159,117,5975
2,2086,10,1159,1,5976
2,2086,12,1159,1,5977
2,2087,1,1159,1,5978
2,2087,10,1159,24,5979
2,2087,17,1159,4,5980
2,2088,10,1159,1,5981
2,2089,1,1159,3,5982
2,2089,10,1159,2,5983
2,2090,1,1159,11,5984
2,2090,3,1159,25,5985
2,2090,4,1159,155,5986
2,2090,6,1159,3,5987
2,2090,7,1159,5,5988
2,2090,8,1159,6,5989
2,2090,9,1159,2,5990
2,2090,10,1159,78,5991
2,2090,17,1159,8,5992
2,2090,19,1159,4,5993
2,2090,28,1159,17,5994
2,2090,30,1159,47,5995
2,2090,40,1159,5,5996
2,2090,46,1159,4,5997
2,2090,47,1159,2,5998
2,2090,48,1159,6,5999
2,2091,10,1159,9,6000
2,2092,1,1159,5,6001
2,2092,10,1159,10,6002
2,2092,17,1159,7,6003
2,2093,10,1159,4,6004
2,2094,10,1159,1,6005
2,2094,17,1159,7,6006
2,2095,10,1159,2,6007
2,2096,1,1159,1,6008
2,2096,10,1159,3,6009
2,2097,1,1159,2,6010
2,2097,10,1159,3,6011
2,2098,46,1159,1,6012
2,2099,1,1159,8,6013
2,2099,3,1159,13,6014
2,2099,4,1159,165,6015
2,2099,6,1159,6,6016
2,2099,7,1159,9,6017
2,2099,8,1159,10,6018
2,2099,9,1159,5,6019
2,2099,10,1159,23,6020
2,2099,17,1159,8,6021
2,2099,19,1159,1,6022
2,2099,23,1159,5,6023
2,2099,28,1159,62,6024
2,2099,47,1159,1,6025
2,2099,48,1159,7,6026
2,2099,56,1159,9,6027
2,2100,1,1159,4,6028
2,2100,6,1159,19,6029
2,2100,7,1159,18,6030
2,2100,8,1159,23,6031
2,2100,9,1159,57,6032
2,2100,10,1159,25,6033
2,2100,18,1159,13,6034
2,2100,25,1159,2,6035
2,2101,10,1159,34,6036
2,2102,1,1159,1,6037
2,2103,10,1159,2,6038
2,2104,1,1159,2,6039
2,2104,10,1159,4,6040
2,2104,23,1159,50,6041
2,2105,10,1159,6,6042
2,2106,10,1159,2,6043
2,2107,10,1159,3,6044
2,2108,1,1159,1,6045
2,2108,10,1159,1,6046
2,2108,17,1159,3,6047
2,2109,10,1159,2,6048
2,2110,1,1159,7,6049
2,2110,10,1159,46,6050
2,2110,17,1159,1,6051
2,2110,23,1159,196,6052
2,2111,10,1159,8,6053
2,2112,1,1159,1,6054
2,2112,10,1159,1,6055
2,2113,10,1159,1,6056
2,2114,10,1159,8,6057
2,2115,10,1159,2,6058
2,2116,10,1159,8,6059
2,2117,10,1159,2,6060
2,2118,10,1159,2,6061
2,2119,18,1159,1,6062
2,2120,10,1159,1,6063
2,2121,10,1159,13,6064
2,2122,1,1159,1,6065
2,2122,10,1159,1,6066
2,2123,1,1159,5,6067
2,2123,10,1159,31,6068
2,2124,10,1159,3,6069
2,2124,17,1159,1,6070
2,2125,10,1159,783,6071
2,2125,17,1159,12,6072
2,2126,10,1159,1,6073
2,2127,10,1159,28,6074
2,2128,1,1159,1,6075
2,2128,10,1159,6,6076
2,2129,10,1159,11,6077
2,2129,20,1159,11,6078
2,2129,24,1159,84,6079
2,2129,32,1159,16,6080
2,2129,34,1159,32,6081
2,2129,58,1159,2,6082
2,2130,10,1159,25,6083
2,2130,17,1159,7,6084
2,2131,1,1159,1,6085
2,2131,10,1159,2,6086
2,2131,20,1159,27,6087
2,2132,1,1159,1,6088
2,2132,10,1159,3,6089
2,2132,17,1159,1,6090
2,2133,1,1159,2,6091
2,2133,4,1159,66,6092
2,2133,7,1159,3,6093
2,2133,8,1159,3,6094
2,2133,9,1159,5,6095
2,2133,10,1159,8,6096
2,2133,17,1159,5,6097
2,2133,19,1159,13,6098
2,2133,28,1159,15,6099
2,2134,10,1159,1,6100
2,2135,10,1159,1,6101
2,2136,10,1159,20,6102
2,2137,1,1159,1,6103
2,2137,10,1159,2,6104
2,2137,17,1159,1,6105
2,2138,10,1159,5,6106
2,2138,17,1159,1,6107
2,2139,10,1159,1,6108
2,2140,10,1159,1,6109
2,2140,12,1159,1,6110
2,2141,10,1159,11,6111
2,2141,17,1159,3,6112
2,2142,1,1159,2,6113
2,2142,10,1159,1,6114
2,2142,17,1159,2,6115
2,2143,1,1159,1,6116
2,2143,10,1159,3,6117
2,2144,10,1159,4,6118
2,2145,1,1159,1,6119
2,2145,10,1159,1,6120
2,2145,17,1159,4,6121
2,2146,1,1159,1,6122
2,2146,10,1159,5,6123
2,2147,10,1159,4,6124
2,2148,1,1159,1,6125
2,2148,10,1159,7,6126
2,2149,10,1159,1,6127
2,2150,1,1159,17,6128
2,2150,7,1159,4,6129
2,2150,8,1159,4,6130
2,2150,9,1159,2,6131
2,2150,10,1159,126,6132
2,2151,1,1159,1,6133
2,2151,10,1159,4,6134
2,2151,17,1159,3,6135
2,2152,10,1159,3,6136
2,2153,10,1159,1,6137
2,2154,10,1159,1,6138
2,2155,10,1159,1,6139
2,2156,10,1159,6,6140
2,2157,1,1159,1,6141
2,2157,10,1159,5,6142
2,2158,10,1159,1,6143
2,2159,1,1159,3,6144
2,2159,2,1159,4,6145
2,2159,3,1159,10,6146
2,2159,4,1159,46,6147
2,2159,6,1159,5,6148
2,2159,7,1159,2,6149
2,2159,8,1159,2,6150
2,2159,9,1159,6,6151
2,2159,10,1159,12,6152
2,2159,11,1159,1,6153
2,2159,17,1159,4,6154
2,2159,19,1159,3,6155
2,2159,26,1159,10,6156
2,2159,27,1159,3,6157
2,2159,28,1159,4,6158
2,2159,29,1159,6,6159
2,2160,1,1159,1,6160
2,2160,10,1159,2,6161
2,2160,17,1159,2,6162
2,2161,10,1159,5,6163
2,2162,10,1159,1,6164
2,2163,10,1159,7,6165
2,2164,10,1159,1,6166
2,2165,10,1159,1,6167
2,2166,4,1159,18,6168
2,2166,10,1159,3,6169
2,2166,17,1159,2,6170
2,2166,19,1159,3,6171
2,2166,28,1159,8,6172
2,2167,10,1159,20,6173
2,2168,12,1159,1,6174
2,2169,10,1159,49,6175
2,2170,1,1159,47,6176
2,2170,3,1159,152,6177
2,2170,4,1159,303,6178
2,2170,6,1159,21,6179
2,2170,7,1159,12,6180
2,2170,8,1159,13,6181
2,2170,9,1159,41,6182
2,2170,10,1159,599,6183
2,2170,11,1159,3,6184
2,2170,17,1159,27,6185
2,2170,19,1159,29,6186
2,2170,26,1159,13,6187
2,2170,27,1159,10,6188
2,2170,28,1159,52,6189
2,2170,30,1159,66,6190
2,2170,37,1159,10,6191
2,2170,47,1159,7,6192
2,2170,48,1159,13,6193
2,2171,1,1159,9,6194
2,2171,3,1159,10,6195
2,2171,4,1159,149,6196
2,2171,6,1159,10,6197
2,2171,7,1159,14,6198
2,2171,8,1159,17,6199
2,2171,9,1159,11,6200
2,2171,10,1159,110,6201
2,2171,11,1159,2,6202
2,2171,13,1159,5,6203
2,2171,16,1159,8,6204
2,2171,19,1159,20,6205
2,2171,23,1159,40,6206
2,2171,28,1159,15,6207
2,2171,30,1159,17,6208
2,2171,42,1159,11,6209
2,2171,43,1159,7,6210
2,2171,45,1159,12,6211
2,2171,50,1159,3,6212
2,2172,10,1159,12,6213
2,2173,1,1159,1,6214
2,2173,4,1159,57,6215
2,2173,7,1159,4,6216
2,2173,8,1159,4,6217
2,2173,9,1159,2,6218
2,2173,10,1159,23,6219
2,2173,11,1159,2,6220
2,2173,14,1159,15,6221
2,2173,16,1159,4,6222
2,2173,17,1159,2,6223
2,2173,28,1159,2,6224
2,2173,42,1159,9,6225
2,2173,43,1159,14,6226
2,2173,44,1159,4,6227
2,2173,45,1159,22,6228
2,2174,10,1159,1,6229
2,2175,1,1159,2,6230
2,2175,3,1159,89,6231
2,2175,4,1159,8,6232
2,2175,10,1159,52,6233
2,2175,13,1159,6,6234
2,2175,17,1159,5,6235
2,2175,19,1159,7,6236
2,2175,34,1159,1,6237
2,2175,42,1159,8,6238
2,2175,43,1159,4,6239
2,2175,45,1159,12,6240
2,2175,50,1159,10,6241
2,2176,10,1159,4,6242
2,2177,10,1159,5,6243
2,2178,1,1159,1,6244
2,2178,10,1159,3,6245
2,2179,10,1159,4,6246
2,2180,10,1159,8,6247
2,2181,10,1159,1,6248
2,2182,10,1159,25,6249
2,2183,1,1159,2,6250
2,2183,4,1159,11,6251
2,2183,6,1159,1,6252
2,2183,7,1159,4,6253
2,2183,8,1159,2,6254
2,2183,9,1159,5,6255
2,2183,10,1159,8,6256
2,2183,17,1159,2,6257
2,2184,1,1159,1,6258
2,2184,10,1159,1,6259
2,2185,1,1159,1,6260
2,2185,10,1159,2,6261
2,2186,10,1159,2,6262
2,2186,17,1159,2,6263
2,2187,10,1159,1,6264
2,2188,10,1159,6,6265
2,2189,1,1159,1,6266
2,2189,10,1159,2,6267
2,2190,1,1159,2,6268
2,2190,4,1159,2,6269
2,2190,10,1159,5,6270
2,2190,17,1159,2,6271
2,2191,10,1159,16,6272
2,2192,10,1159,1,6273
2,2193,1,1159,1,6274
2,2193,10,1159,17,6275
2,2193,17,1159,3,6276
2,2193,30,1159,18,6277
2,2194,10,1159,1,6278
2,2195,10,1159,2,6279
2,2195,24,1159,55,6280
2,2195,33,1159,10,6281
2,2195,34,1159,10,6282
2,2196,10,1159,5,6283
2,2197,3,1159,19,6284
2,2197,4,1159,152,6285
2,2197,13,1159,2,6286
2,2197,14,1159,16,6287
2,2197,16,1159,14,6288
2,2197,30,1159,12,6289
2,2197,35,1159,25,6290
2,2197,42,1159,12,6291
2,2197,43,1159,8,6292
2,2197,44,1159,19,6293
2,2197,45,1159,6,6294
2,2197,50,1159,4,6295
2,2198,1,1159,1,6296
2,2198,4,1159,20,6297
2,2199,10,1159,17,6298
2,2199,12,1159,1,6299
2,2200,1,1159,4,6300
2,2200,10,1159,4,6301
2,2201,1,1159,1,6302
2,2201,10,1159,3,6303
2,2201,17,1159,3,6304
2,2202,10,1159,3,6305
2,2203,10,1159,9,6306
2,2203,24,1159,15,6307
2,2203,34,1159,25,6308
2,2203,40,1159,18,6309
2,2204,10,1159,1,6310
2,2204,17,1159,1,6311
2,2205,10,1159,1,6312
2,2206,10,1159,1,6313
2,2207,1,1159,4,6314
2,2207,10,1159,15,6315
2,2207,17,1159,1,6316
2,2208,10,1159,2,6317
2,2209,1,1159,3,6318
2,2209,4,1159,173,6319
2,2209,7,1159,21,6320
2,2209,8,1159,23,6321
2,2209,9,1159,6,6322
2,2209,10,1159,11,6323
2,2209,11,1159,2,6324
2,2209,17,1159,14,6325
2,2209,19,1159,1,6326
2,2209,26,1159,6,6327
2,2209,27,1159,11,6328
2,2209,28,1159,24,6329
2,2209,37,1159,6,6330
2,2210,1,1159,1,6331
2,2210,10,1159,1,6332
2,2211,10,1159,1,6333
2,2212,10,1159,1,6334
2,2213,1,1159,4,6335
2,2213,10,1159,45,6336
2,2213,17,1159,4,6337
2,2214,1,1159,1,6338
2,2214,10,1159,3,6339
2,2215,1,1159,2,6340
2,2215,4,1159,89,6341
2,2215,10,1159,14,6342
2,2215,17,1159,4,6343
2,2215,18,1159,3,6344
2,2215,19,1159,11,6345
2,2215,28,1159,14,6346
2,2215,30,1159,21,6347
2,2216,1,1159,4,6348
2,2216,3,1159,8,6349
2,2216,4,1159,87,6350
2,2216,6,1159,6,6351
2,2216,7,1159,8,6352
2,2216,8,1159,8,6353
2,2216,9,1159,7,6354
2,2216,10,1159,47,6355
2,2216,11,1159,1,6356
2,2216,17,1159,12,6357
2,2216,19,1159,8,6358
2,2216,26,1159,4,6359
2,2216,27,1159,2,6360
2,2216,28,1159,10,6361
2,2216,29,1159,4,6362
2,2216,30,1159,8,6363
2,2217,10,1159,4,6364
2,2217,12,1159,1,6365
2,2218,1,1159,4,6366
2,2218,3,1159,2,6367
2,2218,4,1159,106,6368
2,2218,6,1159,12,6369
2,2218,7,1159,15,6370
2,2218,8,1159,20,6371
2,2218,9,1159,3,6372
2,2218,10,1159,7,6373
2,2218,11,1159,2,6374
2,2218,17,1159,5,6375
2,2218,19,1159,1,6376
2,2218,26,1159,9,6377
2,2218,27,1159,6,6378
2,2218,28,1159,15,6379
2,2218,29,1159,12,6380
2,2219,1,1159,11,6381
2,2219,3,1159,66,6382
2,2219,4,1159,174,6383
2,2219,6,1159,7,6384
2,2219,7,1159,17,6385
2,2219,8,1159,17,6386
2,2219,9,1159,11,6387
2,2219,10,1159,113,6388
2,2219,17,1159,10,6389
2,2219,19,1159,1,6390
2,2219,26,1159,6,6391
2,2219,27,1159,8,6392
2,2219,28,1159,67,6393
2,2219,29,1159,2,6394
2,2219,30,1159,10,6395
2,2219,37,1159,1,6396
2,2219,41,1159,4,6397
2,2219,43,1159,10,6398
2,2219,47,1159,1,6399
2,2219,48,1159,28,6400
2,2219,56,1159,77,6401
2,2220,10,1159,19,6402
2,2221,1,1159,1,6403
2,2221,10,1159,10,6404
2,2222,10,1159,6,6405
2,2223,1,1159,3,6406
2,2223,10,1159,9,6407
2,2223,16,1159,1,6408
2,2223,17,1159,1,6409
2,2223,30,1159,5,6410
2,2224,1,1159,1,6411
2,2224,4,1159,4,6412
2,2224,10,1159,2,6413
2,2224,17,1159,2,6414
2,2225,1,1159,7,6415
2,2225,2,1159,8,6416
2,2225,3,1159,105,6417
2,2225,4,1159,439,6418
2,2225,6,1159,17,6419
2,2225,7,1159,56,6420
2,2225,8,1159,63,6421
2,2225,9,1159,27,6422
2,2225,10,1159,250,6423
2,2225,11,1159,2,6424
2,2225,13,1159,6,6425
2,2225,17,1159,35,6426
2,2225,19,1159,18,6427
2,2225,23,1159,40,6428
2,2225,26,1159,12,6429
2,2225,27,1159,6,6430
2,2225,28,1159,39,6431
2,2225,30,1159,18,6432
2,2225,37,1159,7,6433
2,2225,50,1159,13,6434
2,2226,1,1159,4,6435
2,2226,10,1159,86,6436
2,2227,1,1159,3,6437
2,2227,10,1159,7,6438
2,2228,1,1159,9,6439
2,2228,4,1159,143,6440
2,2228,7,1159,27,6441
2,2228,8,1159,20,6442
2,2228,9,1159,3,6443
2,2228,10,1159,21,6444
2,2228,11,1159,1,6445
2,2228,17,1159,8,6446
2,2228,18,1159,1,6447
2,2228,19,1159,9,6448
2,2228,23,1159,11,6449
2,2228,25,1159,1,6450
2,2228,26,1159,16,6451
2,2228,27,1159,7,6452
2,2228,28,1159,21,6453
2,2228,37,1159,2,6454
2,2229,10,1159,6,6455
2,2230,10,1159,5,6456
2,2231,10,1159,1,6457
2,2232,10,1159,2,6458
2,2233,10,1159,13,6459
2,2233,12,1159,1,6460
2,2234,1,1159,10,6461
2,2234,3,1159,31,6462
2,2234,4,1159,229,6463
2,2234,6,1159,8,6464
2,2234,7,1159,26,6465
2,2234,8,1159,26,6466
2,2234,9,1159,26,6467
2,2234,10,1159,111,6468
2,2234,11,1159,2,6469
2,2234,17,1159,13,6470
2,2234,19,1159,6,6471
2,2234,23,1159,15,6472
2,2234,24,1159,11,6473
2,2234,26,1159,9,6474
2,2234,27,1159,9,6475
2,2234,28,1159,26,6476
2,2234,29,1159,3,6477
2,2234,30,1159,35,6478
2,2234,32,1159,2,6479
2,2234,37,1159,3,6480
2,2234,38,1159,6,6481
2,2234,41,1159,2,6482
2,2234,46,1159,4,6483
2,2234,47,1159,2,6484
2,2234,48,1159,6,6485
2,2234,56,1159,13,6486
2,2235,1,1159,1,6487
2,2235,10,1159,1,6488
2,2236,10,1159,2,6489
2,2237,10,1159,7,6490
2,2238,1,1159,17,6491
2,2238,6,1159,2,6492
2,2238,7,1159,16,6493
2,2238,8,1159,14,6494
2,2238,9,1159,31,6495
2,2238,10,1159,503,6496
2,2238,17,1159,4,6497
2,2239,10,1159,3,6498
2,2240,10,1159,1,6499
2,2241,1,1159,10,6500
2,2241,2,1159,2,6501
2,2241,3,1159,32,6502
2,2241,4,1159,174,6503
2,2241,6,1159,9,6504
2,2241,7,1159,4,6505
2,2241,8,1159,4,6506
2,2241,9,1159,19,6507
2,2241,10,1159,26,6508
2,2241,11,1159,2,6509
2,2241,17,1159,14,6510
2,2241,19,1159,1,6511
2,2241,26,1159,10,6512
2,2241,27,1159,6,6513
2,2241,28,1159,18,6514
2,2241,30,1159,27,6515
2,2241,37,1159,2,6516
2,2241,47,1159,6,6517
2,2241,48,1159,6,6518
2,2242,1,1159,1,6519
2,2242,10,1159,13,6520
2,2242,17,1159,1,6521
2,2243,1,1159,1,6522
2,2243,10,1159,2,6523
2,2243,24,1159,36,6524
2,2243,40,1159,4,6525
2,2243,58,1159,5,6526
2,2244,1,1159,5,6527
2,2244,2,1159,11,6528
2,2244,4,1159,111,6529
2,2244,7,1159,20,6530
2,2244,8,1159,21,6531
2,2244,9,1159,9,6532
2,2244,10,1159,29,6533
2,2244,11,1159,1,6534
2,2244,17,1159,6,6535
2,2244,19,1159,10,6536
2,2244,26,1159,9,6537
2,2244,27,1159,17,6538
2,2244,28,1159,30,6539
2,2244,29,1159,4,6540
2,2244,30,1159,10,6541
2,2244,38,1159,8,6542
2,2244,39,1159,4,6543
2,2244,46,1159,1,6544
2,2245,10,1159,1,6545
2,2245,17,1159,2,6546
2,2246,1,1159,1,6547
2,2246,4,1159,17,6548
2,2246,10,1159,4,6549
2,2246,17,1159,1,6550
2,2246,19,1159,5,6551
2,2246,28,1159,9,6552
2,2247,10,1159,1,6553
2,2248,10,1159,7,6554
2,2249,10,1159,7,6555
2,2249,23,1159,187,6556
2,2250,10,1159,1,6557
2,2251,10,1159,2,6558
2,2251,16,1159,1,6559
2,2251,17,1159,1,6560
2,2252,10,1159,2,6561
2,2253,10,1159,6,6562
2,2254,10,1159,2,6563
2,2255,1,1159,1,6564
2,2255,10,1159,6,6565
2,2255,17,1159,2,6566
2,2256,10,1159,3,6567
2,2257,10,1159,1,6568
2,2258,1,1159,1,6569
2,2258,10,1159,1,6570
2,2258,12,1159,1,6571
2,2258,17,1159,1,6572
2,2259,1,1159,1,6573
2,2259,10,1159,2,6574
2,2260,10,1159,1,6575
2,2261,10,1159,1,6576
2,2262,12,1159,1,6577
2,2263,1,1159,14,6578
2,2263,10,1159,5,6579
2,2264,10,1159,1,6580
2,2265,12,1159,1,6581
2,2265,18,1159,3,6582
2,2265,25,1159,2,6583
2,2266,1,1159,2,6584
2,2266,10,1159,2,6585
2,2267,10,1159,4,6586
2,2268,10,1159,140,6587
2,2269,10,1159,1,6588
2,2270,10,1159,29,6589
2,2270,17,1159,1,6590
2,2271,18,1159,28,6591
2,2271,25,1159,6,6592
2,2272,10,1159,7,6593
2,2273,4,1159,10,6594
2,2273,10,1159,3,6595
2,2273,40,1159,85,6596
2,2273,55,1159,18,6597
2,2274,10,1159,4,6598
2,2275,10,1159,49,6599
2,2275,12,1159,1,6600
2,2276,10,1159,12,6601
2,2277,10,1159,3,6602
2,2277,20,1159,18,6603
2,2278,10,1159,2,6604
2,2279,1,1159,10,6605
2,2279,10,1159,80,6606
2,2280,10,1159,1,6607
2,2281,10,1159,2,6608
2,2282,10,1159,4,6609
2,2282,17,1159,3,6610
2,2283,1,1159,1,6611
2,2283,10,1159,2,6612
2,2284,10,1159,1,6613
2,2285,10,1159,5,6614
2,2286,1,1159,1,6615
2,2286,10,1159,18,6616
2,2287,1,1159,11,6617
2,2287,10,1159,52,6618
2,2288,1,1159,1,6619
2,2288,10,1159,8,6620
2,2289,10,1159,4,6621
2,2290,10,1159,8,6622
2,2291,10,1159,3,6623
2,2292,10,1159,2,6624
2,2293,10,1159,1,6625
2,2294,10,1159,4,6626
2,2295,10,1159,1,6627
2,2296,10,1159,1,6628
2,2297,1,1159,1,6629
2,2297,10,1159,2,6630
2,2298,10,1159,5,6631
2,2299,10,1159,1,6632
2,2300,10,1159,33,6633
2,2301,10,1159,1,6634
2,2301,12,1159,1,6635
2,2302,10,1159,1,6636
2,2303,10,1159,1,6637
2,2304,18,1159,3,6638
2,2304,25,1159,3,6639
2,2305,10,1159,1,6640
2,2306,1,1159,1,6641
2,2306,10,1159,2,6642
2,2306,46,1159,4,6643
2,2307,1,1159,1,6644
2,2307,10,1159,9,6645
2,2308,10,1159,4,6646
2,2309,10,1159,3,6647
2,2310,1,1159,1,6648
2,2310,10,1159,1,6649
2,2311,10,1159,1,6650
2,2312,10,1159,1,6651
2,2313,10,1159,1,6652
2,2314,1,1159,1,6653
2,2314,10,1159,2,6654
2,2315,10,1159,11,6655
2,2316,10,1159,1,6656
2,2317,10,1159,16,6657
2,2318,16,1159,2,6658
2,2319,10,1159,1,6659
2,2320,1,1159,1,6660
2,2320,10,1159,1,6661
2,2321,10,1159,1,6662
2,2322,10,1159,8,6663
2,2323,1,1159,2,6664
2,2323,10,1159,57,6665
2,2323,17,1159,3,6666
2,2324,3,1301,4,6667
2,2324,4,1301,4,6668
2,2324,40,1301,3,6669
2,2325,10,1159,7,6670
2,2325,40,1159,18,6671
2,2325,55,1159,28,6672
2,2326,10,1159,3,6673
2,2327,10,1159,9,6674
2,2327,12,1159,1,6675
2,2328,10,1159,20,6676
2,2329,10,1159,2,6677
2,2330,10,1159,4,6678
2,2331,18,1159,15,6679
2,2331,25,1159,13,6680
2,2332,10,1159,6,6681
2,2333,10,1159,1,6682
2,2334,10,1159,1,6683
2,2335,10,1159,32,6684
2,2336,10,1159,6,6685
2,2337,10,1159,7,6686
2,2338,10,1159,1,6687
2,2339,1,1159,1,6688
2,2339,10,1159,1,6689
2,2340,10,1159,1,6690
2,2341,1,1159,1,6691
2,2341,10,1159,2,6692
2,2341,17,1159,1,6693
2,2342,10,1159,1,6694
2,2342,20,1159,17,6695
2,2342,21,1159,1,6696
2,2343,10,1159,23,6697
2,2344,1,1159,1,6698
2,2344,10,1159,3,6699
2,2345,10,1159,6,6700
2,2346,1,1159,1,6701
2,2346,10,1159,6,6702
2,2346,30,1159,11,6703
2,2347,10,1159,5,6704
2,2348,1,1159,1,6705
2,2348,3,1159,65,6706
2,2348,4,1159,93,6707
2,2348,6,1159,22,6708
2,2348,7,1159,9,6709
2,2348,8,1159,9,6710
2,2348,9,1159,10,6711
2,2348,10,1159,26,6712
2,2348,11,1159,3,6713
2,2348,17,1159,11,6714
2,2348,19,1159,1,6715
2,2348,26,1159,5,6716
2,2348,27,1159,10,6717
2,2348,28,1159,20,6718
2,2348,29,1159,10,6719
2,2348,30,1159,8,6720
2,2348,33,1159,4,6721
2,2348,36,1159,1,6722
2,2348,47,1159,1,6723
2,2348,48,1159,7,6724
2,2349,1,1159,1,6725
2,2349,10,1159,2,6726
2,2349,17,1159,1,6727
2,2350,10,1159,32,6728
2,2350,12,1159,1,6729
2,2351,10,1159,2,6730
2,2352,1,1159,1,6731
2,2352,10,1159,20,6732
2,2353,10,1159,1,6733
2,2354,10,1159,2,6734
2,2355,10,1159,33,6735
2,2356,1,1159,1,6736
2,2356,10,1159,2,6737
2,2357,10,1159,5,6738
2,2358,10,1159,1,6739
2,2359,10,1159,9,6740
2,2360,10,1159,3,6741
2,2361,10,1159,1,6742
2,2361,17,1159,3,6743
2,2362,10,1159,7,6744
2,2363,10,1159,1,6745
2,2364,10,1159,1,6746
2,2365,10,1159,2,6747
2,2366,1,1159,6,6748
2,2366,10,1159,4,6749
2,2367,10,1159,4,6750
2,2368,10,1159,3,6751
2,2369,1,1159,14,6752
2,2369,2,1159,9,6753
2,2369,3,1159,58,6754
2,2369,4,1159,330,6755
2,2369,6,1159,10,6756
2,2369,7,1159,30,6757
2,2369,8,1159,20,6758
2,2369,9,1159,12,6759
2,2369,10,1159,80,6760
2,2369,13,1159,3,6761
2,2369,14,1159,11,6762
2,2369,17,1159,15,6763
2,2369,18,1159,2,6764
2,2369,19,1159,2,6765
2,2369,25,1159,2,6766
2,2369,26,1159,6,6767
2,2369,27,1159,4,6768
2,2369,28,1159,37,6769
2,2369,30,1159,18,6770
2,2369,37,1159,2,6771
2,2369,46,1159,1,6772
2,2369,48,1159,6,6773
2,2370,1,1159,2,6774
2,2370,10,1159,17,6775
2,2371,1,1159,1,6776
2,2371,10,1159,1,6777
2,2371,12,1159,1,6778
2,2372,10,1159,4,6779
2,2373,1,1159,2,6780
2,2373,10,1159,2,6781
2,2374,10,1159,20,6782
2,2375,10,1159,2,6783
2,2376,1,1159,1,6784
2,2377,10,1159,1,6785
2,2378,10,1159,7,6786
2,2379,1,1159,8,6787
2,2379,10,1159,5,6788
2,2380,10,1159,8,6789
2,2381,10,1159,14,6790
2,2382,10,1159,4,6791
2,2383,10,1159,15,6792
2,2384,10,1159,1,6793
2,2385,10,1159,1,6794
2,2386,10,1159,2,6795
2,2386,30,1159,56,6796
2,2387,1,1302,2,6797
2,2387,3,1302,9,6798
2,2387,4,1302,70,6799
2,2387,6,1302,5,6800
2,2387,7,1302,5,6801
2,2387,8,1302,5,6802
2,2387,9,1302,2,6803
2,2387,10,1302,8,6804
2,2387,11,1302,2,6805
2,2387,17,1302,2,6806
2,2387,18,1302,1,6807
2,2388,10,1159,3,6808
2,2389,10,1159,4,6809
2,2390,10,1159,6,6810
2,2391,10,1159,1,6811
2,2392,1,1159,1,6812
2,2392,10,1159,7,6813
2,2393,10,1159,1,6814
2,2394,10,1159,1,6815
2,2395,10,1159,4,6816
2,2396,10,1159,1,6817
2,2397,10,1159,1,6818
2,2398,10,1159,3,6819
2,2399,1,1159,4,6820
2,2399,10,1159,1,6821
2,2400,10,1159,4,6822
2,2401,10,1159,5,6823
2,2402,1,1159,1,6824
2,2402,10,1159,5,6825
2,2403,10,1159,1,6826
2,2404,10,1159,4,6827
2,2405,10,1159,4,6828
2,2406,10,1159,1,6829
2,2407,10,1159,324,6830
2,2408,10,1159,1,6831
2,2409,1,1159,1,6832
2,2409,10,1159,2,6833
2,2410,10,1159,1,6834
2,2411,10,1159,2,6835
2,2412,10,1159,11,6836
2,2413,10,1159,6,6837
2,2414,1,1159,1,6838
2,2414,10,1159,2,6839
2,2415,10,1159,17,6840
2,2416,10,1159,1,6841
2,2417,10,1159,5,6842
2,2418,10,1159,8,6843
2,2419,10,1159,1,6844
2,2419,17,1159,2,6845
2,2420,10,1159,1,6846
2,2421,10,1159,2,6847
2,2422,10,1159,1,6848
2,2423,10,1159,2,6849
2,2424,10,1159,1,6850
2,2425,10,1159,3,6851
2,2426,18,1159,43,6852
2,2426,25,1159,30,6853
2,2427,10,1159,1,6854
2,2428,10,1159,1,6855
2,2429,10,1159,1,6856
2,2430,10,1159,6,6857
2,2431,10,1159,2,6858
2,2432,1,1159,1,6859
2,2432,10,1159,2,6860
2,2433,10,1159,6,6861
2,2434,10,1159,1,6862
2,2435,10,1159,5,6863
2,2436,10,1159,5,6864
2,2437,10,1159,1,6865
2,2438,10,1159,1,6866
2,2439,10,1159,3,6867
2,2440,10,1159,7,6868
2,2440,24,1159,31,6869
2,2440,58,1159,13,6870
2,2441,10,1159,1,6871
2,2442,1,1159,1,6872
2,2442,10,1159,4,6873
2,2443,10,1159,2,6874
2,2444,10,1159,2,6875
2,2445,10,1159,16,6876
2,2446,10,1159,3,6877
2,2446,16,1159,1,6878
2,2447,10,1159,1,6879
2,2448,10,1159,2,6880
2,2449,16,1159,1,6881
2,2450,10,1159,3,6882
2,2451,10,1159,1,6883
2,2452,10,1159,3,6884
2,2453,4,1159,1,6885
2,2453,10,1159,1,6886
2,2453,40,1159,1,6887
2,2454,10,1159,3,6888
2,2455,10,1159,3,6889
2,2456,10,1159,1,6890
2,2457,10,1159,1,6891
2,2458,10,1159,15,6892
2,2459,10,1159,7,6893
2,2460,1,1159,1,6894
2,2460,10,1159,1,6895
2,2461,1,1159,12,6896
2,2461,10,1159,2,6897
2,2462,10,1159,1,6898
2,2463,10,1159,8,6899
2,2464,10,1159,6,6900
2,2465,10,1159,14,6901
2,2466,1,1159,12,6902
2,2466,4,1159,543,6903
2,2466,7,1159,20,6904
2,2466,8,1159,17,6905
2,2466,9,1159,18,6906
2,2466,10,1159,44,6907
2,2466,11,1159,4,6908
2,2466,17,1159,19,6909
2,2466,19,1159,36,6910
2,2466,23,1159,5,6911
2,2466,26,1159,10,6912
2,2466,27,1159,15,6913
2,2466,28,1159,76,6914
2,2466,29,1159,3,6915
2,2466,30,1159,24,6916
2,2467,10,1159,2,6917
2,2468,10,1159,4,6918
2,2469,10,1159,2,6919
2,2470,1,1159,8,6920
2,2470,10,1159,4,6921
2,2471,10,1159,6,6922
2,2472,10,1159,1,6923
2,2473,10,1159,2,6924
2,2474,16,1159,2,6925
2,2475,10,1159,6,6926
2,2476,10,1159,2,6927
2,2476,17,1159,3,6928
2,2477,10,1159,1,6929
2,2478,10,1159,1,6930
2,2479,18,1159,12,6931
2,2480,10,1159,1,6932
2,2481,1,1159,17,6933
2,2481,10,1159,444,6934
2,2481,17,1159,2,6935
2,2482,10,1159,2,6936
2,2482,24,1159,4,6937
2,2483,1,1159,12,6938
2,2483,10,1159,21,6939
2,2484,1,1159,2,6940
2,2484,10,1159,2,6941
2,2485,10,1159,2,6942
2,2486,10,1159,6,6943
2,2487,10,1159,4,6944
2,2488,10,1159,1,6945
2,2489,18,1159,10,6946
2,2489,25,1159,12,6947
2,2490,10,1159,12,6948
2,2491,10,1159,1,6949
2,2492,10,1159,1,6950
2,2492,17,1159,2,6951
2,2493,18,1159,2,6952
2,2493,25,1159,1,6953
2,2494,10,1159,1,6954
2,2495,10,1159,4,6955
2,2496,10,1159,9,6956
2,2496,18,1159,3,6957
2,2496,25,1159,3,6958
2,2497,1,1159,1,6959
2,2497,4,1159,4,6960
2,2497,10,1159,3,6961
2,2497,17,1159,3,6962
2,2498,25,1159,9,6963
2,2499,10,1159,3,6964
2,2500,10,1159,7,6965
2,2501,10,1159,1,6966
2,2501,17,1159,3,6967
2,2502,10,1159,1,6968
2,2503,10,1159,1,6969
2,2504,10,1159,1,6970
2,2505,10,1159,7,6971
2,2506,1,1159,1,6972
2,2506,10,1159,3,6973
2,2507,1,1159,1,6974
2,2507,10,1159,4,6975
2,2508,4,1159,3,6976
2,2508,10,1159,3,6977
2,2508,17,1159,1,6978
2,2508,19,1159,12,6979
2,2508,28,1159,9,6980
2,2509,10,1159,1,6981
2,2510,10,1159,1,6982
2,2511,10,1159,12,6983
2,2512,1,1159,1,6984
2,2512,10,1159,1,6985
2,2513,10,1159,3,6986
2,2514,10,1159,7,6987
2,2515,10,1159,1,6988
2,2516,10,1159,1,6989
2,2517,10,1159,2,6990
2,2518,10,1159,8,6991
2,2519,10,1159,6,6992
2,2520,10,1159,8,6993
2,2521,10,1159,1,6994
2,2522,10,1159,1,6995
2,2523,10,1159,1,6996
2,2524,10,1159,1,6997
2,2525,10,1159,1,6998
2,2526,10,1159,1,6999
2,2527,10,1159,17,7000
2,2528,1,1159,1,7001
2,2529,10,1159,7,7002
2,2529,24,1159,20,7003
2,2529,34,1159,10,7004
2,2529,55,1159,5,7005
2,2530,10,1159,2,7006
2,2531,1,1159,2,7007
2,2531,10,1159,2,7008
2,2532,10,1159,1,7009
2,2533,10,1159,6,7010
2,2534,10,1159,2,7011
2,2535,10,1159,4,7012
2,2536,10,1159,3,7013
2,2537,10,1159,3,7014
2,2538,10,1159,1,7015
2,2539,1,1159,2,7016
2,2539,10,1159,7,7017
2,2540,10,1159,1,7018
2,2541,10,1159,3,7019
2,2542,10,1159,1,7020
2,2542,17,1159,1,7021
2,2543,10,1159,3,7022
2,2543,12,1159,1,7023
2,2544,10,1159,4,7024
2,2545,10,1159,1,7025
2,2546,10,1159,1,7026
2,2547,10,1303,2,7027
2,2548,10,1159,10,7028
2,2549,10,1159,1,7029
2,2550,10,1159,2,7030
2,2551,4,1159,5,7031
2,2551,10,1159,1,7032
2,2551,17,1159,1,7033
2,2551,27,1159,6,7034
2,2551,37,1159,4,7035
2,2551,42,1159,5,7036
2,2552,10,1159,3,7037
2,2553,1,1159,1,7038
2,2553,10,1159,2,7039
2,2554,1,1159,1,7040
2,2554,10,1159,4,7041
2,2555,10,1159,2,7042
2,2556,10,1159,4,7043
2,2557,10,1159,1,7044
2,2557,17,1159,1,7045
2,2558,25,1159,1,7046
2,2559,10,1159,1,7047
2,2560,1,1159,2,7048
2,2560,10,1159,1,7049
2,2561,10,1159,1,7050
2,2562,1,1159,2,7051
2,2562,10,1159,5,7052
2,2563,10,1159,1,7053
2,2564,10,1159,1,7054
2,2565,10,1159,1,7055
2,2566,10,1159,13,7056
2,2567,10,1159,1,7057
2,2568,10,1159,1,7058
2,2569,1,1159,2,7059
2,2569,10,1159,2,7060
2,2570,10,1159,1,7061
2,2571,16,1159,2,7062
2,2572,10,1159,1,7063
2,2573,10,1159,1,7064
2,2574,10,1159,1,7065
2,2575,10,1159,1,7066
2,2576,1,1159,1,7067
2,2576,10,1159,2,7068
2,2577,10,1159,1,7069
2,2577,17,1159,3,7070
2,2578,10,1159,1,7071
2,2579,1,1159,1,7072
2,2579,10,1159,4,7073
2,2580,10,1159,1,7074
2,2581,10,1159,8,7075
2,2581,30,1159,22,7076
2,2582,10,1159,1,7077
2,2583,10,1159,1,7078
2,2584,10,1159,1,7079
2,2585,1,1159,1,7080
2,2585,10,1159,1,7081
2,2586,10,1159,1,7082
2,2587,10,1159,2,7083
2,2588,10,1159,2,7084
2,2589,10,1159,1,7085
2,2589,20,1159,18,7086
2,2590,1,1159,1,7087
2,2590,10,1159,1,7088
2,2591,10,1159,1,7089
2,2592,1,1159,8,7090
2,2592,10,1159,125,7091
2,2592,17,1159,2,7092
2,2593,25,1159,5,7093
2,2594,1,1159,1,7094
2,2594,10,1159,1,7095
2,2595,25,1159,4,7096
2,2596,1,1159,4,7097
2,2596,10,1159,35,7098
2,2597,1,1159,4,7099
2,2597,10,1159,24,7100
2,2598,1,1159,1,7101
2,2598,16,1159,1,7102
2,2599,10,1159,3,7103
2,2600,1,1159,1,7104
2,2600,10,1159,1,7105
2,2601,1,1159,1,7106
2,2601,10,1159,8,7107
2,2601,30,1159,13,7108
2,2602,10,1159,1,7109
2,2603,1,1159,1,7110
2,2603,10,1159,1,7111
2,2603,30,1159,5,7112
2,2604,1,1159,1,7113
2,2604,10,1159,48,7114
2,2605,1,1159,1,7115
2,2605,10,1159,3,7116
2,2606,10,1159,3,7117
2,2607,10,1159,5,7118
2,2608,1,1159,3,7119
2,2608,10,1159,2,7120
2,2609,10,1159,3,7121
2,2609,17,1159,1,7122
2,2610,10,1159,3,7123
2,2611,1,1159,2,7124
2,2611,4,1159,5,7125
2,2611,10,1159,8,7126
2,2611,17,1159,1,7127
2,2611,19,1159,16,7128
2,2611,30,1159,22,7129
2,2612,10,1159,4,7130
2,2613,10,1159,26,7131
2,2613,24,1159,47,7132
2,2613,32,1159,44,7133
2,2613,33,1159,24,7134
2,2613,34,1159,80,7135
2,2614,10,1159,5,7136
2,2615,1,1159,1,7137
2,2615,10,1159,1,7138
2,2616,10,1159,1,7139
2,2617,1,1159,2,7140
2,2617,10,1159,2,7141
2,2617,17,1159,2,7142
2,2618,10,1159,10,7143
2,2619,10,1159,1,7144
2,2620,1,1159,1,7145
2,2620,4,1159,41,7146
2,2620,6,1159,1,7147
2,2620,7,1159,4,7148
2,2620,8,1159,4,7149
2,2620,9,1159,1,7150
2,2620,10,1159,2,7151
2,2620,14,1159,1,7152
2,2620,17,1159,3,7153
2,2620,18,1159,1,7154
2,2620,44,1159,9,7155
2,2621,10,1159,1,7156
2,2622,1,1159,2,7157
2,2622,10,1159,11,7158
2,2623,10,1159,1,7159
2,2624,10,1159,1,7160
2,2624,20,1159,18,7161
2,2624,21,1159,8,7162
2,2625,1,1159,1,7163
2,2625,10,1159,21,7164
2,2626,1,1159,2,7165
2,2626,10,1159,1,7166
2,2627,10,1159,3,7167
2,2628,10,1159,4,7168
2,2629,1,1159,3,7169
2,2629,10,1159,2,7170
2,2630,10,1159,8,7171
2,2631,1,1159,1,7172
2,2631,10,1159,3,7173
2,2632,10,1159,34,7174
2,2633,10,1159,3,7175
2,2634,10,1159,26,7176
2,2635,10,1159,1,7177
2,2636,10,1159,1,7178
2,2637,10,1159,1,7179
2,2638,10,1159,2,7180
2,2639,1,1159,2,7181
2,2639,10,1159,31,7182
2,2640,10,1159,2,7183
2,2640,20,1159,22,7184
2,2641,10,1159,20,7185
2,2642,10,1159,2,7186
2,2643,10,1159,2,7187
2,2644,4,1159,1,7188
2,2644,10,1159,3,7189
2,2644,40,1159,12,7190
2,2644,55,1159,17,7191
2,2645,10,1159,3,7192
2,2646,10,1159,1,7193
2,2647,10,1159,2,7194
2,2648,10,1159,3,7195
2,2649,10,1159,1,7196
2,2649,17,1159,3,7197
2,2650,10,1159,13,7198
2,2651,10,1159,4,7199
2,2651,24,1159,68,7200
2,2651,32,1159,73,7201
2,2651,33,1159,5,7202
2,2651,58,1159,1,7203
2,2652,10,1159,3,7204
2,2653,10,1159,1,7205
2,2654,10,1159,11,7206
2,2655,1,1159,5,7207
2,2655,4,1159,194,7208
2,2655,6,1159,2,7209
2,2655,7,1159,18,7210
2,2655,8,1159,17,7211
2,2655,9,1159,2,7212
2,2655,10,1159,6,7213
2,2655,16,1159,2,7214
2,2655,17,1159,9,7215
2,2655,19,1159,7,7216
2,2655,23,1159,9,7217
2,2655,25,1159,1,7218
2,2655,28,1159,26,7219
2,2656,1,1304,8,7220
2,2656,2,1304,10,7221
2,2656,3,1304,20,7222
2,2656,4,1304,152,7223
2,2656,6,1304,18,7224
2,2656,7,1304,14,7225
2,2656,8,1304,15,7226
2,2656,9,1304,6,7227
2,2656,10,1304,15,7228
2,2656,11,1304,1,7229
2,2656,17,1304,9,7230
2,2656,19,1304,15,7231
2,2656,27,1304,4,7232
2,2656,28,1304,18,7233
2,2656,29,1304,3,7234
2,2656,38,1304,6,7235
2,2656,47,1304,2,7236
2,2656,48,1304,3,7237
2,2657,1,1159,1,7238
2,2657,10,1159,2,7239
2,2658,10,1159,4,7240
2,2659,10,1159,1,7241
2,2660,10,1159,2,7242
2,2661,1,1159,2,7243
2,2661,10,1159,1,7244
2,2662,10,1159,3,7245
2,2662,12,1159,4,7246
2,2663,10,1159,3,7247
2,2664,10,1159,3,7248
2,2665,1,1159,1,7249
2,2665,10,1159,1,7250
2,2666,1,1159,8,7251
2,2666,10,1159,8,7252
2,2667,10,1159,10,7253
2,2668,10,1159,10,7254
2,2669,10,1159,2,7255
2,2670,10,1159,1,7256
2,2671,10,1159,1,7257
2,2672,10,1159,1,7258
2,2673,1,1159,1,7259
2,2673,10,1159,2,7260
2,2673,12,1159,1,7261
2,2673,18,1159,3,7262
2,2674,18,1159,3,7263
2,2675,10,1159,1,7264
2,2676,10,1159,4,7265
2,2677,10,1159,6,7266
2,2678,10,1159,14,7267
2,2679,10,1159,1,7268
2,2680,10,1159,3,7269
2,2681,10,1159,3,7270
2,2682,10,1159,4,7271
2,2683,10,1159,11,7272
2,2684,10,1159,2,7273
2,2685,10,1159,5,7274
2,2686,10,1159,4,7275
2,2687,10,1159,1,7276
2,2688,1,1159,3,7277
2,2688,10,1159,1,7278
2,2689,25,1159,1,7279
2,2690,40,1159,10,7280
2,2690,55,1159,10,7281
2,2691,10,1159,3,7282
2,2692,10,1159,4,7283
2,2693,10,1159,10,7284
2,2694,10,1159,1,7285
2,2695,10,1159,1,7286
2,2696,10,1159,10,7287
2,2696,12,1159,1,7288
2,2697,10,1159,3,7289
2,2698,10,1159,6,7290
2,2698,12,1159,1,7291
2,2699,10,1159,10,7292
2,2700,10,1159,1,7293
2,2701,10,1159,4,7294
2,2702,25,1159,3,7295
2,2703,3,1159,40,7296
2,2703,4,1159,192,7297
2,2703,11,1159,4,7298
2,2703,16,1159,12,7299
2,2703,18,1159,6,7300
2,2703,35,1159,14,7301
2,2703,42,1159,13,7302
2,2703,43,1159,5,7303
2,2703,44,1159,12,7304
2,2703,47,1159,1,7305
2,2703,50,1159,5,7306
2,2704,10,1159,2,7307
2,2705,1,1159,3,7308
2,2705,10,1159,50,7309
2,2705,17,1159,1,7310
2,2706,10,1159,2,7311
2,2707,18,1159,7,7312
2,2707,25,1159,2,7313
2,2707,40,1159,5,7314
2,2707,55,1159,5,7315
2,2708,10,1159,103,7316
2,2708,12,1159,2,7317
2,2709,10,1159,1,7318
2,2709,17,1159,2,7319
2,2710,10,1159,5,7320
2,2711,1,1159,2,7321
2,2711,4,1159,29,7322
2,2711,7,1159,2,7323
2,2711,8,1159,2,7324
2,2711,9,1159,4,7325
2,2711,10,1159,44,7326
2,2711,17,1159,3,7327
2,2711,19,1159,1,7328
2,2711,28,1159,1,7329
2,2712,1,1159,1,7330
2,2712,10,1159,1,7331
2,2713,10,1159,8,7332
2,2714,1,1159,4,7333
2,2714,10,1159,90,7334
2,2715,1,1159,6,7335
2,2715,10,1159,98,7336
2,2715,18,1159,2,7337
2,2715,25,1159,1,7338
2,2716,1,1159,1,7339
2,2716,10,1159,3,7340
2,2716,17,1159,1,7341
2,2717,10,1159,8,7342
2,2718,10,1159,4,7343
2,2719,1,1159,1,7344
2,2719,10,1159,19,7345
2,2720,10,1159,1,7346
2,2721,10,1159,43,7347
2,2721,17,1159,2,7348
2,2722,10,1159,2,7349
2,2723,10,1159,7,7350
2,2724,10,1159,4,7351
2,2725,10,1159,2,7352
2,2726,10,1159,1,7353
2,2727,1,1159,1,7354
2,2727,10,1159,4,7355
2,2728,10,1159,1,7356
2,2729,1,1159,2,7357
2,2729,10,1159,52,7358
2,2730,10,1159,5,7359
2,2731,10,1159,18,7360
2,2732,10,1159,4,7361
2,2733,25,1159,1,7362
2,2734,10,1159,2,7363
2,2735,10,1159,1,7364
2,2735,12,1159,1,7365
2,2736,10,1159,2,7366
2,2736,12,1159,1,7367
2,2737,1,1159,7,7368
2,2737,10,1159,3,7369
2,2738,10,1159,3,7370
2,2739,1,1159,2,7371
2,2739,4,1159,12,7372
2,2739,10,1159,43,7373
2,2739,17,1159,1,7374
2,2739,19,1159,6,7375
2,2739,28,1159,8,7376
2,2740,25,1159,2,7377
2,2741,10,1159,7,7378
2,2742,12,1159,1,7379
2,2742,18,1159,3,7380
2,2743,10,1159,1,7381
2,2744,10,1159,1,7382
2,2744,17,1159,5,7383
2,2745,1,1159,1,7384
2,2745,10,1159,1,7385
2,2746,1,1159,5,7386
2,2746,10,1159,25,7387
2,2746,23,1159,201,7388
2,2747,10,1159,1,7389
2,2748,10,1159,1,7390
2,2749,10,1159,10,7391
2,2750,10,1159,1,7392
2,2751,10,1159,3,7393
2,2752,10,1159,2,7394
2,2753,10,1159,1,7395
2,2754,10,1159,1,7396
2,2755,10,1159,2,7397
2,2756,10,1159,6,7398
2,2757,10,1159,1,7399
2,2758,10,1159,2,7400
2,2759,10,1159,1,7401
2,2760,10,1159,2,7402
2,2761,10,1159,1,7403
2,2762,10,1159,4,7404
2,2763,10,1159,1,7405
2,2764,1,1159,29,7406
2,2764,4,1159,10,7407
2,2764,6,1159,14,7408
2,2764,7,1159,33,7409
2,2764,8,1159,25,7410
2,2764,9,1159,8,7411
2,2764,10,1159,784,7412
2,2765,10,1304,1,7413
2,2765,17,1304,1,7414
2,2766,18,1159,1,7415
2,2767,10,1159,1,7416
2,2768,10,1159,1,7417
2,2769,10,1159,8,7418
2,2770,1,1159,2,7419
2,2770,10,1159,2,7420
2,2771,10,1159,3,7421
2,2771,20,1159,74,7422
2,2771,21,1159,14,7423
2,2771,24,1159,245,7424
2,2771,32,1159,25,7425
2,2772,1,1305,1,7426
2,2773,1,1159,3,7427
2,2773,10,1159,5,7428
2,2774,1,1159,1,7429
2,2774,10,1159,3,7430
2,2774,40,1159,28,7431
2,2774,55,1159,28,7432
2,2774,56,1159,3,7433
2,2775,10,1159,4,7434
2,2776,1,1159,4,7435
2,2776,3,1159,47,7436
2,2776,4,1159,76,7437
2,2776,6,1159,5,7438
2,2776,7,1159,7,7439
2,2776,8,1159,11,7440
2,2776,9,1159,15,7441
2,2776,10,1159,8,7442
2,2776,11,1159,1,7443
2,2776,17,1159,6,7444
2,2776,19,1159,2,7445
2,2776,26,1159,5,7446
2,2776,27,1159,4,7447
2,2776,28,1159,7,7448
2,2776,37,1159,3,7449
2,2777,10,1159,5,7450
2,2777,17,1159,2,7451
2,2778,10,1159,6,7452
2,2779,10,1159,5,7453
2,2780,1,1159,1,7454
2,2780,10,1159,4,7455
2,2781,1,1159,2,7456
2,2781,10,1159,2,7457
2,2782,10,1159,2,7458
2,2783,10,1159,6,7459
2,2784,10,1159,2,7460
2,2785,10,1159,1,7461
2,2785,34,1159,5,7462
2,2786,1,1159,10,7463
2,2786,4,1159,196,7464
2,2786,7,1159,21,7465
2,2786,8,1159,20,7466
2,2786,9,1159,5,7467
2,2786,10,1159,48,7468
2,2786,17,1159,10,7469
2,2786,19,1159,11,7470
2,2786,28,1159,36,7471
2,2786,30,1159,18,7472
2,2787,10,1159,3,7473
2,2788,10,1159,1,7474
2,2789,10,1159,3,7475
2,2790,1,1159,1,7476
2,2790,4,1159,58,7477
2,2790,10,1159,2,7478
2,2790,17,1159,2,7479
2,2790,19,1159,24,7480
2,2790,23,1159,6,7481
2,2790,28,1159,12,7482
2,2791,4,1159,9,7483
2,2791,10,1159,1,7484
2,2791,17,1159,5,7485
2,2792,10,1159,1,7486
2,2793,10,1159,10,7487
2,2794,10,1159,42,7488
2,2795,10,1159,1,7489
2,2796,10,1159,4,7490
2,2797,10,1159,1,7491
2,2798,10,1159,1,7492
2,2799,10,1159,5,7493
2,2800,10,1159,4,7494
2,2801,10,1159,5,7495
2,2802,10,1159,4,7496
2,2803,40,1159,35,7497
2,2803,55,1159,4,7498
2,2804,10,1159,5,7499
2,2805,10,1159,3,7500
2,2806,1,1159,1,7501
2,2806,10,1159,9,7502
2,2807,10,1159,1,7503
2,2808,1,1159,1,7504
2,2808,10,1159,1,7505
2,2809,10,1159,1,7506
2,2810,10,1159,4,7507
2,2811,10,1159,3,7508
2,2812,10,1159,6,7509
2,2813,10,1159,4,7510
2,2814,1,1159,1,7511
2,2814,10,1159,2,7512
2,2815,18,1159,22,7513
2,2815,25,1159,11,7514
2,2816,10,1159,1,7515
2,2817,10,1159,1,7516
2,2818,10,1159,4,7517
2,2819,10,1159,1,7518
2,2820,10,1159,1,7519
2,2820,12,1159,1,7520
2,2821,10,1159,9,7521
2,2822,10,1159,1,7522
2,2823,10,1159,1,7523
2,2824,10,1159,1,7524
2,2825,1,1159,1,7525
2,2825,10,1159,1,7526
2,2826,10,1159,6,7527
2,2827,4,1159,67,7528
2,2827,10,1159,6,7529
2,2827,17,1159,4,7530
2,2827,19,1159,9,7531
2,2827,28,1159,30,7532
2,2828,10,1159,1,7533
2,2829,10,1159,3,7534
2,2830,1,1159,1,7535
2,2830,10,1159,4,7536
2,2831,10,1159,4,7537
2,2831,12,1159,1,7538
2,2832,10,1159,1,7539
2,2833,10,1159,4,7540
2,2834,10,1159,1,7541
2,2835,1,1159,1,7542
2,2835,10,1159,1,7543
2,2836,10,1159,1,7544
2,2836,12,1159,1,7545
2,2837,10,1159,14,7546
2,2838,18,1159,1,7547
2,2839,10,1159,6,7548
2,2840,10,1159,1,7549
2,2841,10,1159,5,7550
2,2842,10,1159,1,7551
2,2843,1,1159,1,7552
2,2843,10,1159,2,7553
2,2844,10,1159,1,7554
2,2845,1,1159,1,7555
2,2845,10,1159,2,7556
2,2846,10,1159,1,7557
2,2847,18,1159,1,7558
2,2847,25,1159,1,7559
2,2848,10,1159,1,7560
2,2849,1,1159,3,7561
2,2849,10,1159,3,7562
2,2850,18,1159,3,7563
2,2850,25,1159,2,7564
2,2851,1,1159,1,7565
2,2852,1,1159,6,7566
2,2852,4,1159,181,7567
2,2852,10,1159,51,7568
2,2852,17,1159,8,7569
2,2852,19,1159,1,7570
2,2852,28,1159,46,7571
2,2852,30,1159,11,7572
2,2853,10,1159,4,7573
2,2854,1,1159,2,7574
2,2854,10,1159,5,7575
2,2855,10,1159,1,7576
2,2856,10,1159,1,7577
2,2856,17,1159,4,7578
2,2857,10,1159,5,7579
2,2857,20,1159,40,7580
2,2858,10,1159,113,7581
2,2858,12,1159,1,7582
2,2859,1,1159,1,7583
2,2859,10,1159,14,7584
2,2860,10,1159,4,7585
2,2861,25,1159,5,7586
2,2862,10,1159,1,7587
2,2863,25,1159,1,7588
2,2864,10,1159,1,7589
2,2865,10,1159,11,7590
2,2866,1,1159,2,7591
2,2866,10,1159,1,7592
2,2867,23,1159,2,7593
2,2868,10,1159,11,7594
2,2869,25,1159,4,7595
2,2870,10,1159,5,7596
2,2871,10,1159,3,7597
2,2872,10,1159,3,7598
2,2873,10,1159,3,7599
2,2874,10,1159,4,7600
2,2875,10,1159,2,7601
2,2876,10,1159,1,7602
2,2877,1,1159,1,7603
2,2877,10,1159,1,7604
2,2878,10,1159,3,7605
2,2879,10,1159,5,7606
2,2880,10,1159,2,7607
2,2881,10,1159,1,7608
2,2882,18,1159,11,7609
2,2883,10,1159,3,7610
2,2884,10,1159,1,7611
2,2885,10,1159,6,7612
2,2886,10,1159,1,7613
2,2887,10,1159,3,7614
2,2887,17,1159,2,7615
2,2888,10,1159,1,7616
2,2889,10,1159,2,7617
2,2890,10,1159,5,7618
2,2891,10,1159,4,7619
2,2892,10,1159,1,7620
2,2893,18,1159,2,7621
2,2893,25,1159,2,7622
2,2894,10,1159,40,7623
2,2895,10,1159,5,7624
2,2895,12,1159,1,7625
2,2896,10,1159,1,7626
2,2897,4,1159,1,7627
2,2897,10,1159,8,7628
2,2898,10,1159,3,7629
2,2899,10,1159,1,7630
2,2900,1,1159,1,7631
2,2900,10,1159,3,7632
2,2901,10,1159,6,7633
2,2901,12,1159,1,7634
2,2902,10,1159,8,7635
2,2903,4,1159,29,7636
2,2903,10,1159,6,7637
2,2903,22,1159,6,7638
2,2903,23,1159,8,7639
2,2903,24,1159,112,7640
2,2903,32,1159,27,7641
2,2903,33,1159,20,7642
2,2903,40,1159,95,7643
2,2903,55,1159,64,7644
2,2903,58,1159,1,7645
2,2904,10,1159,1,7646
2,2904,12,1159,1,7647
2,2905,10,1159,3,7648
2,2906,10,1159,1,7649
2,2906,12,1159,1,7650
2,2907,1,1159,1,7651
2,2907,10,1159,2,7652
2,2907,23,1159,60,7653
2,2908,10,1159,2,7654
2,2909,10,1159,1,7655
2,2910,10,1159,18,7656
2,2911,10,1159,13,7657
2,2912,10,1159,1,7658
2,2913,10,1159,4,7659
2,2914,10,1159,6,7660
2,2915,1,1159,1,7661
2,2915,10,1159,3,7662
2,2916,1,1159,4,7663
2,2916,10,1159,5,7664
2,2917,1,1159,2,7665
2,2917,10,1159,1,7666
2,2917,17,1159,2,7667
2,2918,10,1159,4,7668
2,2919,10,1159,3,7669
2,2920,1,1159,1,7670
2,2920,10,1159,1,7671
2,2921,1,1159,2,7672
2,2921,10,1159,2,7673
2,2922,1,1159,1,7674
2,2922,10,1159,1,7675
2,2923,1,1159,5,7676
2,2923,10,1159,2,7677
2,2924,10,1159,3,7678
2,2924,17,1159,2,7679
2,2925,10,1159,1,7680
2,2926,10,1159,1,7681
2,2927,10,1159,1,7682
2,2928,10,1159,6,7683
2,2928,12,1159,1,7684
2,2929,10,1159,1,7685
2,2930,10,1159,3,7686
2,2930,17,1159,2,7687
2,2931,10,1159,2,7688
2,2932,1,1159,1,7689
2,2932,10,1159,2,7690
2,2932,17,1159,2,7691
2,2933,1,1159,1,7692
2,2933,10,1159,1,7693
2,2934,1,1159,1,7694
2,2935,10,1159,1,7695
2,2936,10,1159,39,7696
2,2937,10,1159,1,7697
2,2938,10,1159,1,7698
2,2939,1,1159,2,7699
2,2939,10,1159,6,7700
2,2940,10,1159,1,7701
2,2941,10,1159,3,7702
2,2942,10,1159,1,7703
2,2943,18,1159,3,7704
2,2944,10,1159,11,7705
2,2945,10,1159,6,7706
2,2946,10,1159,2,7707
2,2947,10,1159,1,7708
2,2948,10,1159,3,7709
2,2948,12,1159,1,7710
2,2949,10,1159,1,7711
2,2950,10,1159,1,7712
2,2950,12,1159,1,7713
2,2951,1,1159,2,7714
2,2951,10,1159,2,7715
2,2952,1,1159,1,7716
2,2952,10,1159,1,7717
2,2953,10,1159,2,7718
2,2954,10,1159,1,7719
2,2955,1,1159,12,7720
2,2955,3,1159,109,7721
2,2955,4,1159,388,7722
2,2955,6,1159,29,7723
2,2955,7,1159,69,7724
2,2955,8,1159,64,7725
2,2955,9,1159,18,7726
2,2955,10,1159,165,7727
2,2955,11,1159,2,7728
2,2955,14,1159,6,7729
2,2955,17,1159,16,7730
2,2955,18,1159,29,7731
2,2955,19,1159,16,7732
2,2955,20,1159,38,7733
2,2955,24,1159,129,7734
2,2955,25,1159,16,7735
2,2955,26,1159,41,7736
2,2955,27,1159,16,7737
2,2955,28,1159,40,7738
2,2955,29,1159,26,7739
2,2955,37,1159,31,7740
2,2955,47,1159,8,7741
2,2955,48,1159,8,7742
2,2956,10,1159,1,7743
2,2956,17,1159,2,7744
2,2957,1,1159,21,7745
2,2957,3,1159,104,7746
2,2957,4,1159,322,7747
2,2957,5,1159,61,7748
2,2957,6,1159,40,7749
2,2957,7,1159,64,7750
2,2957,8,1159,62,7751
2,2957,9,1159,26,7752
2,2957,10,1159,258,7753
2,2957,11,1159,4,7754
2,2957,12,1159,1,7755
2,2957,13,1159,1,7756
2,2957,14,1159,32,7757
2,2957,17,1159,16,7758
2,2957,18,1159,48,7759
2,2957,23,1159,46,7760
2,2957,24,1159,102,7761
2,2957,25,1159,17,7762
2,2957,29,1159,5,7763
2,2957,32,1159,13,7764
2,2957,34,1159,20,7765
2,2957,40,1159,3,7766
2,2957,42,1159,23,7767
2,2957,43,1159,19,7768
2,2957,44,1159,45,7769
2,2957,45,1159,33,7770
2,2957,50,1159,9,7771
2,2957,52,1159,18,7772
2,2957,53,1159,13,7773
2,2957,55,1159,14,7774
2,2958,10,1159,7,7775
2,2959,10,1159,1,7776
2,2960,1,1159,9,7777
2,2960,3,1159,100,7778
2,2960,4,1159,231,7779
2,2960,5,1159,80,7780
2,2960,6,1159,13,7781
2,2960,7,1159,83,7782
2,2960,8,1159,84,7783
2,2960,9,1159,25,7784
2,2960,10,1159,269,7785
2,2960,11,1159,5,7786
2,2960,13,1159,4,7787
2,2960,14,1159,8,7788
2,2960,17,1159,11,7789
2,2960,18,1159,33,7790
2,2960,19,1159,10,7791
2,2960,23,1159,47,7792
2,2960,24,1159,19,7793
2,2960,25,1159,17,7794
2,2960,26,1159,18,7795
2,2960,27,1159,20,7796
2,2960,28,1159,35,7797
2,2960,29,1159,18,7798
2,2960,38,1159,14,7799
2,2960,44,1159,20,7800
2,2960,50,1159,8,7801
2,2961,1,1159,1,7802
2,2961,4,1159,19,7803
2,2961,7,1159,1,7804
2,2961,8,1159,1,7805
2,2961,9,1159,1,7806
2,2961,10,1159,2,7807
2,2961,17,1159,2,7808
2,2962,1,1159,11,7809
2,2962,2,1159,69,7810
2,2962,3,1159,105,7811
2,2962,4,1159,245,7812
2,2962,6,1159,56,7813
2,2962,7,1159,71,7814
2,2962,8,1159,67,7815
2,2962,9,1159,31,7816
2,2962,10,1159,296,7817
2,2962,11,1159,4,7818
2,2962,12,1159,4,7819
2,2962,17,1159,12,7820
2,2962,18,1159,49,7821
2,2962,19,1159,6,7822
2,2962,23,1159,40,7823
2,2962,24,1159,36,7824
2,2962,25,1159,15,7825
2,2962,26,1159,8,7826
2,2962,27,1159,12,7827
2,2962,28,1159,24,7828
2,2962,29,1159,15,7829
2,2962,37,1159,4,7830
2,2962,38,1159,20,7831
2,2962,47,1159,2,7832
2,2962,48,1159,4,7833
2,2963,10,1159,56,7834
2,2964,10,1159,1,7835
2,2965,10,1159,2,7836
2,2966,10,1159,11,7837
2,2967,10,1159,1,7838
2,2968,10,1159,1,7839
2,2969,10,1159,1,7840
2,2970,10,1159,117,7841
2,2971,10,1159,7,7842
2,2972,10,1159,3,7843
2,2973,10,1159,1,7844
2,2974,10,1159,1,7845
2,2975,1,1159,1,7846
2,2975,10,1159,1,7847
2,2976,10,1159,1,7848
2,2977,10,1159,1,7849
2,2978,10,1159,8,7850
2,2979,10,1159,1,7851
2,2980,10,1159,2,7852
2,2981,10,1159,1,7853
2,2982,1,1159,1,7854
2,2982,10,1159,1,7855
2,2983,10,1159,1,7856
2,2984,1,1159,2,7857
2,2984,10,1159,2,7858
2,2985,10,1159,4,7859
2,2986,10,1159,4,7860
2,2987,1,1159,3,7861
2,2987,10,1159,2,7862
2,2988,1,1159,1,7863
2,2988,10,1159,1,7864
2,2989,10,1159,1,7865
2,2990,10,1159,3,7866
2,2991,10,1159,1,7867
2,2992,10,1159,1,7868
2,2992,34,1159,10,7869
2,2993,24,1159,54,7870
2,2993,32,1159,12,7871
2,2993,33,1159,17,7872
2,2993,36,1159,5,7873
2,2994,10,1159,2,7874
2,2995,1,1159,2,7875
2,2995,4,1159,12,7876
2,2995,10,1159,2,7877
2,2995,17,1159,2,7878
2,2995,19,1159,2,7879
2,2995,23,1159,5,7880
2,2995,28,1159,20,7881
2,2996,1,1159,1,7882
2,2997,10,1159,1,7883
2,2998,10,1159,1,7884
2,2999,10,1159,1,7885
2,3000,10,1159,1,7886
2,3001,10,1159,1,7887
2,3002,10,1159,1,7888
2,3003,1,1159,3,7889
2,3003,10,1159,1,7890
2,3004,10,1159,1,7891
2,3005,1,1159,1,7892
2,3006,1,1159,1,7893
2,3006,10,1159,2,7894
2,3006,30,1159,8,7895
2,3007,10,1159,4,7896
2,3008,10,1159,3,7897
2,3009,10,1159,4,7898
2,3010,18,1159,6,7899
2,3011,10,1159,1,7900
2,3012,10,1159,1,7901
2,3013,10,1159,2,7902
2,3014,10,1159,4,7903
2,3015,1,1159,2,7904
2,3015,10,1159,9,7905
2,3016,10,1159,1,7906
2,3017,10,1159,1,7907
2,3018,10,1159,5,7908
2,3019,10,1159,2,7909
2,3020,10,1159,16,7910
2,3021,10,1159,4,7911
2,3022,18,1159,21,7912
2,3023,10,1159,1,7913
2,3024,10,1159,4,7914
2,3024,12,1159,1,7915
2,3025,1,1159,1,7916
2,3025,10,1159,1,7917
2,3026,1,1159,1,7918
2,3026,10,1159,1,7919
2,3027,10,1159,7,7920
2,3028,10,1159,1,7921
2,3029,1,1159,2,7922
2,3029,10,1159,7,7923
2,3030,10,1159,1,7924
2,3031,1,1159,1,7925
2,3032,10,1159,1,7926
2,3033,10,1159,20,7927
2,3034,10,1159,3,7928
2,3035,1,1159,2,7929
2,3035,2,1159,3,7930
2,3035,3,1159,19,7931
2,3035,4,1159,142,7932
2,3035,6,1159,15,7933
2,3035,7,1159,7,7934
2,3035,8,1159,8,7935
2,3035,9,1159,8,7936
2,3035,10,1159,35,7937
2,3035,11,1159,1,7938
2,3035,17,1159,9,7939
2,3035,19,1159,1,7940
2,3035,26,1159,2,7941
2,3035,27,1159,10,7942
2,3035,28,1159,23,7943
2,3035,29,1159,2,7944
2,3035,30,1159,24,7945
2,3036,1,1159,1,7946
2,3036,10,1159,4,7947
2,3037,10,1159,1,7948
2,3038,10,1159,1,7949
2,3038,20,1159,25,7950
2,3038,21,1159,6,7951
2,3039,1,1159,2,7952
2,3039,4,1159,5,7953
2,3039,6,1159,1,7954
2,3039,7,1159,1,7955
2,3039,8,1159,1,7956
2,3039,9,1159,1,7957
2,3039,10,1159,4,7958
2,3039,17,1159,2,7959
2,3040,1,1159,3,7960
2,3040,10,1159,11,7961
2,3041,18,1159,8,7962
2,3042,1,1159,1,7963
2,3042,10,1159,4,7964
2,3043,10,1159,1,7965
2,3044,10,1159,5,7966
2,3045,1,1159,1,7967
2,3045,10,1159,1,7968
2,3046,10,1159,3,7969
2,3047,10,1159,1,7970
2,3048,10,1159,3,7971
2,3049,10,1159,2,7972
2,3050,10,1159,2,7973
2,3051,10,1159,5,7974
2,3052,10,1159,1,7975
2,3053,10,1159,2,7976
2,3054,1,1159,1,7977
2,3054,4,1159,12,7978
2,3054,6,1159,1,7979
2,3054,7,1159,4,7980
2,3054,8,1159,3,7981
2,3054,9,1159,1,7982
2,3054,10,1159,2,7983
2,3054,17,1159,2,7984
2,3055,10,1159,1,7985
2,3055,20,1159,84,7986
2,3056,10,1159,1,7987
2,3056,17,1159,2,7988
2,3057,10,1159,2,7989
2,3058,10,1159,1,7990
2,3058,17,1159,2,7991
2,3059,1,1159,1,7992
2,3059,10,1159,2,7993
2,3060,10,1159,1,7994
2,3061,10,1159,6,7995
2,3062,10,1159,1,7996
2,3063,10,1159,20,7997
2,3064,4,1159,141,7998
2,3064,7,1159,50,7999
2,3064,8,1159,51,8000
2,3064,9,1159,2,8001
2,3064,10,1159,16,8002
2,3064,17,1159,6,8003
2,3064,18,1159,1,8004
2,3064,19,1159,18,8005
2,3064,25,1159,1,8006
2,3064,28,1159,17,8007
2,3065,1,1159,2,8008
2,3065,10,1159,2,8009
2,3066,10,1159,3,8010
2,3067,10,1159,3,8011
2,3068,1,1159,1,8012
2,3068,10,1159,1,8013
2,3069,10,1159,5,8014
2,3070,10,1159,2,8015
2,3071,10,1159,4,8016
2,3072,10,1159,2,8017
2,3073,1,1159,1,8018
2,3073,10,1159,1,8019
2,3073,25,1159,1,8020
2,3074,1,1159,1,8021
2,3074,10,1159,1,8022
2,3074,12,1159,1,8023
2,3075,10,1159,1,8024
2,3075,18,1159,1,8025
2,3076,10,1159,1,8026
2,3077,1,1159,1,8027
2,3078,10,1159,1,8028
2,3079,10,1159,11,8029
2,3080,10,1159,1,8030
2,3080,18,1159,3,8031
2,3081,1,1159,1,8032
2,3081,10,1159,1,8033
2,3082,10,1159,14,8034
2,3083,10,1159,1,8035
2,3084,10,1159,3,8036
2,3085,10,1159,1,8037
2,3086,10,1159,5,8038
2,3087,10,1159,1,8039
2,3088,1,1159,1,8040
2,3088,10,1159,1,8041
2,3089,10,1159,5,8042
2,3090,1,1159,1,8043
2,3090,10,1159,3,8044
2,3091,10,1159,1,8045
2,3092,10,1159,3,8046
2,3093,10,1159,3,8047
2,3094,10,1159,1,8048
2,3095,10,1159,1,8049
2,3095,17,1159,3,8050
2,3096,1,1159,1,8051
2,3096,10,1159,2,8052
2,3097,10,1159,1,8053
2,3098,10,1159,1,8054
2,3099,1,1159,1,8055
2,3099,10,1159,1,8056
2,3100,10,1159,4,8057
2,3101,10,1159,2,8058
2,3101,24,1159,180,8059
2,3101,32,1159,20,8060
2,3102,10,1159,1,8061
2,3103,10,1159,1,8062
2,3104,10,1159,1,8063
2,3105,1,1159,1,8064
2,3105,4,1159,85,8065
2,3105,7,1159,7,8066
2,3105,8,1159,8,8067
2,3105,9,1159,4,8068
2,3105,10,1159,1,8069
2,3105,17,1159,3,8070
2,3105,19,1159,4,8071
2,3105,28,1159,10,8072
2,3106,1,1159,1,8073
2,3106,10,1159,75,8074
2,3107,10,1159,10,8075
2,3108,10,1159,1,8076
2,3109,10,1159,1,8077
2,3110,18,1159,1,8078
2,3110,25,1159,1,8079
2,3111,1,1159,1,8080
2,3111,10,1159,1,8081
2,3112,1,1159,4,8082
2,3112,4,1159,22,8083
2,3112,10,1159,12,8084
2,3112,17,1159,2,8085
2,3112,19,1159,13,8086
2,3112,28,1159,13,8087
2,3113,10,1159,1,8088
2,3114,4,1159,44,8089
2,3114,10,1159,1,8090
2,3114,40,1159,1,8091
2,3114,55,1159,1,8092
2,3115,10,1159,3,8093
2,3116,10,1159,1,8094
2,3117,10,1159,4,8095
2,3118,10,1159,1,8096
2,3119,10,1159,3,8097
2,3120,10,1159,18,8098
2,3121,18,1159,1,8099
2,3122,1,1159,1,8100
2,3122,4,1159,7,8101
2,3122,10,1159,1,8102
2,3122,17,1159,2,8103
2,3123,10,1159,2,8104
2,3124,10,1159,1,8105
2,3125,18,1159,7,8106
2,3126,10,1159,4,8107
2,3127,10,1159,2,8108
2,3128,1,1159,1,8109
2,3128,10,1159,1,8110
2,3129,1,1159,1,8111
2,3129,10,1159,7,8112
2,3129,17,1159,1,8113
2,3130,10,1159,6,8114
2,3131,10,1159,1,8115
2,3132,10,1159,1,8116
2,3133,10,1159,1,8117
2,3134,1,1159,1,8118
2,3134,10,1159,2,8119
2,3135,10,1159,1,8120
2,3136,10,1159,3,8121
2,3137,10,1159,1,8122
2,3138,10,1159,2,8123
2,3139,1,1159,1,8124
2,3139,10,1159,3,8125
2,3140,10,1159,1,8126
2,3141,10,1159,1,8127
2,3142,10,1159,3,8128
2,3143,10,1159,1,8129
2,3144,10,1159,3,8130
2,3145,10,1159,1,8131
2,3146,10,1159,1,8132
2,3147,1,1159,1,8133
2,3147,10,1159,6,8134
2,3148,10,1159,2,8135
2,3149,10,1159,6,8136
2,3150,10,1159,60,8137
2,3151,10,1159,9,8138
2,3152,18,1159,3,8139
2,3152,25,1159,5,8140
2,3153,1,1159,9,8141
2,3153,10,1159,5,8142
2,3154,10,1159,2,8143
2,3155,10,1159,4,8144
2,3156,1,1159,2,8145
2,3156,10,1159,1,8146
2,3157,10,1159,2,8147
2,3158,10,1159,1,8148
2,3159,1,1159,1,8149
2,3159,10,1159,32,8150
2,3159,22,1159,10,8151
2,3159,24,1159,122,8152
2,3159,32,1159,35,8153
2,3159,34,1159,30,8154
2,3159,58,1159,9,8155
2,3160,1,1159,1,8156
2,3160,10,1159,3,8157
2,3161,10,1159,1,8158
2,3162,10,1159,2,8159
2,3163,10,1159,1,8160
2,3164,10,1159,1,8161
2,3165,10,1159,6,8162
2,3166,10,1159,2,8163
2,3167,10,1159,2,8164
2,3168,18,1159,2,8165
2,3168,25,1159,2,8166
2,3169,10,1159,4,8167
2,3170,10,1159,5,8168
2,3171,10,1159,1,8169
2,3172,1,1159,1,8170
2,3172,10,1159,1,8171
2,3173,10,1159,2,8172
2,3174,10,1159,4,8173
2,3175,10,1159,2,8174
2,3176,1,1159,1,8175
2,3176,10,1159,1,8176
2,3177,10,1159,6,8177
2,3178,10,1159,3,8178
2,3179,10,1159,2,8179
2,3180,10,1159,4,8180
2,3181,10,1159,1,8181
2,3182,10,1159,2,8182
2,3183,10,1159,5,8183
2,3184,1,1159,4,8184
2,3184,10,1159,38,8185
2,3185,10,1159,1,8186
2,3185,24,1159,8,8187
2,3186,10,1159,3,8188
2,3187,18,1159,2,8189
2,3187,25,1159,1,8190
2,3188,10,1159,1,8191
2,3189,10,1159,2,8192
2,3190,10,1159,4,8193
2,3191,1,1159,2,8194
2,3191,10,1159,4,8195
2,3192,10,1159,1,8196
2,3193,10,1159,4,8197
2,3194,10,1159,1,8198
2,3195,1,1159,1,8199
2,3195,10,1159,1,8200
2,3196,10,1159,1,8201
2,3197,10,1159,4,8202
2,3198,1,1159,5,8203
2,3198,10,1159,2,8204
2,3199,10,1159,2,8205
2,3200,10,1159,3,8206
2,3201,1,1159,0,8207
2,3201,10,1159,3,8208
2,3202,18,1159,4,8209
2,3203,18,1159,10,8210
2,3204,10,1159,1,8211
2,3205,10,1159,1,8212
2,3206,10,1159,5,8213
2,3207,10,1159,1,8214
2,3208,10,1159,4,8215
2,3209,10,1159,2,8216
2,3210,10,1159,3,8217
2,3211,10,1159,3,8218
2,3212,10,1159,2,8219
2,3213,1,1159,2,8220
2,3213,10,1159,2,8221
2,3214,10,1159,8,8222
2,3215,10,1159,1,8223
2,3216,10,1159,1,8224
2,3217,10,1159,7,8225
2,3218,10,1159,1,8226
2,3219,1,1159,8,8227
2,3219,3,1159,7,8228
2,3219,4,1159,112,8229
2,3219,10,1159,70,8230
2,3219,15,1159,1,8231
2,3219,17,1159,5,8232
2,3219,19,1159,7,8233
2,3219,28,1159,28,8234
2,3219,30,1159,52,8235
2,3219,41,1159,16,8236
2,3219,47,1159,3,8237
2,3219,48,1159,1,8238
2,3219,49,1159,1,8239
2,3220,10,1159,2,8240
2,3221,1,1159,1,8241
2,3221,10,1159,2,8242
2,3222,10,1159,3,8243
2,3223,10,1159,1,8244
2,3224,10,1159,3,8245
2,3225,10,1159,1,8246
2,3226,10,1159,1,8247
2,3227,10,1159,2,8248
2,3228,10,1159,1,8249
2,3229,10,1159,1,8250
2,3230,10,1159,1,8251
2,3231,10,1159,3,8252
2,3232,10,1159,1,8253
2,3233,10,1159,2,8254
2,3234,1,1159,4,8255
2,3234,10,1159,1,8256
2,3235,10,1159,6,8257
2,3236,10,1159,3,8258
2,3237,10,1159,3,8259
2,3238,1,1306,2,8260
2,3238,2,1306,1,8261
2,3238,3,1306,4,8262
2,3238,4,1306,8,8263
2,3238,6,1306,2,8264
2,3238,7,1306,4,8265
2,3238,8,1306,4,8266
2,3238,9,1306,1,8267
2,3238,10,1306,21,8268
2,3238,11,1306,1,8269
2,3238,18,1306,4,8270
2,3239,10,1306,3,8271
2,3240,1,1307,1,8272
2,3240,2,1307,2,8273
2,3240,6,1307,1,8274
2,3240,7,1307,2,8275
2,3240,8,1307,2,8276
2,3240,9,1307,2,8277
2,3240,10,1307,5,8278
2,3240,11,1307,1,8279
2,3240,18,1307,2,8280
2,3241,1,1308,1,8281
2,3241,10,1308,6,8282
2,3242,1,1309,1,8283
2,3242,3,1309,1,8284
2,3242,4,1309,6,8285
2,3242,5,1309,1,8286
2,3242,6,1309,1,8287
2,3242,7,1309,2,8288
2,3242,8,1309,1,8289
2,3242,9,1309,1,8290
2,3242,10,1309,9,8291
2,3242,11,1309,1,8292
2,3242,12,1309,1,8293
2,3242,18,1309,4,8294
2,3243,1,1310,1,8295
2,3243,3,1310,3,8296
2,3243,4,1310,12,8297
2,3243,6,1310,2,8298
2,3243,7,1310,5,8299
2,3243,8,1310,5,8300
2,3243,9,1310,2,8301
2,3243,10,1310,37,8302
2,3243,11,1310,4,8303
2,3243,18,1310,4,8304
2,3244,10,1310,2,8305
2,3245,1,1310,1,8306
2,3245,10,1310,1,8307
2,3246,10,1310,16,8308
2,3247,1,1310,1,8309
2,3247,10,1310,1,8310
2,3248,10,1310,3,8311
2,3249,1,1310,1,8312
2,3249,10,1310,1,8313
2,3250,1,1310,1,8314
2,3250,10,1310,5,8315
2,3251,1,1310,1,8316
2,3251,10,1310,2,8317
2,3252,1,1310,1,8318
2,3252,10,1310,2,8319
2,3253,1,1311,1,8320
2,3253,6,1311,2,8321
2,3253,7,1311,3,8322
2,3253,8,1311,5,8323
2,3253,9,1311,1,8324
2,3253,10,1311,4,8325
2,3253,11,1311,1,8326
2,3253,18,1311,1,8327
2,3254,10,1311,2,8328
2,3255,1,1312,1,8329
2,3255,2,1312,2,8330
2,3255,3,1312,2,8331
2,3255,4,1312,8,8332
2,3255,6,1312,2,8333
2,3255,7,1312,2,8334
2,3255,8,1312,2,8335
2,3255,9,1312,1,8336
2,3255,10,1312,8,8337
2,3255,11,1312,1,8338
2,3255,18,1312,4,8339
2,3256,10,1312,4,8340
2,3257,1,1313,1,8341
2,3257,3,1313,5,8342
2,3257,4,1313,6,8343
2,3257,6,1313,1,8344
2,3257,7,1313,2,8345
2,3257,8,1313,2,8346
2,3257,9,1313,1,8347
2,3257,10,1313,13,8348
2,3257,11,1313,1,8349
2,3257,18,1313,4,8350
2,3258,1,1313,1,8351
2,3258,10,1313,1,8352
2,3259,1,1313,1,8353
2,3259,10,1313,11,8354
2,3260,10,1313,2,8355
2,3261,1,1314,1,8356
2,3261,3,1314,2,8357
2,3261,4,1314,8,8358
2,3261,6,1314,2,8359
2,3261,7,1314,2,8360
2,3261,8,1314,2,8361
2,3261,9,1314,2,8362
2,3261,10,1314,10,8363
2,3261,11,1314,1,8364
2,3261,18,1314,3,8365
2,3262,1,1315,2,8366
2,3262,5,1315,1,8367
2,3262,6,1315,1,8368
2,3262,7,1315,2,8369
2,3262,8,1315,2,8370
2,3262,9,1315,1,8371
2,3262,10,1315,8,8372
2,3262,11,1315,1,8373
2,3262,18,1315,2,8374
2,3263,1,1315,2,8375
2,3263,10,1315,2,8376
2,3264,1,1316,1,8377
2,3264,6,1316,1,8378
2,3264,7,1316,2,8379
2,3264,8,1316,2,8380
2,3264,9,1316,1,8381
2,3264,10,1316,7,8382
2,3264,18,1316,1,8383
2,3265,1,1317,5,8384
2,3265,2,1317,1,8385
2,3265,3,1317,2,8386
2,3265,4,1317,5,8387
2,3265,6,1317,1,8388
2,3265,7,1317,2,8389
2,3265,8,1317,2,8390
2,3265,9,1317,1,8391
2,3265,10,1317,19,8392
2,3265,11,1317,1,8393
2,3265,18,1317,4,8394
2,3266,10,1318,4,8395
2,3267,10,1318,32,8396
2,3267,12,1318,2,8397
2,3267,18,1318,3,8398
2,3268,10,1319,3,8399
2,3269,1,1318,1,8400
2,3269,10,1318,3,8401
2,3270,1,1318,1,8402
2,3270,10,1318,4,8403
2,3271,1,1318,1,8404
2,3271,3,1318,14,8405
2,3271,4,1318,44,8406
2,3271,5,1318,1,8407
2,3271,6,1318,3,8408
2,3271,7,1318,11,8409
2,3271,8,1318,11,8410
2,3271,9,1318,3,8411
2,3271,10,1318,38,8412
2,3271,11,1318,1,8413
2,3271,16,1318,3,8414
2,3271,17,1318,3,8415
2,3271,18,1318,1,8416
2,3271,19,1318,9,8417
2,3271,25,1318,2,8418
2,3271,28,1318,6,8419
2,3272,10,1318,1,8420
2,3272,12,1318,1,8421
2,3273,1,1318,1,8422
2,3273,10,1318,3,8423
2,3274,12,1308,1,8424
2,3274,18,1308,4,8425
2,3275,10,1318,3,8426
2,3275,23,1318,12,8427
2,3276,10,1318,8,8428
2,3277,1,1318,1,8429
2,3277,10,1318,1,8430
2,3277,20,1318,1,8431
2,3277,22,1318,30,8432
2,3277,24,1318,10,8433
2,3277,34,1318,25,8434
2,3278,1,1318,1,8435
2,3278,10,1318,3,8436
2,3279,10,1318,2,8437
2,3280,10,1318,2,8438
2,3281,10,1318,1,8439
2,3282,1,1320,1,8440
2,3282,6,1320,1,8441
2,3282,7,1320,1,8442
2,3282,8,1320,1,8443
2,3282,9,1320,1,8444
2,3282,10,1320,1,8445
2,3282,18,1320,2,8446
2,3283,1,1321,1,8447
2,3283,2,1321,5,8448
2,3283,3,1321,1,8449
2,3283,4,1321,4,8450
2,3283,6,1321,1,8451
2,3283,7,1321,3,8452
2,3283,8,1321,3,8453
2,3283,9,1321,1,8454
2,3283,10,1321,1,8455
2,3283,11,1321,1,8456
2,3283,18,1321,2,8457
2,3284,1,1322,1,8458
2,3284,3,1322,2,8459
2,3284,4,1322,4,8460
2,3284,6,1322,4,8461
2,3284,7,1322,3,8462
2,3284,8,1322,3,8463
2,3284,9,1322,2,8464
2,3284,10,1322,5,8465
2,3284,11,1322,1,8466
2,3284,18,1322,3,8467
2,3285,10,1323,4,8468
2,3286,31,1323,24,8469
2,3286,57,1323,24,8470
2,3287,1,1323,10,8471
2,3287,10,1323,63,8472
2,3287,18,1323,4,8473
2,3288,10,1323,3,8474
2,3289,10,1323,2,8475
2,3290,1,1323,2,8476
2,3290,3,1323,24,8477
2,3290,4,1323,71,8478
2,3290,5,1323,37,8479
2,3290,6,1323,18,8480
2,3290,7,1323,27,8481
2,3290,8,1323,36,8482
2,3290,9,1323,6,8483
2,3290,10,1323,35,8484
2,3290,11,1323,1,8485
2,3290,17,1323,6,8486
2,3290,19,1323,10,8487
2,3290,25,1323,3,8488
2,3290,26,1323,2,8489
2,3290,27,1323,5,8490
2,3290,28,1323,33,8491
2,3290,29,1323,1,8492
2,3290,37,1323,1,8493
2,3290,38,1323,1,8494
2,3290,39,1323,1,8495
2,3290,45,1323,5,8496
2,3290,55,1323,4,8497
2,3291,10,1323,7,8498
2,3292,1,1323,1,8499
2,3293,10,1323,2,8500
2,3293,22,1323,15,8501
2,3293,24,1323,9,8502
2,3293,32,1323,2,8503
2,3293,33,1323,20,8504
2,3293,34,1323,10,8505
2,3293,36,1323,5,8506
2,3293,54,1323,3,8507
2,3294,1,1323,7,8508
2,3294,10,1323,9,8509
2,3295,17,1323,1,8510
2,3295,26,1323,3,8511
2,3295,27,1323,12,8512
2,3295,29,1323,15,8513
2,3296,25,1323,5,8514
2,3297,1,1323,1,8515
2,3297,10,1323,4,8516
2,3298,10,1323,12,8517
2,3299,1,1323,1,8518
2,3299,10,1323,1,8519
2,3300,10,1323,1,8520
2,3300,25,1323,1,8521
2,3301,10,1323,6,8522
2,3301,17,1323,1,8523
2,3302,10,1323,1,8524
2,3303,10,1323,5,8525
2,3304,10,1323,12,8526
2,3305,10,1323,7,8527
2,3306,10,1323,6,8528
2,3307,10,1323,4,8529
2,3307,25,1323,1,8530
2,3308,10,1323,4,8531
2,3309,1,1323,2,8532
2,3309,3,1323,5,8533
2,3309,4,1323,39,8534
2,3309,10,1323,7,8535
2,3309,11,1323,1,8536
2,3309,16,1323,2,8537
2,3309,17,1323,2,8538
2,3309,19,1323,12,8539
2,3309,26,1323,3,8540
2,3309,27,1323,2,8541
2,3309,28,1323,6,8542
2,3309,29,1323,6,8543
2,3309,30,1323,10,8544
2,3309,38,1323,5,8545
2,3309,39,1323,3,8546
2,3310,10,1323,2,8547
2,3311,10,1323,2,8548
2,3312,10,1323,3,8549
2,3313,1,1323,1,8550
2,3313,10,1323,2,8551
2,3313,23,1323,30,8552
2,3314,24,1323,3,8553
2,3314,33,1323,3,8554
2,3314,54,1323,6,8555
2,3314,58,1323,6,8556
2,3315,1,1323,1,8557
2,3315,10,1323,1,8558
2,3316,1,1323,1,8559
2,3317,10,1323,3,8560
2,3317,20,1323,6,8561
2,3317,24,1323,6,8562
2,3317,33,1323,6,8563
2,3318,1,1323,2,8564
2,3318,10,1323,2,8565
2,3319,1,1323,1,8566
2,3319,10,1323,1,8567
2,3320,1,1323,1,8568
2,3320,10,1323,1,8569
2,3321,10,1323,8,8570
2,3322,1,1323,1,8571
2,3322,10,1323,1,8572
2,3323,10,1323,1,8573
2,3324,10,1323,3,8574
2,3325,1,1323,2,8575
2,3325,4,1323,10,8576
2,3325,10,1323,2,8577
2,3325,40,1323,18,8578
2,3325,55,1323,5,8579
2,3326,1,1319,1,8580
2,3326,10,1319,1,8581
2,3327,1,1319,3,8582
2,3327,3,1319,2,8583
2,3327,4,1319,6,8584
2,3327,6,1319,2,8585
2,3327,7,1319,2,8586
2,3327,8,1319,2,8587
2,3327,9,1319,1,8588
2,3327,10,1319,25,8589
2,3327,11,1319,1,8590
2,3327,18,1319,4,8591
2,3328,1,1324,1,8592
2,3328,3,1324,1,8593
2,3328,4,1324,2,8594
2,3328,10,1324,3,8595
2,3329,10,1319,3,8596
2,3330,1,1325,1,8597
2,3330,3,1325,2,8598
2,3330,4,1325,4,8599
2,3330,10,1325,6,8600
2,3330,18,1325,1,8601
2,3331,10,1326,4,8602
2,3332,10,1326,1,8603
2,3333,10,1326,1,8604
2,3334,1,1326,4,8605
2,3334,3,1326,3,8606
2,3334,4,1326,6,8607
2,3334,5,1326,3,8608
2,3334,6,1326,4,8609
2,3334,7,1326,3,8610
2,3334,8,1326,6,8611
2,3334,9,1326,3,8612
2,3334,10,1326,34,8613
2,3334,11,1326,1,8614
2,3334,18,1326,2,8615
2,3335,1,1326,1,8616
2,3335,10,1326,2,8617
2,3336,1,1326,1,8618
2,3336,10,1326,1,8619
2,3337,10,1326,10,8620
2,3338,10,1326,2,8621
2,3339,10,1326,1,8622
2,3340,1,1213,1,8623
2,3340,10,1213,4,8624
2,3341,1,1213,1,8625
2,3341,2,1213,15,8626
2,3341,3,1213,14,8627
2,3341,4,1213,32,8628
2,3341,6,1213,8,8629
2,3341,7,1213,8,8630
2,3341,8,1213,16,8631
2,3341,9,1213,3,8632
2,3341,10,1213,11,8633
2,3341,11,1213,1,8634
2,3341,17,1213,2,8635
2,3341,25,1213,2,8636
2,3342,10,1213,4,8637
2,3343,10,1213,2,8638
2,3344,1,1213,1,8639
2,3344,10,1213,5,8640
2,3345,10,1213,4,8641
2,3346,1,1213,1,8642
2,3346,5,1213,4,8643
2,3346,6,1213,2,8644
2,3346,7,1213,3,8645
2,3346,8,1213,2,8646
2,3346,9,1213,1,8647
2,3346,10,1213,21,8648
2,3346,11,1213,2,8649
2,3346,18,1213,3,8650
2,3347,1,1213,1,8651
2,3347,10,1213,1,8652
2,3348,1,1213,3,8653
2,3348,10,1213,3,8654
2,3348,24,1213,6,8655
2,3348,32,1213,3,8656
2,3348,33,1213,5,8657
2,3348,36,1213,3,8658
2,3349,10,1213,3,8659
2,3350,10,1213,1,8660
2,3351,1,1213,1,8661
2,3351,10,1213,3,8662
2,3352,1,1213,2,8663
2,3352,10,1213,6,8664
2,3352,20,1213,44,8665
2,3352,22,1213,35,8666
2,3352,24,1213,20,8667
2,3352,34,1213,10,8668
2,3352,41,1213,2,8669
2,3352,54,1213,2,8670
2,3352,58,1213,2,8671
2,3353,1,1213,1,8672
2,3353,10,1213,7,8673
2,3354,1,1327,1,8674
2,3354,3,1327,3,8675
2,3354,4,1327,3,8676
2,3354,6,1327,3,8677
2,3354,7,1327,3,8678
2,3354,8,1327,3,8679
2,3354,9,1327,1,8680
2,3354,10,1327,6,8681
2,3354,11,1327,1,8682
2,3354,18,1327,2,8683
2,3355,1,1328,2,8684
2,3355,2,1328,2,8685
2,3355,3,1328,3,8686
2,3355,4,1328,6,8687
2,3355,6,1328,4,8688
2,3355,7,1328,6,8689
2,3355,8,1328,6,8690
2,3355,9,1328,2,8691
2,3355,10,1328,10,8692
2,3355,11,1328,1,8693
2,3355,18,1328,3,8694
2,3356,1,1329,1,8695
2,3356,2,1329,2,8696
2,3356,6,1329,1,8697
2,3356,7,1329,2,8698
2,3356,8,1329,2,8699
2,3356,9,1329,1,8700
2,3356,10,1329,4,8701
2,3356,11,1329,1,8702
2,3356,18,1329,1,8703
2,3357,1,1330,2,8704
2,3357,2,1330,2,8705
2,3357,3,1330,2,8706
2,3357,4,1330,5,8707
2,3357,6,1330,3,8708
2,3357,7,1330,3,8709
2,3357,8,1330,4,8710
2,3357,9,1330,1,8711
2,3357,10,1330,12,8712
2,3357,11,1330,1,8713
2,3357,18,1330,2,8714
2,3358,1,1330,1,8715
2,3358,10,1330,4,8716
2,3359,1,1330,2,8717
2,3359,10,1330,8,8718
2,3360,1,1331,1,8719
2,3360,2,1331,4,8720
2,3360,3,1331,2,8721
2,3360,4,1331,8,8722
2,3360,6,1331,2,8723
2,3360,7,1331,2,8724
2,3360,8,1331,2,8725
2,3360,9,1331,1,8726
2,3360,10,1331,6,8727
2,3360,11,1331,1,8728
2,3360,18,1331,3,8729
2,3361,10,1331,1,8730
2,3362,10,1331,1,8731
2,3363,1,1332,1,8732
2,3363,4,1332,2,8733
2,3363,6,1332,2,8734
2,3363,7,1332,1,8735
2,3363,8,1332,1,8736
2,3363,9,1332,1,8737
2,3363,10,1332,10,8738
2,3363,11,1332,2,8739
2,3363,18,1332,1,8740
2,3364,10,1332,2,8741
2,3365,1,1333,3,8742
2,3365,2,1333,2,8743
2,3365,4,1333,4,8744
2,3365,6,1333,2,8745
2,3365,7,1333,2,8746
2,3365,8,1333,2,8747
2,3365,9,1333,1,8748
2,3365,10,1333,9,8749
2,3365,11,1333,1,8750
2,3365,18,1333,2,8751
2,3366,1,1333,1,8752
2,3366,10,1333,1,8753
2,3367,10,1333,3,8754
2,3368,1,1334,2,8755
2,3368,2,1334,2,8756
2,3368,6,1334,1,8757
2,3368,7,1334,1,8758
2,3368,8,1334,1,8759
2,3368,9,1334,2,8760
2,3368,10,1334,7,8761
2,3368,11,1334,1,8762
2,3368,18,1334,3,8763
2,3369,1,1335,1,8764
2,3369,3,1335,2,8765
2,3369,4,1335,4,8766
2,3369,6,1335,2,8767
2,3369,7,1335,3,8768
2,3369,8,1335,3,8769
2,3369,9,1335,2,8770
2,3369,10,1335,8,8771
2,3369,11,1335,1,8772
2,3369,18,1335,3,8773
2,3370,10,1335,1,8774
2,3371,10,1335,9,8775
2,3372,1,1336,2,8776
2,3372,2,1336,2,8777
2,3372,3,1336,2,8778
2,3372,4,1336,4,8779
2,3372,7,1336,2,8780
2,3372,8,1336,2,8781
2,3372,9,1336,1,8782
2,3372,10,1336,5,8783
2,3372,11,1336,1,8784
2,3372,18,1336,3,8785
2,3373,10,1337,5,8786
2,3374,10,1337,1,8787
2,3375,1,1337,2,8788
2,3375,3,1337,4,8789
2,3375,4,1337,12,8790
2,3375,6,1337,1,8791
2,3375,7,1337,4,8792
2,3375,8,1337,4,8793
2,3375,9,1337,2,8794
2,3375,10,1337,18,8795
2,3375,11,1337,1,8796
2,3375,18,1337,4,8797
2,3376,10,1337,9,8798
2,3377,10,1337,9,8799
2,3378,1,1337,1,8800
2,3378,10,1337,1,8801
2,3378,17,1337,1,8802
2,3379,1,1337,6,8803
2,3379,10,1337,1,8804
2,3380,10,1337,1,8805
2,3381,1,1338,3,8806
2,3381,3,1338,3,8807
2,3381,4,1338,6,8808
2,3381,6,1338,2,8809
2,3381,7,1338,3,8810
2,3381,8,1338,3,8811
2,3381,9,1338,3,8812
2,3381,10,1338,8,8813
2,3381,11,1338,1,8814
2,3381,12,1338,2,8815
2,3381,18,1338,4,8816
2,3382,10,1338,5,8817
2,3383,1,1339,1,8818
2,3383,2,1339,3,8819
2,3383,3,1339,3,8820
2,3383,4,1339,6,8821
2,3383,6,1339,3,8822
2,3383,7,1339,2,8823
2,3383,8,1339,2,8824
2,3383,9,1339,1,8825
2,3383,10,1339,12,8826
2,3383,11,1339,1,8827
2,3383,18,1339,4,8828
2,3384,1,1340,3,8829
2,3384,2,1340,2,8830
2,3384,6,1340,1,8831
2,3384,7,1340,2,8832
2,3384,8,1340,3,8833
2,3384,9,1340,3,8834
2,3384,10,1340,12,8835
2,3384,11,1340,1,8836
2,3384,18,1340,2,8837
2,3385,10,1340,1,8838
2,3386,1,1340,1,8839
2,3386,10,1340,1,8840
2,3386,12,1340,1,8841
2,3387,22,1341,21,8842
2,3387,24,1341,15,8843
2,3387,32,1341,21,8844
2,3387,33,1341,13,8845
2,3387,34,1341,21,8846
2,3387,36,1341,8,8847
2,3388,1,1341,1,8848
2,3388,2,1341,2,8849
2,3388,6,1341,2,8850
2,3388,7,1341,4,8851
2,3388,8,1341,4,8852
2,3388,9,1341,1,8853
2,3388,10,1341,12,8854
2,3388,11,1341,1,8855
2,3388,18,1341,2,8856
2,3389,10,1341,4,8857
2,3390,10,1341,5,8858
2,3391,1,1342,1,8859
2,3391,3,1342,4,8860
2,3391,4,1342,10,8861
2,3391,6,1342,2,8862
2,3391,7,1342,5,8863
2,3391,8,1342,5,8864
2,3391,9,1342,2,8865
2,3391,10,1342,13,8866
2,3391,11,1342,1,8867
2,3391,18,1342,6,8868
2,3391,25,1342,1,8869
2,3392,1,1342,1,8870
2,3392,10,1342,3,8871
2,3392,12,1342,1,8872
2,3393,1,1342,1,8873
2,3394,1,1343,1,8874
2,3394,3,1343,9,8875
2,3394,4,1343,34,8876
2,3394,6,1343,4,8877
2,3394,7,1343,7,8878
2,3394,8,1343,7,8879
2,3394,9,1343,2,8880
2,3394,10,1343,12,8881
2,3394,11,1343,1,8882
2,3394,16,1343,2,8883
2,3394,17,1343,2,8884
2,3394,18,1343,2,8885
2,3394,25,1343,1,8886
2,3395,2,1344,2,8887
2,3395,6,1344,2,8888
2,3395,7,1344,4,8889
2,3395,8,1344,4,8890
2,3395,9,1344,2,8891
2,3395,10,1344,7,8892
2,3395,11,1344,1,8893
2,3395,18,1344,3,8894
2,3396,10,1344,4,8895
2,3397,1,1345,1,8896
2,3397,3,1345,4,8897
2,3397,4,1345,7,8898
2,3397,6,1345,2,8899
2,3397,7,1345,3,8900
2,3397,8,1345,2,8901
2,3397,9,1345,1,8902
2,3397,10,1345,3,8903
2,3397,11,1345,1,8904
2,3397,18,1345,1,8905
2,3398,1,1345,1,8906
2,3398,10,1345,2,8907
2,3399,1,1346,1,8908
2,3399,10,1346,4,8909
2,3400,1,1346,4,8910
2,3400,2,1346,2,8911
2,3400,3,1346,2,8912
2,3400,4,1346,8,8913
2,3400,6,1346,2,8914
2,3400,7,1346,4,8915
2,3400,8,1346,2,8916
2,3400,9,1346,1,8917
2,3400,10,1346,12,8918
2,3400,11,1346,1,8919
2,3400,12,1346,1,8920
2,3400,18,1346,3,8921
2,3401,10,1347,5,8922
2,3402,10,1347,1,8923
2,3403,10,1347,4,8924
2,3404,1,1347,1,8925
2,3404,10,1347,3,8926
2,3404,23,1347,17,8927
2,3405,1,1347,1,8928
2,3405,10,1347,8,8929
2,3406,10,1347,1,8930
2,3407,1,1347,3,8931
2,3407,2,1347,2,8932
2,3407,3,1347,3,8933
2,3407,4,1347,6,8934
2,3407,6,1347,3,8935
2,3407,7,1347,3,8936
2,3407,8,1347,3,8937
2,3407,9,1347,3,8938
2,3407,10,1347,24,8939
2,3407,11,1347,1,8940
2,3407,18,1347,3,8941
2,3408,18,1347,1,8942
2,3408,25,1347,7,8943
2,3409,10,1347,2,8944
2,3410,21,1347,50,8945
2,3411,4,1347,2,8946
2,3411,40,1347,11,8947
2,3412,10,1347,4,8948
2,3413,1,1347,2,8949
2,3413,10,1347,4,8950
2,3413,20,1347,40,8951
2,3413,21,1347,15,8952
2,3413,22,1347,40,8953
2,3413,24,1347,30,8954
2,3413,32,1347,10,8955
2,3413,33,1347,40,8956
2,3413,34,1347,20,8957
2,3413,36,1347,10,8958
2,3413,41,1347,5,8959
2,3413,54,1347,10,8960
2,3413,56,1347,5,8961
2,3413,58,1347,10,8962
2,3414,10,1347,2,8963
2,3414,17,1347,1,8964
2,3415,10,1347,6,8965
2,3416,1,1347,2,8966
2,3417,10,1347,1,8967
2,3418,1,1347,1,8968
2,3418,10,1347,2,8969
2,3419,10,1347,1,8970
2,3419,12,1347,1,8971
2,3419,34,1347,10,8972
2,3419,58,1347,18,8973
2,3420,1,1347,1,8974
2,3420,10,1347,2,8975
2,3421,1,1347,1,8976
2,3421,10,1347,6,8977
2,3422,1,1347,1,8978
2,3422,4,1347,2,8979
2,3422,10,1347,2,8980
2,3423,1,1347,1,8981
2,3423,3,1347,1,8982
2,3423,4,1347,9,8983
2,3423,6,1347,1,8984
2,3423,7,1347,3,8985
2,3423,8,1347,3,8986
2,3423,9,1347,1,8987
2,3423,10,1347,3,8988
2,3423,17,1347,1,8989
2,3423,19,1347,9,8990
2,3424,10,1348,1,8991
2,3425,1,1348,1,8992
2,3425,6,1348,3,8993
2,3425,7,1348,5,8994
2,3425,8,1348,4,8995
2,3425,9,1348,1,8996
2,3425,10,1348,5,8997
2,3425,18,1348,2,8998
2,3426,1,1349,1,8999
2,3426,2,1349,1,9000
2,3426,4,1349,2,9001
2,3426,6,1349,1,9002
2,3426,7,1349,1,9003
2,3426,8,1349,1,9004
2,3426,9,1349,2,9005
2,3426,10,1349,8,9006
2,3426,11,1349,1,9007
2,3426,18,1349,1,9008
2,3427,1,1349,1,9009
2,3427,10,1349,7,9010
2,3428,10,1349,4,9011
2,3429,1,1350,2,9012
2,3429,2,1350,2,9013
2,3429,3,1350,3,9014
2,3429,4,1350,6,9015
2,3429,6,1350,3,9016
2,3429,7,1350,3,9017
2,3429,8,1350,3,9018
2,3429,9,1350,1,9019
2,3429,10,1350,8,9020
2,3429,11,1350,1,9021
2,3429,18,1350,2,9022
2,3430,1,1350,1,9023
2,3430,10,1350,3,9024
2,3430,12,1350,1,9025
2,3431,1,1351,1,9026
2,3431,10,1351,4,9027
2,3431,18,1351,1,9028
2,3432,1,1352,1,9029
2,3432,2,1352,2,9030
2,3432,3,1352,2,9031
2,3432,4,1352,3,9032
2,3432,6,1352,1,9033
2,3432,7,1352,1,9034
2,3432,8,1352,1,9035
2,3432,9,1352,1,9036
2,3432,10,1352,6,9037
2,3432,11,1352,1,9038
2,3432,12,1352,1,9039
2,3432,18,1352,2,9040
2,3433,1,1353,2,9041
2,3433,10,1353,5,9042
2,3433,18,1353,1,9043
2,3434,1,1354,1,9044
2,3434,10,1354,7,9045
2,3434,12,1354,1,9046
2,3434,18,1354,1,9047
2,3435,1,1355,1,9048
2,3435,10,1355,1,9049
2,3435,18,1355,1,9050
2,3436,10,1356,4,9051
2,3436,18,1356,1,9052
2,3437,1,1357,1,9053
2,3437,10,1357,4,9054
2,3437,18,1357,1,9055
2,3438,1,1358,1,9056
2,3438,10,1358,4,9057
2,3438,18,1358,1,9058
2,3439,1,1359,1,9059
2,3439,10,1359,1,9060
2,3439,18,1359,1,9061
2,3440,1,1360,1,9062
2,3440,10,1360,5,9063
2,3440,18,1360,1,9064
2,3441,1,1361,1,9065
2,3441,10,1361,4,9066
2,3441,18,1361,1,9067
2,3442,1,1362,1,9068
2,3442,10,1362,4,9069
2,3442,18,1362,1,9070
2,3443,1,1363,1,9071
2,3443,10,1363,4,9072
2,3443,18,1363,1,9073
2,3444,1,1364,1,9074
2,3444,10,1364,4,9075
2,3444,18,1364,1,9076
2,3445,1,1365,1,9077
2,3445,10,1365,4,9078
2,3445,18,1365,1,9079
2,3446,10,1366,8,9080
2,3447,10,1366,2,9081
2,3448,10,1366,1,9082
2,3449,1,1366,1,9083
2,3449,10,1366,1,9084
2,3450,1,1366,1,9085
2,3450,10,1366,1,9086
2,3451,1,1366,1,9087
2,3451,10,1366,5,9088
2,3452,10,1366,5,9089
2,3453,10,1366,4,9090
2,3454,1,1366,3,9091
2,3454,3,1366,12,9092
2,3454,4,1366,55,9093
2,3454,6,1366,6,9094
2,3454,7,1366,11,9095
2,3454,8,1366,5,9096
2,3454,9,1366,6,9097
2,3454,10,1366,36,9098
2,3454,11,1366,2,9099
2,3454,17,1366,3,9100
2,3454,18,1366,4,9101
2,3454,19,1366,3,9102
2,3454,25,1366,2,9103
2,3454,28,1366,7,9104
2,3454,29,1366,7,9105
2,3454,37,1366,1,9106
2,3455,10,1366,1,9107
2,3456,10,1366,5,9108
2,3457,10,1366,1,9109
2,3458,10,1366,1,9110
2,3459,10,1366,3,9111
2,3460,10,1366,4,9112
2,3461,12,1366,1,9113
2,3462,1,1366,1,9114
2,3462,10,1366,2,9115
2,3463,10,1366,4,9116
2,3464,10,1366,5,9117
2,3465,10,1366,1,9118
2,3466,10,1366,3,9119
2,3467,1,1366,1,9120
2,3467,10,1366,2,9121
2,3468,10,1366,1,9122
2,3469,1,1367,1,9123
2,3469,10,1367,5,9124
2,3469,18,1367,1,9125
2,3470,1,1368,1,9126
2,3470,10,1368,1,9127
2,3470,12,1368,1,9128
2,3470,18,1368,1,9129
2,3471,10,1369,4,9130
2,3471,18,1369,3,9131
2,3472,1,1370,2,9132
2,3472,10,1370,5,9133
2,3472,18,1370,2,9134
2,3473,1,1371,1,9135
2,3473,10,1371,4,9136
2,3473,18,1371,1,9137
2,3474,1,1372,1,9138
2,3474,10,1372,4,9139
2,3474,18,1372,1,9140
2,3475,1,1373,1,9141
2,3475,10,1373,5,9142
2,3475,18,1373,1,9143
2,3476,10,1374,1,9144
2,3476,12,1374,1,9145
2,3476,18,1374,1,9146
2,3477,10,1374,4,9147
2,3478,1,1375,1,9148
2,3478,10,1375,5,9149
2,3478,18,1375,1,9150
2,3479,1,1376,1,9151
2,3479,10,1376,4,9152
2,3479,18,1376,1,9153
2,3480,10,1377,3,9154
2,3480,18,1377,1,9155
2,3481,1,1378,1,9156
2,3481,2,1378,1,9157
2,3481,3,1378,2,9158
2,3481,4,1378,3,9159
2,3481,9,1378,1,9160
2,3481,10,1378,6,9161
2,3481,11,1378,2,9162
2,3481,18,1378,1,9163
2,3482,1,1379,1,9164
2,3482,10,1379,5,9165
2,3482,18,1379,1,9166
2,3483,10,1380,1,9167
2,3483,18,1380,1,9168
2,3484,10,1381,10,9169
2,3485,10,1381,4,9170
2,3486,10,1381,1,9171
2,3487,1,1381,1,9172
2,3487,10,1381,3,9173
2,3487,23,1381,16,9174
2,3488,10,1381,2,9175
2,3488,23,1381,15,9176
2,3489,10,1381,3,9177
2,3490,10,1381,1,9178
2,3491,10,1381,4,9179
2,3492,10,1381,5,9180
2,3493,1,1381,1,9181
2,3493,10,1381,1,9182
2,3493,23,1381,18,9183
2,3494,1,1381,1,9184
2,3494,10,1381,1,9185
2,3495,1,1381,1,9186
2,3495,10,1381,1,9187
2,3496,10,1381,5,9188
2,3497,1,1381,3,9189
2,3497,10,1381,3,9190
2,3498,10,1381,4,9191
2,3499,1,1381,1,9192
2,3499,10,1381,8,9193
2,3500,10,1381,4,9194
2,3501,10,1381,12,9195
2,3502,1,1381,1,9196
2,3502,10,1381,1,9197
2,3502,17,1381,2,9198
2,3503,10,1381,1,9199
2,3504,10,1381,7,9200
2,3505,1,1381,2,9201
2,3505,3,1381,12,9202
2,3505,4,1381,78,9203
2,3505,5,1381,20,9204
2,3505,6,1381,6,9205
2,3505,7,1381,8,9206
2,3505,8,1381,13,9207
2,3505,9,1381,7,9208
2,3505,10,1381,10,9209
2,3505,11,1381,2,9210
2,3505,17,1381,3,9211
2,3505,18,1381,3,9212
2,3505,19,1381,2,9213
2,3505,25,1381,2,9214
2,3505,28,1381,9,9215
2,3506,1,1381,3,9216
2,3506,10,1381,33,9217
2,3506,12,1381,1,9218
2,3506,18,1381,1,9219
2,3507,10,1381,4,9220
2,3507,18,1381,1,9221
2,3508,1,1381,1,9222
2,3508,10,1381,3,9223
2,3509,1,1381,2,9224
2,3509,3,1381,4,9225
2,3509,4,1381,46,9226
2,3509,5,1381,2,9227
2,3509,6,1381,4,9228
2,3509,7,1381,7,9229
2,3509,8,1381,7,9230
2,3509,9,1381,3,9231
2,3509,10,1381,9,9232
2,3509,11,1381,1,9233
2,3509,17,1381,2,9234
2,3510,10,1381,4,9235
2,3511,10,1381,1,9236
2,3512,1,1381,1,9237
2,3512,10,1381,1,9238
2,3513,18,1381,1,9239
2,3513,25,1381,4,9240
2,3514,1,1381,2,9241
2,3514,10,1381,3,9242
2,3515,10,1381,1,9243
2,3516,1,1381,1,9244
2,3516,10,1381,4,9245
2,3517,10,1381,21,9246
2,3518,1,1381,1,9247
2,3518,10,1381,1,9248
2,3519,10,1381,1,9249
2,3520,1,1381,1,9250
2,3520,10,1381,1,9251
2,3521,10,1381,1,9252
2,3522,1,1381,1,9253
2,3522,10,1381,5,9254
2,3523,10,1381,3,9255
2,3524,1,1381,1,9256
2,3524,10,1381,1,9257
2,3525,1,1381,5,9258
2,3526,19,1381,2,9259
2,3526,28,1381,5,9260
2,3527,10,1381,6,9261
2,3528,10,1381,6,9262
2,3529,1,1381,1,9263
2,3529,10,1381,1,9264
2,3530,10,1381,13,9265
2,3531,10,1381,3,9266
2,3532,10,1381,5,9267
2,3533,10,1381,1,9268
2,3534,10,1381,2,9269
2,3535,1,1381,1,9270
2,3535,10,1381,2,9271
2,3536,1,1382,1,9272
2,3536,3,1382,1,9273
2,3536,4,1382,6,9274
2,3536,5,1382,1,9275
2,3536,6,1382,1,9276
2,3536,7,1382,1,9277
2,3536,8,1382,1,9278
2,3536,9,1382,1,9279
2,3536,10,1382,4,9280
2,3536,11,1382,1,9281
2,3536,18,1382,1,9282
2,3537,1,1383,1,9283
2,3537,10,1383,4,9284
2,3537,18,1383,1,9285
2,3538,1,1384,1,9286
2,3538,10,1384,4,9287
2,3538,12,1384,1,9288
2,3538,18,1384,1,9289
2,3539,1,1385,1,9290
2,3539,10,1385,5,9291
2,3539,18,1385,1,9292
2,3540,1,1386,1,9293
2,3540,10,1386,5,9294
2,3540,18,1386,1,9295
2,3541,1,1387,1,9296
2,3541,10,1387,5,9297
2,3541,18,1387,2,9298
2,3542,10,1388,5,9299
2,3543,10,1388,3,9300
2,3544,1,1388,1,9301
2,3544,10,1388,10,9302
2,3544,17,1388,1,9303
2,3545,1,1388,1,9304
2,3545,2,1388,4,9305
2,3545,3,1388,4,9306
2,3545,4,1388,22,9307
2,3545,6,1388,2,9308
2,3545,7,1388,1,9309
2,3545,8,1388,2,9310
2,3545,9,1388,2,9311
2,3545,10,1388,16,9312
2,3545,11,1388,1,9313
2,3545,17,1388,1,9314
2,3545,18,1388,3,9315
2,3545,25,1388,1,9316
2,3546,1,1389,1,9317
2,3546,10,1389,4,9318
2,3546,18,1389,1,9319
2,3547,10,1390,5,9320
2,3548,1,1390,1,9321
2,3548,10,1390,1,9322
2,3549,10,1390,3,9323
2,3550,1,1390,1,9324
2,3550,2,1390,4,9325
2,3550,3,1390,4,9326
2,3550,4,1390,22,9327
2,3550,6,1390,2,9328
2,3550,7,1390,3,9329
2,3550,8,1390,3,9330
2,3550,9,1390,2,9331
2,3550,10,1390,16,9332
2,3550,11,1390,1,9333
2,3550,17,1390,1,9334
2,3550,18,1390,2,9335
2,3550,25,1390,1,9336
2,3551,1,1391,1,9337
2,3551,10,1391,4,9338
2,3551,18,1391,1,9339
2,3552,1,1392,1,9340
2,3552,3,1392,1,9341
2,3552,4,1392,2,9342
2,3552,5,1392,1,9343
2,3552,6,1392,1,9344
2,3552,7,1392,1,9345
2,3552,8,1392,1,9346
2,3552,9,1392,1,9347
2,3552,10,1392,7,9348
2,3552,11,1392,1,9349
2,3552,18,1392,2,9350
2,3553,10,1393,4,9351
2,3553,18,1393,1,9352
2,3554,10,1393,1,9353
2,3554,24,1393,2,9354
2,3554,32,1393,4,9355
2,3554,33,1393,14,9356
2,3554,36,1393,4,9357
2,3555,1,1394,1,9358
2,3555,10,1394,7,9359
2,3555,18,1394,1,9360
2,3556,1,1395,1,9361
2,3556,10,1395,6,9362
2,3556,18,1395,2,9363
2,3557,1,1396,1,9364
2,3557,10,1396,4,9365
2,3557,18,1396,1,9366
2,3558,1,1397,1,9367
2,3558,10,1397,4,9368
2,3558,18,1397,1,9369
2,3559,10,1398,4,9370
2,3559,18,1398,1,9371
2,3560,1,1399,1,9372
2,3560,10,1399,1,9373
2,3560,18,1399,1,9374
2,3561,1,1400,1,9375
2,3561,10,1400,5,9376
2,3561,18,1400,1,9377
2,3562,1,1401,1,9378
2,3562,3,1401,4,9379
2,3562,4,1401,7,9380
2,3562,7,1401,1,9381
2,3562,8,1401,1,9382
2,3562,9,1401,1,9383
2,3562,10,1401,12,9384
2,3562,11,1401,1,9385
2,3562,18,1401,2,9386
2,3563,10,1402,1,9387
2,3564,1,1402,1,9388
2,3564,3,1402,3,9389
2,3564,4,1402,14,9390
2,3564,6,1402,2,9391
2,3564,7,1402,2,9392
2,3564,8,1402,2,9393
2,3564,9,1402,1,9394
2,3564,10,1402,12,9395
2,3564,11,1402,1,9396
2,3564,17,1402,1,9397
2,3564,18,1402,2,9398
2,3564,25,1402,1,9399
2,3565,1,1403,1,9400
2,3565,10,1403,4,9401
2,3565,18,1403,1,9402
2,3566,1,1404,1,9403
2,3566,3,1404,2,9404
2,3566,4,1404,3,9405
2,3566,5,1404,1,9406
2,3566,6,1404,1,9407
2,3566,7,1404,1,9408
2,3566,8,1404,1,9409
2,3566,9,1404,1,9410
2,3566,10,1404,4,9411
2,3566,11,1404,1,9412
2,3566,18,1404,1,9413
2,3567,10,1405,4,9414
2,3568,10,1405,1,9415
2,3569,10,1405,3,9416
2,3570,1,1405,3,9417
2,3570,2,1405,5,9418
2,3570,3,1405,8,9419
2,3570,4,1405,26,9420
2,3570,6,1405,4,9421
2,3570,7,1405,4,9422
2,3570,8,1405,4,9423
2,3570,9,1405,4,9424
2,3570,10,1405,16,9425
2,3570,11,1405,1,9426
2,3570,17,1405,2,9427
2,3570,18,1405,3,9428
2,3570,25,1405,1,9429
2,3571,1,1406,1,9430
2,3571,10,1406,6,9431
2,3571,18,1406,1,9432
2,3572,1,1407,1,9433
2,3572,2,1407,1,9434
2,3572,3,1407,1,9435
2,3572,4,1407,6,9436
2,3572,6,1407,1,9437
2,3572,7,1407,1,9438
2,3572,8,1407,1,9439
2,3572,9,1407,1,9440
2,3572,10,1407,6,9441
2,3572,11,1407,1,9442
2,3572,18,1407,2,9443
2,3573,1,1408,1,9444
2,3573,10,1408,8,9445
2,3573,12,1408,1,9446
2,3573,18,1408,2,9447
2,3574,1,1409,1,9448
2,3574,10,1409,5,9449
2,3574,18,1409,1,9450
2,3575,24,1410,21,9451
2,3575,33,1410,29,9452
2,3576,1,1410,1,9453
2,3576,10,1410,1,9454
2,3576,12,1410,1,9455
2,3576,18,1410,1,9456
2,3577,20,1410,4,9457
2,3577,24,1410,20,9458
2,3578,1,1411,1,9459
2,3578,2,1411,1,9460
2,3578,3,1411,1,9461
2,3578,4,1411,2,9462
2,3578,9,1411,1,9463
2,3578,10,1411,5,9464
2,3578,11,1411,1,9465
2,3578,18,1411,2,9466
2,3579,1,1412,2,9467
2,3579,2,1412,2,9468
2,3579,3,1412,2,9469
2,3579,4,1412,9,9470
2,3579,6,1412,3,9471
2,3579,7,1412,4,9472
2,3579,8,1412,4,9473
2,3579,9,1412,3,9474
2,3579,10,1412,12,9475
2,3579,11,1412,1,9476
2,3579,18,1412,4,9477
2,3580,10,1413,4,9478
2,3580,18,1413,1,9479
2,3581,1,1414,1,9480
2,3581,10,1414,8,9481
2,3581,18,1414,2,9482
2,3582,10,1412,5,9483
2,3583,1,1412,1,9484
2,3583,10,1412,4,9485
2,3584,20,1412,25,9486
2,3584,24,1412,25,9487
2,3584,33,1412,30,9488
2,3585,10,1412,4,9489
2,3586,10,1412,14,9490
2,3587,1,1415,1,9491
2,3587,10,1415,4,9492
2,3587,18,1415,1,9493
2,3588,1,1416,1,9494
2,3588,10,1416,4,9495
2,3588,18,1416,1,9496
2,3589,1,1417,2,9497
2,3589,10,1417,3,9498
2,3589,17,1417,1,9499
2,3589,18,1417,2,9500
2,3590,1,1418,1,9501
2,3590,3,1418,1,9502
2,3590,4,1418,3,9503
2,3590,6,1418,1,9504
2,3590,7,1418,1,9505
2,3590,8,1418,1,9506
2,3590,9,1418,1,9507
2,3590,10,1418,4,9508
2,3590,11,1418,1,9509
2,3590,18,1418,1,9510
2,3591,1,1419,2,9511
2,3591,10,1419,7,9512
2,3591,18,1419,1,9513
2,3592,1,1420,1,9514
2,3592,10,1420,5,9515
2,3592,18,1420,1,9516
2,3593,1,1421,1,9517
2,3593,10,1421,5,9518
2,3593,18,1421,2,9519
2,3594,1,1422,1,9520
2,3594,10,1422,4,9521
2,3594,18,1422,2,9522
2,3595,1,1417,2,9523
2,3595,3,1417,10,9524
2,3595,4,1417,25,9525
2,3595,6,1417,3,9526
2,3595,7,1417,13,9527
2,3595,8,1417,13,9528
2,3595,9,1417,4,9529
2,3595,10,1417,15,9530
2,3595,11,1417,1,9531
2,3595,12,1417,1,9532
2,3595,17,1417,1,9533
2,3595,18,1417,3,9534
2,3595,25,1417,2,9535
2,3596,10,1417,8,9536
2,3597,10,1417,1,9537
2,3598,10,1417,1,9538
2,3599,10,1417,6,9539
2,3600,10,1417,1,9540
2,3601,1,1417,1,9541
2,3602,1,1417,1,9542
2,3602,10,1417,7,9543
2,3603,1,1417,1,9544
2,3603,10,1417,2,9545
2,3604,1,1423,1,9546
2,3604,2,1423,1,9547
2,3604,3,1423,2,9548
2,3604,4,1423,4,9549
2,3604,6,1423,2,9550
2,3604,7,1423,1,9551
2,3604,8,1423,1,9552
2,3604,9,1423,1,9553
2,3604,10,1423,8,9554
2,3604,11,1423,1,9555
2,3604,18,1423,1,9556
2,3605,1,1424,1,9557
2,3605,2,1424,2,9558
2,3605,3,1424,2,9559
2,3605,4,1424,4,9560
2,3605,6,1424,2,9561
2,3605,7,1424,2,9562
2,3605,8,1424,2,9563
2,3605,9,1424,2,9564
2,3605,10,1424,10,9565
2,3605,11,1424,1,9566
2,3605,18,1424,2,9567
2,3606,1,1425,1,9568
2,3606,10,1425,5,9569
2,3606,12,1425,1,9570
2,3606,18,1425,1,9571
2,3607,1,1426,1,9572
2,3607,10,1426,4,9573
2,3607,18,1426,1,9574
2,3608,1,1427,1,9575
2,3608,10,1427,7,9576
2,3608,18,1427,2,9577
2,3609,1,1428,1,9578
2,3609,10,1428,5,9579
2,3609,18,1428,1,9580
2,3610,10,1429,6,9581
2,3611,2,1429,1,9582
2,3611,3,1429,3,9583
2,3611,4,1429,6,9584
2,3611,6,1429,2,9585
2,3611,7,1429,3,9586
2,3611,8,1429,3,9587
2,3611,9,1429,2,9588
2,3611,10,1429,7,9589
2,3611,11,1429,1,9590
2,3611,12,1429,1,9591
2,3611,18,1429,2,9592
2,3612,1,1429,1,9593
2,3612,10,1429,2,9594
2,3613,10,1429,3,9595
2,3614,1,1430,1,9596
2,3614,10,1430,5,9597
2,3614,18,1430,1,9598
2,3615,1,1431,1,9599
2,3615,10,1431,6,9600
2,3615,18,1431,1,9601
2,3616,1,1432,1,9602
2,3616,2,1432,1,9603
2,3616,3,1432,1,9604
2,3616,4,1432,2,9605
2,3616,7,1432,1,9606
2,3616,9,1432,1,9607
2,3616,10,1432,7,9608
2,3616,11,1432,1,9609
2,3616,18,1432,1,9610
2,3617,1,1433,1,9611
2,3617,10,1433,3,9612
2,3617,18,1433,1,9613
2,3618,1,1434,1,9614
2,3618,10,1434,5,9615
2,3618,18,1434,2,9616
2,3619,1,1435,1,9617
2,3619,10,1435,5,9618
2,3619,18,1435,2,9619
2,3620,1,1436,1,9620
2,3620,10,1436,6,9621
2,3620,18,1436,1,9622
2,3621,6,1437,2,9623
2,3621,7,1437,2,9624
2,3621,8,1437,2,9625
2,3621,9,1437,1,9626
2,3621,10,1437,7,9627
2,3621,18,1437,1,9628
2,3622,1,1438,1,9629
2,3622,10,1438,4,9630
2,3622,18,1438,1,9631
2,3623,1,1439,1,9632
2,3623,10,1439,2,9633
2,3623,18,1439,3,9634
2,3624,10,1440,3,9635
2,3624,18,1440,1,9636
2,3625,1,1441,1,9637
2,3625,10,1441,4,9638
2,3626,1,1442,1,9639
2,3626,10,1442,6,9640
2,3626,18,1442,1,9641
2,3627,10,1443,3,9642
2,3628,1,1443,2,9643
2,3628,3,1443,6,9644
2,3628,4,1443,24,9645
2,3628,5,1443,9,9646
2,3628,7,1443,3,9647
2,3628,8,1443,3,9648
2,3628,9,1443,2,9649
2,3628,10,1443,12,9650
2,3628,11,1443,1,9651
2,3628,17,1443,1,9652
2,3628,18,1443,1,9653
2,3628,25,1443,1,9654
2,3629,1,1444,1,9655
2,3629,3,1444,1,9656
2,3629,4,1444,2,9657
2,3629,6,1444,2,9658
2,3629,7,1444,2,9659
2,3629,8,1444,2,9660
2,3629,9,1444,1,9661
2,3629,10,1444,6,9662
2,3629,11,1444,1,9663
2,3629,18,1444,2,9664
2,3630,1,1445,1,9665
2,3630,2,1445,1,9666
2,3630,3,1445,2,9667
2,3630,4,1445,4,9668
2,3630,6,1445,1,9669
2,3630,7,1445,1,9670
2,3630,8,1445,1,9671
2,3630,9,1445,1,9672
2,3630,10,1445,6,9673
2,3630,11,1445,1,9674
2,3630,18,1445,2,9675
2,3631,4,1446,3,9676
2,3631,61,1446,5,9677
2,3632,10,1447,11,9678
2,3633,10,1447,4,9679
2,3634,10,1447,3,9680
2,3635,10,1447,1,9681
2,3636,1,1447,1,9682
2,3636,10,1447,3,9683
2,3636,23,1447,14,9684
2,3637,10,1447,4,9685
2,3638,10,1447,1,9686
2,3639,10,1447,4,9687
2,3640,10,1447,3,9688
2,3641,10,1447,2,9689
2,3642,1,1447,1,9690
2,3642,10,1447,1,9691
2,3643,1,1447,1,9692
2,3643,10,1447,4,9693
2,3644,1,1447,3,9694
2,3644,10,1447,3,9695
2,3645,10,1447,2,9696
2,3646,10,1447,3,9697
2,3647,1,1447,1,9698
2,3647,10,1447,17,9699
2,3648,10,1447,10,9700
2,3649,1,1447,1,9701
2,3649,10,1447,1,9702
2,3650,10,1447,2,9703
2,3651,1,1447,1,9704
2,3651,10,1447,1,9705
2,3652,10,1447,4,9706
2,3653,1,1447,1,9707
2,3653,10,1447,18,9708
2,3654,18,1447,1,9709
2,3655,1,1447,1,9710
2,3655,10,1447,39,9711
2,3655,12,1447,1,9712
2,3655,18,1447,1,9713
2,3656,1,1447,4,9714
2,3656,3,1447,4,9715
2,3656,4,1447,31,9716
2,3656,6,1447,2,9717
2,3656,7,1447,7,9718
2,3656,8,1447,7,9719
2,3656,9,1447,3,9720
2,3656,10,1447,9,9721
2,3656,17,1447,2,9722
2,3656,19,1447,3,9723
2,3656,28,1447,5,9724
2,3657,10,1447,1,9725
2,3657,18,1447,2,9726
2,3658,1,1447,1,9727
2,3658,3,1447,24,9728
2,3658,4,1447,108,9729
2,3658,6,1447,2,9730
2,3658,7,1447,10,9731
2,3658,8,1447,10,9732
2,3658,9,1447,6,9733
2,3658,10,1447,8,9734
2,3658,11,1447,2,9735
2,3658,17,1447,3,9736
2,3658,18,1447,1,9737
2,3658,25,1447,1,9738
2,3658,26,1447,4,9739
2,3658,27,1447,3,9740
2,3658,29,1447,8,9741
2,3659,1,1447,1,9742
2,3659,4,1447,52,9743
2,3659,6,1447,3,9744
2,3659,7,1447,4,9745
2,3659,8,1447,4,9746
2,3659,9,1447,3,9747
2,3659,10,1447,8,9748
2,3659,17,1447,2,9749
2,3659,19,1447,2,9750
2,3659,28,1447,7,9751
2,3660,10,1447,3,9752
2,3661,10,1447,4,9753
2,3662,10,1447,3,9754
2,3663,10,1447,5,9755
2,3664,10,1447,3,9756
2,3665,1,1447,1,9757
2,3665,10,1447,2,9758
2,3666,10,1447,2,9759
2,3667,10,1447,7,9760
2,3668,10,1447,3,9761
2,3669,10,1447,17,9762
2,3670,1,1447,1,9763
2,3670,10,1447,4,9764
2,3671,1,1447,1,9765
2,3671,10,1447,5,9766
2,3671,17,1447,1,9767
2,3672,1,1447,1,9768
2,3672,10,1447,1,9769
2,3673,1,1447,1,9770
2,3673,10,1447,2,9771
2,3674,10,1447,2,9772
2,3675,10,1447,1,9773
2,3676,10,1447,3,9774
2,3677,10,1447,1,9775
2,3677,24,1447,10,9776
2,3677,33,1447,40,9777
2,3678,1,1447,2,9778
2,3679,10,1447,2,9779
2,3680,10,1447,1,9780
2,3681,10,1447,1,9781
2,3682,10,1447,1,9782
2,3683,1,1447,1,9783
2,3683,10,1447,1,9784
2,3684,1,1447,1,9785
2,3684,10,1447,1,9786
2,3685,10,1447,2,9787
2,3686,10,1447,1,9788
2,3687,10,1447,6,9789
2,3688,1,1448,1,9790
2,3688,10,1448,4,9791
2,3688,18,1448,1,9792
2,3689,1,1449,1,9793
2,3689,10,1449,4,9794
2,3689,18,1449,1,9795
2,3690,1,1450,1,9796
2,3690,10,1450,5,9797
2,3690,18,1450,1,9798
2,3691,1,1451,1,9799
2,3691,10,1451,11,9800
2,3691,18,1451,1,9801
2,3692,1,1452,1,9802
2,3692,10,1452,4,9803
2,3692,12,1452,1,9804
2,3692,18,1452,1,9805
2,3693,1,1453,1,9806
2,3693,10,1453,7,9807
2,3693,18,1453,2,9808
2,3694,1,1454,1,9809
2,3694,10,1454,4,9810
2,3694,18,1454,1,9811
2,3695,1,1455,1,9812
2,3695,10,1455,4,9813
2,3695,18,1455,2,9814
2,3696,1,1456,1,9815
2,3696,10,1456,4,9816
2,3696,18,1456,1,9817
2,3697,1,1457,2,9818
2,3697,10,1457,3,9819
2,3697,18,1457,2,9820
2,3698,1,1458,1,9821
2,3698,10,1458,5,9822
2,3698,18,1458,1,9823
2,3699,1,1459,1,9824
2,3699,10,1459,4,9825
2,3699,18,1459,1,9826
2,3700,10,1460,4,9827
2,3700,18,1460,2,9828
2,3701,1,1461,1,9829
2,3701,3,1461,2,9830
2,3701,4,1461,4,9831
2,3701,6,1461,1,9832
2,3701,7,1461,1,9833
2,3701,8,1461,1,9834
2,3701,9,1461,1,9835
2,3701,10,1461,4,9836
2,3701,11,1461,1,9837
2,3701,18,1461,2,9838
2,3702,1,1462,1,9839
2,3702,10,1462,5,9840
2,3702,18,1462,1,9841
2,3703,10,1463,4,9842
2,3703,18,1463,1,9843
2,3704,1,1464,1,9844
2,3704,10,1464,5,9845
2,3704,18,1464,2,9846
2,3705,1,1465,1,9847
2,3705,10,1465,6,9848
2,3705,18,1465,1,9849
2,3705,24,1465,120,9850
2,3705,40,1465,29,9851
2,3706,10,1465,6,9852
2,3706,17,1465,3,9853
2,3707,1,1465,1,9854
2,3707,10,1465,23,9855
2,3708,1,1465,3,9856
2,3708,3,1465,28,9857
2,3708,4,1465,85,9858
2,3708,5,1465,16,9859
2,3708,6,1465,10,9860
2,3708,7,1465,7,9861
2,3708,8,1465,8,9862
2,3708,9,1465,7,9863
2,3708,10,1465,22,9864
2,3708,11,1465,2,9865
2,3708,17,1465,6,9866
2,3708,18,1465,1,9867
2,3708,19,1465,5,9868
2,3708,25,1465,1,9869
2,3708,26,1465,11,9870
2,3708,27,1465,7,9871
2,3708,28,1465,35,9872
2,3708,29,1465,5,9873
2,3708,30,1465,12,9874
2,3708,47,1465,2,9875
2,3708,48,1465,10,9876
2,3709,1,1465,3,9877
2,3709,4,1465,26,9878
2,3709,10,1465,6,9879
2,3709,17,1465,1,9880
2,3709,19,1465,3,9881
2,3709,28,1465,5,9882
2,3709,30,1465,22,9883
2,3709,46,1465,1,9884
2,3710,10,1465,5,9885
2,3711,1,1465,2,9886
2,3711,16,1465,1,9887
2,3712,10,1465,5,9888
2,3712,18,1465,3,9889
2,3713,10,1465,1,9890
2,3714,1,1465,1,9891
2,3715,1,1465,1,9892
2,3715,10,1465,7,9893
2,3715,17,1465,1,9894
2,3716,1,1465,1,9895
2,3716,4,1465,21,9896
2,3716,6,1465,3,9897
2,3716,7,1465,5,9898
2,3716,8,1465,5,9899
2,3716,9,1465,3,9900
2,3716,10,1465,55,9901
2,3716,17,1465,1,9902
2,3716,18,1465,3,9903
2,3717,1,1465,1,9904
2,3717,10,1465,3,9905
2,3718,10,1465,4,9906
2,3718,17,1465,1,9907
2,3719,18,1465,2,9908
2,3719,25,1465,2,9909
2,3720,10,1465,1,9910
2,3721,10,1465,1,9911
2,3721,12,1465,1,9912
2,3722,10,1465,1,9913
2,3723,10,1465,6,9914
2,3724,1,1465,1,9915
2,3724,10,1465,2,9916
2,3724,23,1465,16,9917
2,3725,10,1465,2,9918
2,3725,23,1465,25,9919
2,3726,1,1465,1,9920
2,3726,10,1465,2,9921
2,3727,10,1465,3,9922
2,3728,10,1465,4,9923
2,3728,17,1465,1,9924
2,3729,10,1465,2,9925
2,3730,1,1465,1,9926
2,3730,10,1465,2,9927
2,3731,10,1465,1,9928
2,3731,17,1465,1,9929
2,3732,10,1465,2,9930
2,3733,10,1465,9,9931
2,3734,10,1465,5,9932
2,3735,10,1465,3,9933
2,3736,10,1465,8,9934
2,3736,12,1465,1,9935
2,3736,40,1465,1,9936
2,3736,55,1465,1,9937
2,3737,1,1465,4,9938
2,3737,3,1465,11,9939
2,3737,4,1465,76,9940
2,3737,5,1465,4,9941
2,3737,6,1465,4,9942
2,3737,7,1465,8,9943
2,3737,8,1465,8,9944
2,3737,9,1465,3,9945
2,3737,10,1465,13,9946
2,3737,11,1465,1,9947
2,3737,17,1465,4,9948
2,3737,19,1465,2,9949
2,3737,26,1465,7,9950
2,3737,27,1465,8,9951
2,3737,28,1465,21,9952
2,3737,29,1465,10,9953
2,3737,30,1465,5,9954
2,3738,10,1465,5,9955
2,3739,1,1465,1,9956
2,3739,10,1465,1,9957
2,3739,23,1465,21,9958
2,3740,10,1465,5,9959
2,3740,40,1465,1,9960
2,3741,10,1465,1,9961
2,3742,1,1465,1,9962
2,3742,10,1465,1,9963
2,3742,30,1465,8,9964
2,3743,1,1465,4,9965
2,3743,3,1465,4,9966
2,3743,4,1465,35,9967
2,3743,5,1465,8,9968
2,3743,6,1465,4,9969
2,3743,7,1465,7,9970
2,3743,8,1465,7,9971
2,3743,9,1465,2,9972
2,3743,10,1465,7,9973
2,3743,11,1465,1,9974
2,3743,17,1465,3,9975
2,3743,19,1465,1,9976
2,3743,25,1465,1,9977
2,3743,26,1465,2,9978
2,3743,27,1465,2,9979
2,3743,28,1465,8,9980
2,3743,37,1465,4,9981
2,3744,1,1465,1,9982
2,3744,10,1465,1,9983
2,3745,10,1465,1,9984
2,3746,1,1465,1,9985
2,3746,10,1465,1,9986
2,3747,18,1465,7,9987
2,3748,10,1465,1,9988
2,3749,10,1465,3,9989
2,3750,10,1465,6,9990
2,3751,10,1465,1,9991
2,3752,1,1465,2,9992
2,3752,10,1465,18,9993
2,3753,10,1465,4,9994
2,3754,10,1465,3,9995
2,3755,10,1465,3,9996
2,3756,10,1465,3,9997
2,3757,1,1465,1,9998
2,3757,10,1465,4,9999
2,3758,10,1465,1,10000
2,3759,18,1465,1,10001
2,3759,25,1465,2,10002
2,3760,1,1465,2,10003
2,3760,10,1465,2,10004
2,3761,10,1465,5,10005
2,3762,10,1465,1,10006
2,3763,10,1465,1,10007
2,3764,4,1465,20,10008
2,3764,10,1465,13,10009
2,3764,17,1465,2,10010
2,3764,19,1465,5,10011
2,3764,28,1465,8,10012
2,3765,10,1465,6,10013
2,3766,1,1465,1,10014
2,3766,10,1465,1,10015
2,3767,10,1465,2,10016
2,3768,10,1465,4,10017
2,3769,1,1465,1,10018
2,3770,10,1465,1,10019
2,3771,10,1465,1,10020
2,3772,18,1465,4,10021
2,3772,25,1465,4,10022
2,3773,10,1465,1,10023
2,3774,10,1465,1,10024
2,3775,1,1465,1,10025
2,3775,10,1465,1,10026
2,3776,10,1465,1,10027
2,3777,10,1465,1,10028
2,3778,1,1465,1,10029
2,3778,10,1465,2,10030
2,3779,1,1465,1,10031
2,3779,10,1465,16,10032
2,3780,10,1465,1,10033
2,3781,1,1465,1,10034
2,3781,10,1465,5,10035
2,3782,10,1465,2,10036
2,3783,1,1466,2,10037
2,3783,3,1466,3,10038
2,3783,4,1466,9,10039
2,3783,5,1466,4,10040
2,3783,6,1466,5,10041
2,3783,7,1466,5,10042
2,3783,8,1466,5,10043
2,3783,9,1466,3,10044
2,3783,10,1466,13,10045
2,3783,11,1466,2,10046
2,3783,18,1466,7,10047
2,3784,1,1465,1,10048
2,3784,10,1465,1,10049
2,3785,10,1465,1,10050
2,3786,1,1465,1,10051
2,3786,10,1465,2,10052
2,3787,10,1465,2,10053
2,3788,10,1465,3,10054
2,3789,10,1465,3,10055
2,3790,1,1465,1,10056
2,3790,10,1465,1,10057
2,3791,10,1465,1,10058
2,3792,1,1465,1,10059
2,3792,10,1465,1,10060
2,3793,10,1465,1,10061
2,3794,10,1465,1,10062
2,3795,10,1465,1,10063
2,3796,1,1465,1,10064
2,3796,10,1465,15,10065
2,3797,10,1465,1,10066
2,3798,1,1465,1,10067
2,3799,10,1465,1,10068
2,3800,1,1465,3,10069
2,3800,10,1465,3,10070
2,3800,17,1465,1,10071
2,3801,10,1465,4,10072
2,3802,10,1465,1,10073
2,3803,1,1465,1,10074
2,3803,10,1465,21,10075
2,3804,1,1465,1,10076
2,3804,10,1465,1,10077
2,3805,10,1465,1,10078
2,3806,10,1465,1,10079
2,3807,10,1465,1,10080
2,3808,10,1465,1,10081
2,3809,10,1465,7,10082
2,3810,10,1465,2,10083
2,3811,10,1465,1,10084
2,3812,10,1465,4,10085
2,3813,10,1465,3,10086
2,3814,10,1465,6,10087
2,3815,10,1465,1,10088
2,3816,10,1465,2,10089
2,3817,1,1465,1,10090
2,3817,10,1465,1,10091
2,3818,10,1465,1,10092
2,3819,10,1465,1,10093
2,3820,10,1465,1,10094
2,3821,10,1465,1,10095
2,3822,10,1465,5,10096
2,3822,18,1465,1,10097
2,3823,10,1465,4,10098
2,3824,1,1465,1,10099
2,3824,10,1465,2,10100
2,3825,10,1465,4,10101
2,3826,1,1465,2,10102
2,3826,10,1465,2,10103
2,3827,1,1465,1,10104
2,3827,10,1465,2,10105
2,3828,10,1465,4,10106
2,3829,1,1465,1,10107
2,3829,10,1465,1,10108
2,3830,1,1465,1,10109
2,3830,10,1465,5,10110
2,3831,10,1465,8,10111
2,3832,10,1465,11,10112
2,3833,10,1465,1,10113
2,3834,10,1465,15,10114
2,3835,1,1465,1,10115
2,3835,10,1465,2,10116
2,3836,10,1465,2,10117
2,3837,1,1467,1,10118
2,3837,10,1467,4,10119
2,3837,18,1467,1,10120
2,3838,1,1468,1,10121
2,3838,3,1468,1,10122
2,3838,4,1468,2,10123
2,3838,6,1468,1,10124
2,3838,7,1468,1,10125
2,3838,8,1468,1,10126
2,3838,9,1468,1,10127
2,3838,10,1468,5,10128
2,3838,18,1468,1,10129
2,3839,1,1469,1,10130
2,3839,10,1469,6,10131
2,3839,12,1469,1,10132
2,3839,18,1469,2,10133
2,3840,1,1470,2,10134
2,3840,10,1470,8,10135
2,3840,18,1470,1,10136
2,3841,3,1471,2,10137
2,3841,4,1471,4,10138
2,3841,6,1471,2,10139
2,3841,7,1471,1,10140
2,3841,8,1471,1,10141
2,3841,9,1471,1,10142
2,3841,10,1471,6,10143
2,3841,18,1471,2,10144
2,3842,1,1472,1,10145
2,3842,10,1472,12,10146
2,3842,18,1472,3,10147
2,3843,18,1473,3,10148
2,3843,25,1473,5,10149
2,3844,10,1474,3,10150
2,3845,10,1474,1,10151
2,3846,1,1474,2,10152
2,3846,3,1474,2,10153
2,3846,4,1474,4,10154
2,3846,5,1474,2,10155
2,3846,6,1474,3,10156
2,3846,7,1474,3,10157
2,3846,8,1474,3,10158
2,3846,9,1474,2,10159
2,3846,10,1474,7,10160
2,3846,11,1474,1,10161
2,3846,18,1474,2,10162
2,3847,10,1474,2,10163
2,3848,1,1475,1,10164
2,3848,10,1475,4,10165
2,3848,18,1475,1,10166
2,3849,1,1476,1,10167
2,3849,10,1476,5,10168
2,3849,18,1476,1,10169
2,3850,1,1477,1,10170
2,3850,2,1477,2,10171
2,3850,3,1477,3,10172
2,3850,4,1477,9,10173
2,3850,7,1477,2,10174
2,3850,8,1477,2,10175
2,3850,9,1477,1,10176
2,3850,10,1477,4,10177
2,3850,11,1477,1,10178
2,3850,12,1477,1,10179
2,3850,18,1477,1,10180
2,3851,3,1477,18,10181
2,3851,4,1477,100,10182
2,3851,6,1477,3,10183
2,3851,7,1477,9,10184
2,3851,8,1477,5,10185
2,3851,9,1477,3,10186
2,3851,10,1477,9,10187
2,3851,11,1477,1,10188
2,3851,16,1477,3,10189
2,3851,17,1477,1,10190
2,3851,19,1477,5,10191
2,3851,23,1477,22,10192
2,3851,25,1477,1,10193
2,3851,26,1477,6,10194
2,3851,27,1477,6,10195
2,3851,28,1477,10,10196
2,3851,38,1477,1,10197
2,3851,47,1477,2,10198
2,3851,48,1477,2,10199
2,3852,1,1477,1,10200
2,3852,10,1477,1,10201
2,3853,10,1477,23,10202
2,3854,10,1477,7,10203
2,3854,17,1477,1,10204
2,3855,23,1477,23,10205
2,3856,10,1477,5,10206
2,3857,1,1477,1,10207
2,3857,10,1477,7,10208
2,3858,10,1477,5,10209
2,3859,1,1477,9,10210
2,3859,2,1477,16,10211
2,3859,3,1477,19,10212
2,3859,4,1477,50,10213
2,3859,6,1477,7,10214
2,3859,7,1477,11,10215
2,3859,8,1477,13,10216
2,3859,9,1477,5,10217
2,3859,10,1477,86,10218
2,3859,11,1477,2,10219
2,3859,12,1477,1,10220
2,3859,17,1477,2,10221
2,3859,18,1477,2,10222
2,3859,25,1477,2,10223
2,3859,28,1477,12,10224
2,3860,1,1477,1,10225
2,3860,10,1477,1,10226
2,3861,10,1477,1,10227
2,3862,1,1477,2,10228
2,3862,10,1477,7,10229
2,3862,17,1477,1,10230
2,3863,10,1477,3,10231
2,3864,10,1477,4,10232
2,3865,16,1477,1,10233
2,3866,10,1477,1,10234
2,3867,10,1477,10,10235
2,3868,1,1477,5,10236
2,3868,10,1477,5,10237
2,3869,10,1477,3,10238
2,3870,1,1477,1,10239
2,3870,10,1477,2,10240
2,3871,10,1477,3,10241
2,3872,10,1477,6,10242
2,3873,10,1477,9,10243
2,3874,1,1477,1,10244
2,3874,10,1477,15,10245
2,3875,1,1477,3,10246
2,3876,10,1477,5,10247
2,3877,10,1477,1,10248
2,3878,10,1477,12,10249
2,3878,12,1477,1,10250
2,3879,1,1477,3,10251
2,3879,10,1477,3,10252
2,3880,1,1477,1,10253
2,3880,10,1477,1,10254
2,3880,12,1477,1,10255
2,3880,17,1477,1,10256
2,3880,18,1477,1,10257
2,3881,10,1477,1,10258
2,3882,40,1477,1,10259
2,3883,10,1477,1,10260
2,3884,10,1477,1,10261
2,3885,1,1477,2,10262
2,3885,10,1477,29,10263
2,3886,18,1477,1,10264
2,3886,25,1477,1,10265
2,3887,10,1477,1,10266
2,3888,1,1477,1,10267
2,3888,10,1477,3,10268
2,3889,10,1477,1,10269
2,3890,10,1477,4,10270
2,3891,10,1477,3,10271
2,3892,10,1477,8,10272
2,3893,1,1477,1,10273
2,3893,10,1477,14,10274
2,3894,10,1477,1,10275
2,3895,1,1477,1,10276
2,3895,10,1477,3,10277
2,3896,10,1478,1,10278
2,3897,1,1478,1,10279
2,3897,10,1478,3,10280
2,3898,1,1478,3,10281
2,3898,3,1478,3,10282
2,3898,4,1478,13,10283
2,3898,5,1478,4,10284
2,3898,6,1478,3,10285
2,3898,7,1478,3,10286
2,3898,8,1478,3,10287
2,3898,9,1478,2,10288
2,3898,10,1478,13,10289
2,3898,11,1478,1,10290
2,3898,12,1478,1,10291
2,3898,18,1478,4,10292
2,3899,10,1478,1,10293
2,3900,1,1478,1,10294
2,3900,10,1478,3,10295
2,3900,18,1478,1,10296
2,3901,10,1478,3,10297
2,3902,10,1478,5,10298
2,3903,1,1479,3,10299
2,3903,3,1479,1,10300
2,3903,4,1479,11,10301
2,3903,6,1479,1,10302
2,3903,7,1479,1,10303
2,3903,8,1479,1,10304
2,3903,9,1479,1,10305
2,3903,10,1479,7,10306
2,3903,11,1479,1,10307
2,3903,18,1479,4,10308
2,3904,1,1480,3,10309
2,3904,3,1480,2,10310
2,3904,4,1480,4,10311
2,3904,5,1480,2,10312
2,3904,6,1480,2,10313
2,3904,7,1480,2,10314
2,3904,8,1480,2,10315
2,3904,9,1480,1,10316
2,3904,10,1480,6,10317
2,3904,11,1480,1,10318
2,3904,18,1480,3,10319
2,3905,1,1481,1,10320
2,3905,10,1481,7,10321
2,3906,10,1481,1,10322
2,3907,1,1481,1,10323
2,3907,10,1481,15,10324
2,3908,1,1481,3,10325
2,3908,3,1481,5,10326
2,3908,4,1481,51,10327
2,3908,5,1481,5,10328
2,3908,6,1481,4,10329
2,3908,7,1481,8,10330
2,3908,8,1481,8,10331
2,3908,9,1481,6,10332
2,3908,10,1481,27,10333
2,3908,11,1481,2,10334
2,3908,12,1481,1,10335
2,3908,17,1481,2,10336
2,3908,18,1481,1,10337
2,3908,25,1481,2,10338
2,3909,10,1481,3,10339
2,3910,10,1481,7,10340
2,3911,2,1482,1,10341
2,3911,3,1482,1,10342
2,3911,4,1482,5,10343
2,3911,6,1482,1,10344
2,3911,7,1482,1,10345
2,3911,8,1482,1,10346
2,3911,9,1482,2,10347
2,3911,10,1482,2,10348
2,3911,11,1482,1,10349
2,3911,18,1482,4,10350
2,3912,1,1483,1,10351
2,3912,10,1483,3,10352
2,3912,17,1483,1,10353
2,3913,1,1483,1,10354
2,3913,10,1483,2,10355
2,3913,30,1483,6,10356
2,3914,10,1483,2,10357
2,3915,1,1483,3,10358
2,3915,3,1483,18,10359
2,3915,4,1483,51,10360
2,3915,5,1483,17,10361
2,3915,6,1483,6,10362
2,3915,7,1483,14,10363
2,3915,8,1483,15,10364
2,3915,9,1483,4,10365
2,3915,10,1483,24,10366
2,3915,11,1483,2,10367
2,3915,17,1483,3,10368
2,3915,18,1483,1,10369
2,3915,25,1483,2,10370
2,3915,29,1483,1,10371
2,3916,1,1483,1,10372
2,3916,10,1483,22,10373
2,3917,10,1483,12,10374
2,3918,1,1483,1,10375
2,3918,10,1483,8,10376
2,3918,12,1483,3,10377
2,3918,18,1483,2,10378
2,3919,10,1483,4,10379
2,3920,4,1483,7,10380
2,3920,6,1483,1,10381
2,3920,7,1483,1,10382
2,3920,8,1483,1,10383
2,3920,9,1483,1,10384
2,3920,10,1483,2,10385
2,3920,17,1483,1,10386
2,3920,18,1483,1,10387
2,3921,1,1483,1,10388
2,3921,4,1483,3,10389
2,3921,6,1483,1,10390
2,3921,7,1483,1,10391
2,3921,8,1483,1,10392
2,3921,9,1483,1,10393
2,3921,10,1483,1,10394
2,3921,16,1483,1,10395
2,3921,17,1483,1,10396
2,3922,1,1483,1,10397
2,3922,10,1483,1,10398
2,3922,12,1483,1,10399
2,3923,10,1483,2,10400
2,3924,10,1483,1,10401
2,3925,1,1483,1,10402
2,3925,10,1483,9,10403
2,3925,17,1483,1,10404
2,3926,10,1483,1,10405
2,3927,1,1483,3,10406
2,3927,10,1483,1,10407
2,3928,10,1483,1,10408
2,3929,18,1483,2,10409
2,3930,10,1483,2,10410
2,3931,1,1483,1,10411
2,3931,10,1483,2,10412
2,3931,17,1483,1,10413
2,3932,10,1483,2,10414
2,3933,10,1483,11,10415
2,3934,19,1483,4,10416
2,3934,28,1483,10,10417
2,3935,10,1483,1,10418
2,3936,10,1483,5,10419
2,3937,1,1484,2,10420
2,3937,3,1484,2,10421
2,3937,4,1484,4,10422
2,3937,5,1484,2,10423
2,3937,6,1484,2,10424
2,3937,7,1484,2,10425
2,3937,8,1484,2,10426
2,3937,9,1484,1,10427
2,3937,10,1484,5,10428
2,3937,11,1484,1,10429
2,3937,18,1484,2,10430
2,3938,1,1485,2,10431
2,3938,10,1485,13,10432
2,3938,17,1485,1,10433
2,3939,1,1485,1,10434
2,3939,3,1485,61,10435
2,3939,17,1485,3,10436
2,3939,18,1485,3,10437
2,3939,47,1485,1,10438
2,3939,48,1485,8,10439
2,3940,1,1485,1,10440
2,3940,10,1485,51,10441
2,3941,10,1485,2,10442
2,3942,1,1485,3,10443
2,3942,10,1485,7,10444
2,3942,17,1485,1,10445
2,3943,1,1485,8,10446
2,3943,4,1485,111,10447
2,3943,5,1485,26,10448
2,3943,7,1485,22,10449
2,3943,8,1485,22,10450
2,3943,9,1485,4,10451
2,3943,10,1485,20,10452
2,3943,11,1485,2,10453
2,3943,17,1485,7,10454
2,3943,19,1485,19,10455
2,3943,26,1485,8,10456
2,3943,27,1485,6,10457
2,3943,28,1485,20,10458
2,3943,30,1485,14,10459
2,3943,37,1485,2,10460
2,3943,41,1485,5,10461
2,3943,56,1485,1,10462
2,3944,10,1485,1,10463
2,3945,1,1485,2,10464
2,3945,3,1485,2,10465
2,3945,4,1485,17,10466
2,3945,6,1485,2,10467
2,3945,7,1485,4,10468
2,3945,8,1485,3,10469
2,3945,9,1485,3,10470
2,3945,10,1485,10,10471
2,3945,17,1485,4,10472
2,3946,1,1485,1,10473
2,3946,10,1485,1,10474
2,3946,17,1485,1,10475
2,3947,1,1485,1,10476
2,3947,4,1485,3,10477
2,3947,10,1485,1,10478
2,3947,17,1485,1,10479
2,3948,1,1485,2,10480
2,3948,3,1485,6,10481
2,3948,4,1485,105,10482
2,3948,5,1485,11,10483
2,3948,6,1485,11,10484
2,3948,7,1485,18,10485
2,3948,8,1485,16,10486
2,3948,9,1485,6,10487
2,3948,10,1485,20,10488
2,3948,11,1485,1,10489
2,3948,17,1485,4,10490
2,3948,19,1485,6,10491
2,3948,27,1485,4,10492
2,3948,28,1485,16,10493
2,3948,29,1485,5,10494
2,3948,38,1485,6,10495
2,3949,10,1485,6,10496
2,3949,17,1485,1,10497
2,3950,6,1485,4,10498
2,3950,7,1485,4,10499
2,3950,8,1485,4,10500
2,3950,9,1485,4,10501
2,3950,10,1485,17,10502
2,3950,18,1485,1,10503
2,3950,22,1485,20,10504
2,3950,24,1485,220,10505
2,3950,32,1485,35,10506
2,3950,33,1485,30,10507
2,3950,34,1485,20,10508
2,3950,36,1485,26,10509
2,3951,1,1485,1,10510
2,3951,10,1485,2,10511
2,3952,1,1485,1,10512
2,3952,10,1485,5,10513
2,3952,17,1485,1,10514
2,3953,10,1485,1,10515
2,3954,1,1485,1,10516
2,3954,10,1485,3,10517
2,3955,10,1485,2,10518
2,3956,1,1485,10,10519
2,3956,3,1485,7,10520
2,3956,4,1485,27,10521
2,3956,5,1485,6,10522
2,3956,6,1485,2,10523
2,3956,7,1485,3,10524
2,3956,8,1485,3,10525
2,3956,9,1485,3,10526
2,3956,10,1485,77,10527
2,3956,11,1485,2,10528
2,3956,12,1485,1,10529
2,3956,18,1485,3,10530
2,3957,10,1485,2,10531
2,3957,20,1485,32,10532
2,3958,10,1485,1,10533
2,3959,1,1485,2,10534
2,3959,4,1485,59,10535
2,3959,10,1485,12,10536
2,3959,18,1485,1,10537
2,3959,24,1485,10,10538
2,3959,25,1485,2,10539
2,3959,33,1485,10,10540
2,3959,56,1485,6,10541
2,3960,10,1485,1,10542
2,3961,1,1485,3,10543
2,3961,4,1485,57,10544
2,3961,6,1485,2,10545
2,3961,7,1485,10,10546
2,3961,8,1485,10,10547
2,3961,9,1485,4,10548
2,3961,10,1485,38,10549
2,3961,17,1485,4,10550
2,3961,19,1485,12,10551
2,3961,28,1485,10,10552
2,3962,1,1485,3,10553
2,3962,4,1485,68,10554
2,3962,7,1485,8,10555
2,3962,8,1485,7,10556
2,3962,9,1485,2,10557
2,3962,10,1485,14,10558
2,3962,17,1485,5,10559
2,3962,18,1485,2,10560
2,3962,19,1485,34,10561
2,3962,25,1485,4,10562
2,3962,28,1485,27,10563
2,3963,1,1485,3,10564
2,3963,3,1485,1,10565
2,3963,4,1485,20,10566
2,3963,6,1485,1,10567
2,3963,7,1485,2,10568
2,3963,8,1485,2,10569
2,3963,9,1485,3,10570
2,3963,10,1485,4,10571
2,3963,17,1485,5,10572
2,3963,19,1485,1,10573
2,3963,28,1485,11,10574
2,3964,18,1485,4,10575
2,3965,1,1485,2,10576
2,3965,3,1485,14,10577
2,3965,4,1485,107,10578
2,3965,10,1485,13,10579
2,3965,17,1485,2,10580
2,3965,19,1485,2,10581
2,3965,28,1485,10,10582
2,3965,30,1485,38,10583
2,3965,46,1485,2,10584
2,3966,1,1485,1,10585
2,3966,10,1485,5,10586
2,3966,20,1485,10,10587
2,3966,22,1485,5,10588
2,3966,24,1485,20,10589
2,3966,32,1485,12,10590
2,3966,33,1485,12,10591
2,3966,34,1485,10,10592
2,3966,36,1485,6,10593
2,3966,54,1485,10,10594
2,3966,58,1485,2,10595
2,3967,10,1485,14,10596
2,3968,10,1485,5,10597
2,3969,10,1485,18,10598
2,3969,17,1485,2,10599
2,3970,10,1485,1,10600
2,3971,10,1485,5,10601
2,3972,10,1485,2,10602
2,3972,23,1485,29,10603
2,3973,10,1485,2,10604
2,3974,10,1485,1,10605
2,3975,10,1485,2,10606
2,3976,10,1485,1,10607
2,3977,10,1485,1,10608
2,3978,1,1485,2,10609
2,3978,4,1485,211,10610
2,3978,7,1485,10,10611
2,3978,8,1485,10,10612
2,3978,9,1485,6,10613
2,3978,10,1485,13,10614
2,3978,17,1485,6,10615
2,3978,19,1485,10,10616
2,3978,28,1485,37,10617
2,3979,10,1485,2,10618
2,3980,10,1485,6,10619
2,3981,1,1485,1,10620
2,3981,10,1485,4,10621
2,3981,23,1485,25,10622
2,3982,1,1485,1,10623
2,3982,10,1485,22,10624
2,3983,10,1485,1,10625
2,3984,10,1485,2,10626
2,3985,10,1485,2,10627
2,3986,1,1485,1,10628
2,3986,10,1485,3,10629
2,3987,10,1485,4,10630
2,3988,1,1485,5,10631
2,3988,10,1485,9,10632
2,3989,1,1485,1,10633
2,3989,10,1485,3,10634
2,3990,10,1485,1,10635
2,3991,10,1485,1,10636
2,3992,1,1485,5,10637
2,3992,10,1485,4,10638
2,3993,10,1485,7,10639
2,3994,1,1485,1,10640
2,3994,10,1485,1,10641
2,3995,10,1485,1,10642
2,3996,10,1485,4,10643
2,3997,10,1485,4,10644
2,3998,1,1485,1,10645
2,3998,3,1485,20,10646
2,3998,10,1485,7,10647
2,3998,25,1485,1,10648
2,3998,26,1485,4,10649
2,3998,27,1485,4,10650
2,3998,29,1485,3,10651
2,3998,47,1485,2,10652
2,3998,48,1485,8,10653
2,3999,1,1485,2,10654
2,3999,10,1485,6,10655
2,3999,17,1485,1,10656
2,4000,1,1485,1,10657
2,4000,10,1485,2,10658
2,4001,10,1485,1,10659
2,4002,10,1485,3,10660
2,4003,10,1485,2,10661
2,4004,10,1485,2,10662
2,4005,18,1485,1,10663
2,4006,10,1485,4,10664
2,4007,10,1485,1,10665
2,4008,10,1485,2,10666
2,4009,10,1485,8,10667
2,4010,1,1485,1,10668
2,4010,10,1485,3,10669
2,4010,23,1485,29,10670
2,4011,1,1485,2,10671
2,4011,10,1485,42,10672
2,4012,10,1485,1,10673
2,4013,10,1485,69,10674
2,4014,1,1485,1,10675
2,4014,10,1485,7,10676
2,4015,10,1485,1,10677
2,4016,10,1485,4,10678
2,4016,54,1485,2,10679
2,4016,58,1485,2,10680
2,4017,1,1485,1,10681
2,4018,1,1485,1,10682
2,4018,10,1485,2,10683
2,4019,1,1485,3,10684
2,4019,10,1485,3,10685
2,4020,1,1485,1,10686
2,4020,10,1485,2,10687
2,4021,10,1485,1,10688
2,4022,10,1485,3,10689
2,4023,10,1485,5,10690
2,4024,1,1485,1,10691
2,4024,10,1485,2,10692
2,4025,1,1485,1,10693
2,4025,10,1485,2,10694
2,4026,10,1485,2,10695
2,4027,1,1485,1,10696
2,4027,10,1485,2,10697
2,4028,10,1485,1,10698
2,4028,17,1485,2,10699
2,4029,1,1485,1,10700
2,4029,10,1485,1,10701
2,4030,1,1485,1,10702
2,4031,10,1485,22,10703
2,4032,10,1485,1,10704
2,4033,10,1485,2,10705
2,4034,25,1485,3,10706
2,4035,10,1485,3,10707
2,4036,1,1485,1,10708
2,4036,10,1485,2,10709
2,4037,1,1485,3,10710
2,4038,1,1485,2,10711
2,4038,10,1485,79,10712
2,4039,10,1485,2,10713
2,4040,10,1485,1,10714
2,4041,10,1485,1,10715
2,4042,10,1485,3,10716
2,4043,25,1485,3,10717
2,4044,10,1485,1,10718
2,4045,10,1485,7,10719
2,4046,10,1485,2,10720
2,4047,10,1485,1,10721
2,4048,10,1485,1,10722
2,4048,19,1485,2,10723
2,4048,28,1485,6,10724
2,4049,10,1485,12,10725
2,4050,10,1485,1,10726
2,4051,10,1485,1,10727
2,4052,10,1485,5,10728
2,4053,10,1485,4,10729
2,4054,10,1485,1,10730
2,4055,10,1485,1,10731
2,4056,10,1485,4,10732
2,4057,10,1485,1,10733
2,4058,1,1485,2,10734
2,4058,10,1485,6,10735
2,4058,30,1485,7,10736
2,4059,1,1485,1,10737
2,4060,10,1485,1,10738
2,4061,10,1485,2,10739
2,4062,10,1485,4,10740
2,4063,1,1485,1,10741
2,4063,10,1485,8,10742
2,4064,10,1485,2,10743
2,4065,1,1485,1,10744
2,4065,10,1485,5,10745
2,4065,30,1485,12,10746
2,4066,10,1485,1,10747
2,4067,10,1485,1,10748
2,4068,10,1485,2,10749
2,4069,10,1485,2,10750
2,4070,10,1485,1,10751
2,4071,10,1485,6,10752
2,4072,1,1485,1,10753
2,4072,10,1485,7,10754
2,4073,10,1485,4,10755
2,4073,17,1485,1,10756
2,4074,1,1486,2,10757
2,4074,3,1486,2,10758
2,4074,4,1486,8,10759
2,4074,6,1486,2,10760
2,4074,7,1486,3,10761
2,4074,8,1486,3,10762
2,4074,9,1486,2,10763
2,4074,10,1486,9,10764
2,4074,11,1486,1,10765
2,4074,12,1486,1,10766
2,4074,18,1486,5,10767
2,4075,1,1487,1,10768
2,4075,3,1487,3,10769
2,4075,4,1487,7,10770
2,4075,5,1487,1,10771
2,4075,6,1487,2,10772
2,4075,7,1487,3,10773
2,4075,8,1487,3,10774
2,4075,9,1487,2,10775
2,4075,10,1487,2,10776
2,4075,11,1487,1,10777
2,4075,18,1487,2,10778
2,4076,1,1488,2,10779
2,4076,3,1488,3,10780
2,4076,4,1488,5,10781
2,4076,5,1488,2,10782
2,4076,6,1488,1,10783
2,4076,7,1488,2,10784
2,4076,8,1488,2,10785
2,4076,9,1488,1,10786
2,4076,10,1488,7,10787
2,4076,11,1488,1,10788
2,4076,18,1488,3,10789
2,4077,2,1489,3,10790
2,4077,3,1489,4,10791
2,4077,4,1489,6,10792
2,4077,7,1489,2,10793
2,4077,8,1489,1,10794
2,4077,9,1489,2,10795
2,4077,10,1489,8,10796
2,4077,11,1489,2,10797
2,4077,18,1489,3,10798
2,4078,1,1490,1,10799
2,4078,2,1490,2,10800
2,4078,3,1490,4,10801
2,4078,4,1490,8,10802
2,4078,6,1490,2,10803
2,4078,7,1490,3,10804
2,4078,8,1490,3,10805
2,4078,9,1490,2,10806
2,4078,10,1490,8,10807
2,4078,11,1490,1,10808
2,4078,18,1490,3,10809
2,4079,10,1490,4,10810
2,4080,1,1491,1,10811
2,4080,3,1491,1,10812
2,4080,4,1491,3,10813
2,4080,5,1491,2,10814
2,4080,6,1491,1,10815
2,4080,7,1491,1,10816
2,4080,8,1491,1,10817
2,4080,9,1491,1,10818
2,4080,10,1491,5,10819
2,4080,11,1491,1,10820
2,4080,18,1491,3,10821
2,4081,1,1492,2,10822
2,4081,3,1492,2,10823
2,4081,4,1492,6,10824
2,4081,5,1492,2,10825
2,4081,6,1492,1,10826
2,4081,7,1492,1,10827
2,4081,8,1492,2,10828
2,4081,9,1492,1,10829
2,4081,10,1492,18,10830
2,4081,11,1492,1,10831
2,4081,18,1492,6,10832
2,4082,1,1493,3,10833
2,4082,3,1493,2,10834
2,4082,4,1493,8,10835
2,4082,5,1493,4,10836
2,4082,6,1493,2,10837
2,4082,7,1493,2,10838
2,4082,8,1493,2,10839
2,4082,9,1493,1,10840
2,4082,10,1493,9,10841
2,4082,11,1493,2,10842
2,4083,1,1494,1,10843
2,4083,3,1494,1,10844
2,4083,4,1494,3,10845
2,4083,5,1494,1,10846
2,4083,6,1494,1,10847
2,4083,7,1494,1,10848
2,4083,8,1494,1,10849
2,4083,9,1494,1,10850
2,4083,10,1494,3,10851
2,4083,11,1494,1,10852
2,4083,12,1494,1,10853
2,4083,18,1494,3,10854
2,4084,10,1493,3,10855
2,4085,3,1495,2,10856
2,4085,4,1495,7,10857
2,4085,5,1495,1,10858
2,4085,6,1495,2,10859
2,4085,7,1495,10,10860
2,4085,8,1495,10,10861
2,4085,9,1495,5,10862
2,4085,10,1495,8,10863
2,4085,11,1495,1,10864
2,4085,18,1495,7,10865
2,4086,1,1214,1,10866
2,4086,10,1214,2,10867
2,4086,23,1214,16,10868
2,4087,1,1496,1,10869
2,4087,10,1496,6,10870
2,4088,1,1496,2,10871
2,4088,3,1496,6,10872
2,4088,4,1496,27,10873
2,4088,6,1496,4,10874
2,4088,7,1496,5,10875
2,4088,8,1496,5,10876
2,4088,9,1496,4,10877
2,4088,10,1496,27,10878
2,4088,11,1496,1,10879
2,4088,17,1496,1,10880
2,4088,18,1496,4,10881
2,4088,19,1496,4,10882
2,4088,25,1496,1,10883
2,4088,28,1496,10,10884
2,4089,10,1496,8,10885
2,4090,10,1496,1,10886
2,4091,10,1496,7,10887
2,4092,1,1497,2,10888
2,4092,3,1497,2,10889
2,4092,4,1497,6,10890
2,4092,5,1497,4,10891
2,4092,7,1497,1,10892
2,4092,8,1497,1,10893
2,4092,9,1497,1,10894
2,4092,10,1497,4,10895
2,4092,11,1497,1,10896
2,4092,18,1497,3,10897
2,4093,1,1498,2,10898
2,4093,2,1498,4,10899
2,4093,3,1498,3,10900
2,4093,4,1498,13,10901
2,4093,6,1498,2,10902
2,4093,7,1498,6,10903
2,4093,8,1498,6,10904
2,4093,9,1498,4,10905
2,4093,10,1498,16,10906
2,4093,11,1498,1,10907
2,4093,12,1498,1,10908
2,4093,17,1498,1,10909
2,4093,18,1498,4,10910
2,4093,25,1498,2,10911
2,4094,10,1498,4,10912
2,4095,1,1499,3,10913
2,4095,3,1499,6,10914
2,4095,4,1499,13,10915
2,4095,6,1499,4,10916
2,4095,7,1499,4,10917
2,4095,8,1499,4,10918
2,4095,9,1499,3,10919
2,4095,10,1499,9,10920
2,4095,11,1499,3,10921
2,4095,18,1499,6,10922
2,4096,1,1500,2,10923
2,4096,3,1500,4,10924
2,4096,4,1500,12,10925
2,4096,5,1500,5,10926
2,4096,6,1500,2,10927
2,4096,7,1500,2,10928
2,4096,8,1500,2,10929
2,4096,9,1500,1,10930
2,4096,10,1500,9,10931
2,4096,11,1500,1,10932
2,4096,12,1500,1,10933
2,4096,18,1500,6,10934
2,4097,10,1500,5,10935
2,4098,1,1500,1,10936
2,4098,10,1500,4,10937
2,4099,1,1501,1,10938
2,4099,3,1501,2,10939
2,4099,4,1501,4,10940
2,4099,5,1501,1,10941
2,4099,7,1501,1,10942
2,4099,8,1501,1,10943
2,4099,9,1501,1,10944
2,4099,10,1501,7,10945
2,4099,11,1501,1,10946
2,4099,18,1501,3,10947
2,4100,10,1502,1,10948
2,4101,10,1502,1,10949
2,4102,1,1502,2,10950
2,4102,3,1502,2,10951
2,4102,4,1502,9,10952
2,4102,5,1502,4,10953
2,4102,6,1502,2,10954
2,4102,7,1502,4,10955
2,4102,8,1502,4,10956
2,4102,9,1502,2,10957
2,4102,10,1502,9,10958
2,4102,11,1502,1,10959
2,4102,12,1502,1,10960
2,4102,18,1502,4,10961
2,4103,1,1502,1,10962
2,4103,10,1502,4,10963
2,4104,18,1502,1,10964
2,4105,10,1503,4,10965
2,4106,1,1503,1,10966
2,4106,3,1503,2,10967
2,4106,4,1503,5,10968
2,4106,6,1503,2,10969
2,4106,7,1503,2,10970
2,4106,8,1503,2,10971
2,4106,9,1503,1,10972
2,4106,10,1503,7,10973
2,4106,11,1503,1,10974
2,4106,18,1503,3,10975
2,4107,10,1214,3,10976
2,4108,10,1214,1,10977
2,4109,1,1214,24,10978
2,4109,10,1214,230,10979
2,4109,17,1214,3,10980
2,4110,1,1214,1,10981
2,4110,10,1214,2,10982
2,4111,10,1214,7,10983
2,4112,1,1214,1,10984
2,4112,10,1214,5,10985
2,4112,17,1214,1,10986
2,4113,10,1214,17,10987
2,4113,17,1214,4,10988
2,4114,1,1214,5,10989
2,4114,10,1214,6,10990
2,4115,10,1214,1,10991
2,4116,1,1214,1,10992
2,4116,4,1214,22,10993
2,4116,7,1214,3,10994
2,4116,8,1214,3,10995
2,4116,9,1214,1,10996
2,4116,10,1214,1,10997
2,4116,17,1214,2,10998
2,4116,19,1214,18,10999
2,4116,28,1214,12,11000
2,4117,1,1214,1,11001
2,4117,10,1214,31,11002
2,4117,17,1214,3,11003
2,4118,1,1214,2,11004
2,4118,10,1214,5,11005
2,4118,30,1214,15,11006
2,4119,1,1214,2,11007
2,4119,10,1214,9,11008
2,4119,23,1214,56,11009
2,4120,1,1214,1,11010
2,4120,10,1214,6,11011
2,4120,30,1214,15,11012
2,4121,10,1214,8,11013
2,4122,10,1214,7,11014
2,4123,1,1214,5,11015
2,4123,10,1214,83,11016
2,4124,1,1214,1,11017
2,4124,10,1214,1,11018
2,4125,10,1214,12,11019
2,4126,1,1214,1,11020
2,4126,10,1214,1,11021
2,4126,17,1214,1,11022
2,4127,10,1214,1,11023
2,4128,10,1214,8,11024
2,4129,10,1214,3,11025
2,4130,1,1214,4,11026
2,4130,10,1214,8,11027
2,4130,17,1214,1,11028
2,4131,1,1214,13,11029
2,4131,3,1214,62,11030
2,4131,4,1214,203,11031
2,4131,6,1214,12,11032
2,4131,7,1214,15,11033
2,4131,8,1214,18,11034
2,4131,9,1214,13,11035
2,4131,10,1214,160,11036
2,4131,11,1214,2,11037
2,4131,17,1214,18,11038
2,4131,19,1214,16,11039
2,4131,26,1214,5,11040
2,4131,27,1214,10,11041
2,4131,28,1214,25,11042
2,4131,29,1214,4,11043
2,4131,30,1214,29,11044
2,4131,38,1214,5,11045
2,4131,46,1214,1,11046
2,4131,47,1214,3,11047
2,4131,48,1214,9,11048
2,4131,52,1214,1,11049
2,4131,53,1214,1,11050
2,4132,1,1214,5,11051
2,4132,2,1214,10,11052
2,4132,4,1214,184,11053
2,4132,7,1214,11,11054
2,4132,8,1214,10,11055
2,4132,9,1214,5,11056
2,4132,10,1214,23,11057
2,4132,11,1214,1,11058
2,4132,17,1214,8,11059
2,4132,19,1214,17,11060
2,4132,26,1214,5,11061
2,4132,27,1214,10,11062
2,4132,28,1214,38,11063
2,4132,29,1214,5,11064
2,4132,30,1214,9,11065
2,4132,38,1214,5,11066
2,4133,10,1214,8,11067
2,4134,10,1214,5,11068
2,4135,10,1214,1,11069
2,4136,10,1214,6,11070
2,4137,10,1214,1,11071
2,4138,1,1214,1,11072
2,4138,10,1214,1,11073
2,4138,17,1214,5,11074
2,4139,1,1214,1,11075
2,4139,10,1214,2,11076
2,4140,10,1214,4,11077
2,4140,24,1214,20,11078
2,4140,32,1214,2,11079
2,4140,33,1214,3,11080
2,4140,34,1214,20,11081
2,4140,36,1214,2,11082
2,4141,1,1214,1,11083
2,4141,10,1214,1,11084
2,4141,17,1214,1,11085
2,4142,10,1214,6,11086
2,4143,10,1214,1,11087
2,4144,1,1214,1,11088
2,4144,10,1214,3,11089
2,4145,10,1214,34,11090
2,4146,4,1214,8,11091
2,4146,10,1214,1,11092
2,4146,17,1214,7,11093
2,4147,10,1214,6,11094
2,4148,10,1214,6,11095
2,4149,1,1214,1,11096
2,4149,10,1214,11,11097
2,4150,10,1214,14,11098
2,4151,1,1214,4,11099
2,4151,4,1214,10,11100
2,4151,10,1214,2,11101
2,4151,17,1214,5,11102
2,4152,16,1214,1,11103
2,4153,10,1214,2,11104
2,4154,10,1214,1,11105
2,4155,1,1214,1,11106
2,4155,10,1214,3,11107
2,4156,1,1214,1,11108
2,4156,4,1214,17,11109
2,4156,7,1214,8,11110
2,4156,8,1214,6,11111
2,4156,9,1214,2,11112
2,4156,10,1214,2,11113
2,4156,17,1214,1,11114
2,4156,18,1214,5,11115
2,4157,10,1214,3,11116
2,4158,10,1214,3,11117
2,4159,1,1214,1,11118
2,4159,10,1214,2,11119
2,4160,1,1214,3,11120
2,4160,2,1214,3,11121
2,4160,3,1214,6,11122
2,4160,4,1214,8,11123
2,4160,6,1214,4,11124
2,4160,7,1214,3,11125
2,4160,8,1214,3,11126
2,4160,9,1214,4,11127
2,4160,10,1214,58,11128
2,4160,11,1214,1,11129
2,4160,12,1214,1,11130
2,4161,1,1214,19,11131
2,4161,6,1214,11,11132
2,4161,7,1214,13,11133
2,4161,8,1214,15,11134
2,4161,9,1214,10,11135
2,4161,10,1214,152,11136
2,4162,1,1214,1,11137
2,4162,3,1214,75,11138
2,4162,6,1214,23,11139
2,4162,9,1214,5,11140
2,4162,10,1214,24,11141
2,4162,17,1214,4,11142
2,4162,47,1214,8,11143
2,4162,48,1214,12,11144
2,4163,10,1214,23,11145
2,4163,12,1214,1,11146
2,4164,1,1214,2,11147
2,4164,10,1214,1,11148
2,4165,1,1214,1,11149
2,4165,3,1214,2,11150
2,4165,4,1214,149,11151
2,4165,6,1214,2,11152
2,4165,7,1214,11,11153
2,4165,8,1214,11,11154
2,4165,9,1214,6,11155
2,4165,10,1214,9,11156
2,4165,17,1214,4,11157
2,4165,18,1214,1,11158
2,4165,19,1214,18,11159
2,4165,28,1214,22,11160
2,4165,30,1214,6,11161
2,4165,40,1214,30,11162
2,4165,55,1214,5,11163
2,4166,10,1214,2,11164
2,4167,1,1214,35,11165
2,4167,2,1214,3,11166
2,4167,3,1214,97,11167
2,4167,4,1214,337,11168
2,4167,6,1214,31,11169
2,4167,7,1214,42,11170
2,4167,8,1214,47,11171
2,4167,9,1214,14,11172
2,4167,10,1214,282,11173
2,4167,12,1214,2,11174
2,4167,17,1214,20,11175
2,4167,18,1214,2,11176
2,4167,19,1214,35,11177
2,4167,24,1214,17,11178
2,4167,25,1214,1,11179
2,4167,27,1214,30,11180
2,4167,28,1214,107,11181
2,4167,29,1214,2,11182
2,4167,30,1214,65,11183
2,4167,32,1214,2,11184
2,4167,38,1214,9,11185
2,4167,40,1214,2,11186
2,4167,41,1214,2,11187
2,4167,46,1214,4,11188
2,4167,47,1214,1,11189
2,4167,48,1214,29,11190
2,4168,1,1214,2,11191
2,4168,10,1214,19,11192
2,4169,3,1214,2,11193
2,4169,4,1214,34,11194
2,4169,10,1214,1,11195
2,4169,17,1214,3,11196
2,4170,10,1214,3,11197
2,4171,1,1214,4,11198
2,4171,2,1214,5,11199
2,4171,3,1214,5,11200
2,4171,4,1214,144,11201
2,4171,6,1214,5,11202
2,4171,7,1214,25,11203
2,4171,8,1214,30,11204
2,4171,9,1214,8,11205
2,4171,10,1214,14,11206
2,4171,11,1214,1,11207
2,4171,15,1214,2,11208
2,4171,17,1214,7,11209
2,4171,19,1214,6,11210
2,4171,26,1214,4,11211
2,4171,27,1214,6,11212
2,4171,28,1214,51,11213
2,4171,29,1214,2,11214
2,4171,30,1214,35,11215
2,4171,37,1214,2,11216
2,4171,38,1214,4,11217
2,4171,39,1214,6,11218
2,4171,40,1214,1,11219
2,4171,46,1214,1,11220
2,4171,47,1214,2,11221
2,4171,48,1214,2,11222
2,4171,49,1214,2,11223
2,4172,10,1214,6,11224
2,4172,17,1214,2,11225
2,4173,10,1214,5,11226
2,4174,1,1214,1,11227
2,4174,4,1214,6,11228
2,4174,10,1214,1,11229
2,4174,17,1214,5,11230
2,4175,10,1214,3,11231
2,4176,10,1214,1,11232
2,4177,18,1214,3,11233
2,4178,1,1214,3,11234
2,4178,10,1214,1,11235
2,4178,17,1214,3,11236
2,4179,1,1214,1,11237
2,4179,10,1214,2,11238
2,4179,17,1214,2,11239
2,4180,1,1214,1,11240
2,4180,10,1214,6,11241
2,4181,1,1214,5,11242
2,4181,2,1214,42,11243
2,4181,3,1214,17,11244
2,4181,4,1214,97,11245
2,4181,6,1214,15,11246
2,4181,7,1214,17,11247
2,4181,8,1214,31,11248
2,4181,9,1214,15,11249
2,4181,10,1214,27,11250
2,4181,11,1214,3,11251
2,4181,15,1214,7,11252
2,4181,16,1214,6,11253
2,4181,17,1214,6,11254
2,4181,18,1214,1,11255
2,4181,19,1214,5,11256
2,4181,26,1214,1,11257
2,4181,27,1214,20,11258
2,4181,28,1214,25,11259
2,4181,29,1214,10,11260
2,4181,38,1214,9,11261
2,4181,40,1214,5,11262
2,4181,49,1214,11,11263
2,4182,1,1214,2,11264
2,4182,10,1214,2,11265
2,4183,1,1214,1,11266
2,4183,10,1214,5,11267
2,4184,1,1214,1,11268
2,4184,7,1214,4,11269
2,4184,8,1214,4,11270
2,4184,9,1214,3,11271
2,4184,10,1214,20,11272
2,4184,18,1214,1,11273
2,4184,20,1214,37,11274
2,4184,24,1214,247,11275
2,4184,32,1214,12,11276
2,4185,1,1214,1,11277
2,4185,2,1214,27,11278
2,4185,4,1214,92,11279
2,4185,7,1214,19,11280
2,4185,8,1214,19,11281
2,4185,9,1214,5,11282
2,4185,10,1214,14,11283
2,4185,11,1214,2,11284
2,4185,17,1214,7,11285
2,4185,19,1214,5,11286
2,4185,26,1214,4,11287
2,4185,29,1214,15,11288
2,4185,37,1214,5,11289
2,4185,38,1214,15,11290
2,4186,10,1214,2,11291
2,4187,10,1214,1,11292
2,4188,10,1214,1,11293
2,4189,10,1214,7,11294
2,4189,23,1214,93,11295
2,4190,10,1214,8,11296
2,4191,10,1214,43,11297
2,4192,1,1214,17,11298
2,4192,2,1214,50,11299
2,4192,3,1214,85,11300
2,4192,4,1214,197,11301
2,4192,6,1214,20,11302
2,4192,7,1214,49,11303
2,4192,8,1214,35,11304
2,4192,9,1214,7,11305
2,4192,10,1214,85,11306
2,4192,11,1214,2,11307
2,4192,15,1214,2,11308
2,4192,17,1214,18,11309
2,4192,18,1214,4,11310
2,4192,19,1214,1,11311
2,4192,24,1214,17,11312
2,4192,25,1214,3,11313
2,4192,26,1214,14,11314
2,4192,27,1214,19,11315
2,4192,28,1214,82,11316
2,4192,29,1214,1,11317
2,4192,32,1214,5,11318
2,4192,38,1214,10,11319
2,4192,46,1214,3,11320
2,4192,48,1214,6,11321
2,4192,49,1214,1,11322
2,4192,52,1214,2,11323
2,4192,53,1214,2,11324
2,4193,10,1214,4,11325
2,4194,18,1214,5,11326
2,4194,25,1214,2,11327
2,4195,1,1214,3,11328
2,4195,3,1214,25,11329
2,4195,4,1214,63,11330
2,4195,6,1214,7,11331
2,4195,7,1214,20,11332
2,4195,8,1214,21,11333
2,4195,9,1214,5,11334
2,4195,10,1214,12,11335
2,4195,17,1214,5,11336
2,4195,25,1214,2,11337
2,4196,1,1214,16,11338
2,4196,2,1214,6,11339
2,4196,3,1214,8,11340
2,4196,4,1214,14,11341
2,4196,6,1214,3,11342
2,4196,7,1214,5,11343
2,4196,8,1214,5,11344
2,4196,9,1214,6,11345
2,4196,10,1214,235,11346
2,4196,11,1214,1,11347
2,4196,12,1214,2,11348
2,4196,17,1214,2,11349
2,4197,1,1214,2,11350
2,4197,3,1214,11,11351
2,4197,4,1214,49,11352
2,4197,6,1214,15,11353
2,4197,7,1214,12,11354
2,4197,8,1214,12,11355
2,4197,9,1214,5,11356
2,4197,10,1214,275,11357
2,4197,11,1214,2,11358
2,4197,12,1214,1,11359
2,4197,18,1214,1,11360
2,4198,1,1214,6,11361
2,4198,3,1214,8,11362
2,4198,4,1214,8,11363
2,4198,6,1214,4,11364
2,4198,7,1214,4,11365
2,4198,8,1214,4,11366
2,4198,9,1214,6,11367
2,4198,10,1214,193,11368
2,4198,11,1214,1,11369
2,4198,12,1214,2,11370
2,4198,18,1214,19,11371
2,4198,25,1214,5,11372
2,4199,1,1214,3,11373
2,4199,2,1214,2,11374
2,4199,3,1214,6,11375
2,4199,4,1214,15,11376
2,4199,6,1214,10,11377
2,4199,7,1214,10,11378
2,4199,8,1214,12,11379
2,4199,9,1214,11,11380
2,4199,10,1214,256,11381
2,4199,11,1214,2,11382
2,4199,12,1214,6,11383
2,4199,17,1214,3,11384
2,4200,1,1214,2,11385
2,4200,10,1214,24,11386
2,4200,17,1214,3,11387
2,4201,1,1214,1,11388
2,4201,2,1214,5,11389
2,4201,3,1214,2,11390
2,4201,4,1214,117,11391
2,4201,6,1214,2,11392
2,4201,7,1214,4,11393
2,4201,8,1214,5,11394
2,4201,9,1214,3,11395
2,4201,10,1214,84,11396
2,4201,11,1214,1,11397
2,4201,13,1214,2,11398
2,4201,14,1214,15,11399
2,4201,17,1214,5,11400
2,4201,23,1214,9,11401
2,4201,26,1214,1,11402
2,4201,29,1214,2,11403
2,4201,30,1214,7,11404
2,4201,42,1214,4,11405
2,4201,43,1214,6,11406
2,4201,44,1214,35,11407
2,4201,45,1214,2,11408
2,4201,50,1214,2,11409
2,4202,10,1214,2,11410
2,4203,1,1214,1,11411
2,4203,3,1214,4,11412
2,4203,4,1214,59,11413
2,4203,6,1214,4,11414
2,4203,7,1214,5,11415
2,4203,8,1214,5,11416
2,4203,9,1214,4,11417
2,4203,10,1214,21,11418
2,4203,17,1214,5,11419
2,4203,19,1214,3,11420
2,4203,28,1214,6,11421
2,4203,30,1214,10,11422
2,4204,12,1214,1,11423
2,4205,10,1214,3,11424
2,4206,10,1214,7,11425
2,4207,1,1214,32,11426
2,4207,10,1214,9,11427
2,4208,1,1214,2,11428
2,4208,4,1214,54,11429
2,4208,10,1214,12,11430
2,4208,14,1214,7,11431
2,4208,16,1214,1,11432
2,4208,30,1214,16,11433
2,4208,44,1214,9,11434
2,4209,10,1214,2,11435
2,4210,4,1214,13,11436
2,4210,10,1214,1,11437
2,4210,40,1214,16,11438
2,4211,10,1214,2,11439
2,4212,10,1214,1,11440
2,4213,1,1214,1,11441
2,4213,10,1214,1,11442
2,4214,4,1214,40,11443
2,4214,9,1214,2,11444
2,4214,10,1214,13,11445
2,4214,14,1214,6,11446
2,4214,16,1214,4,11447
2,4214,25,1214,1,11448
2,4214,44,1214,22,11449
2,4215,10,1214,5,11450
2,4216,10,1214,61,11451
2,4216,17,1214,6,11452
2,4217,10,1214,5,11453
2,4218,1,1214,1,11454
2,4218,10,1214,13,11455
2,4219,10,1214,23,11456
2,4220,1,1214,2,11457
2,4220,10,1214,2,11458
2,4221,1,1214,1,11459
2,4221,10,1214,5,11460
2,4221,23,1214,60,11461
2,4222,1,1214,1,11462
2,4222,10,1214,28,11463
2,4223,1,1214,1,11464
2,4223,4,1214,10,11465
2,4223,10,1214,2,11466
2,4223,30,1214,14,11467
2,4223,55,1214,1,11468
2,4224,10,1214,1,11469
2,4225,1,1214,1,11470
2,4225,10,1214,1,11471
2,4226,10,1214,1,11472
2,4227,10,1214,3,11473
2,4228,10,1214,1,11474
2,4229,1,1214,1,11475
2,4229,4,1214,4,11476
2,4229,10,1214,1,11477
2,4229,17,1214,1,11478
2,4230,10,1214,3,11479
2,4231,1,1214,4,11480
2,4231,2,1214,19,11481
2,4231,3,1214,5,11482
2,4231,4,1214,87,11483
2,4231,6,1214,3,11484
2,4231,7,1214,6,11485
2,4231,8,1214,7,11486
2,4231,9,1214,6,11487
2,4231,10,1214,14,11488
2,4231,11,1214,1,11489
2,4231,17,1214,9,11490
2,4231,19,1214,13,11491
2,4231,26,1214,6,11492
2,4231,27,1214,9,11493
2,4231,28,1214,26,11494
2,4231,29,1214,7,11495
2,4231,55,1214,1,11496
2,4232,10,1214,4,11497
2,4232,12,1214,1,11498
2,4233,10,1214,7,11499
2,4233,17,1214,1,11500
2,4234,1,1214,2,11501
2,4234,10,1214,28,11502
2,4235,10,1214,3,11503
2,4236,17,1214,4,11504
2,4237,10,1214,7,11505
2,4238,10,1214,22,11506
2,4238,17,1214,4,11507
2,4239,10,1214,1,11508
2,4240,1,1214,1,11509
2,4240,10,1214,1,11510
2,4241,10,1214,4,11511
2,4242,10,1214,16,11512
2,4243,10,1214,3,11513
2,4244,1,1214,5,11514
2,4244,10,1214,3,11515
2,4245,10,1214,1,11516
2,4245,17,1214,3,11517
2,4246,10,1214,8,11518
2,4247,10,1214,1,11519
2,4248,18,1214,4,11520
2,4248,25,1214,5,11521
2,4249,10,1214,2,11522
2,4250,1,1214,2,11523
2,4250,10,1214,6,11524
2,4251,10,1214,1,11525
2,4252,10,1214,4,11526
2,4252,40,1214,13,11527
2,4252,55,1214,24,11528
2,4253,10,1214,4,11529
2,4254,10,1214,2,11530
2,4254,17,1214,5,11531
2,4255,1,1214,2,11532
2,4255,10,1214,1,11533
2,4256,57,1214,50,11534
2,4256,62,1214,42,11535
2,4257,14,1214,4,11536
2,4257,44,1214,14,11537
2,4258,10,1214,24,11538
2,4258,12,1214,1,11539
2,4259,10,1214,4,11540
2,4260,10,1214,5,11541
2,4261,10,1214,9,11542
2,4262,10,1214,5,11543
2,4263,4,1214,7,11544
2,4263,10,1214,1,11545
2,4264,10,1214,1,11546
2,4265,10,1214,8,11547
2,4266,10,1214,1,11548
2,4267,10,1214,14,11549
2,4268,18,1214,3,11550
2,4268,25,1214,1,11551
2,4269,10,1214,1,11552
2,4270,10,1214,1,11553
2,4271,1,1214,2,11554
2,4271,10,1214,6,11555
2,4272,10,1214,3,11556
2,4273,1,1214,1,11557
2,4273,10,1214,1,11558
2,4274,10,1214,1,11559
2,4275,18,1214,12,11560
2,4275,25,1214,5,11561
2,4276,10,1214,1,11562
2,4277,10,1214,2,11563
2,4278,10,1214,4,11564
2,4279,10,1214,1,11565
2,4279,17,1214,4,11566
2,4280,10,1214,6,11567
2,4281,1,1214,5,11568
2,4281,10,1214,5,11569
2,4282,1,1214,3,11570
2,4282,10,1214,45,11571
2,4282,12,1214,1,11572
2,4283,10,1214,2,11573
2,4284,10,1214,1,11574
2,4285,1,1214,2,11575
2,4285,10,1214,29,11576
2,4285,23,1214,40,11577
2,4286,10,1214,2,11578
2,4287,1,1214,1,11579
2,4287,10,1214,1,11580
2,4288,10,1214,3,11581
2,4289,10,1214,1,11582
2,4290,10,1214,1,11583
2,4290,17,1214,1,11584
2,4291,10,1214,1,11585
2,4292,10,1214,1,11586
2,4293,10,1214,4,11587
2,4294,1,1214,1,11588
2,4294,10,1214,3,11589
2,4295,18,1214,5,11590
2,4295,25,1214,6,11591
2,4296,10,1214,7,11592
2,4297,10,1214,1,11593
2,4298,10,1214,7,11594
2,4299,10,1214,1,11595
2,4299,17,1214,1,11596
2,4300,10,1214,1,11597
2,4301,1,1214,1,11598
2,4301,10,1214,2,11599
2,4302,10,1214,10,11600
2,4303,10,1214,22,11601
2,4304,1,1214,1,11602
2,4304,10,1214,8,11603
2,4305,10,1214,5,11604
2,4306,10,1214,4,11605
2,4307,1,1214,1,11606
2,4307,10,1214,24,11607
2,4308,18,1214,6,11608
2,4308,25,1214,1,11609
2,4309,10,1214,1,11610
2,4310,1,1214,2,11611
2,4310,10,1214,22,11612
2,4311,1,1214,1,11613
2,4311,10,1214,2,11614
2,4312,10,1214,6,11615
2,4313,1,1214,1,11616
2,4313,10,1214,3,11617
2,4314,10,1214,1,11618
2,4315,10,1214,5,11619
2,4316,10,1214,6,11620
2,4317,10,1214,1,11621
2,4318,10,1214,1,11622
2,4319,10,1214,1,11623
2,4320,1,1214,2,11624
2,4320,10,1214,5,11625
2,4321,10,1214,1,11626
2,4322,10,1214,1,11627
2,4323,10,1214,4,11628
2,4323,22,1214,10,11629
2,4323,33,1214,11,11630
2,4323,34,1214,2,11631
2,4323,56,1214,2,11632
2,4324,10,1214,1,11633
2,4324,17,1214,1,11634
2,4325,10,1214,11,11635
2,4325,40,1214,6,11636
2,4326,10,1214,31,11637
2,4327,10,1214,11,11638
2,4328,10,1214,1,11639
2,4329,10,1214,1,11640
2,4330,1,1214,2,11641
2,4330,4,1214,13,11642
2,4330,10,1214,6,11643
2,4330,17,1214,1,11644
2,4331,10,1214,1,11645
2,4332,10,1214,4,11646
2,4333,10,1214,1,11647
2,4334,10,1214,1,11648
2,4335,10,1214,1,11649
2,4335,20,1214,60,11650
2,4336,1,1214,1,11651
2,4336,10,1214,1,11652
2,4337,1,1214,3,11653
2,4337,10,1214,9,11654
2,4338,10,1214,2,11655
2,4339,10,1214,2,11656
2,4340,1,1214,1,11657
2,4340,10,1214,3,11658
2,4341,10,1214,4,11659
2,4342,10,1214,10,11660
2,4343,10,1214,1,11661
2,4344,10,1214,2,11662
2,4345,18,1214,1,11663
2,4346,1,1214,1,11664
2,4346,10,1214,2,11665
2,4347,10,1214,4,11666
2,4348,1,1214,2,11667
2,4349,10,1214,5,11668
2,4350,1,1214,2,11669
2,4350,2,1214,25,11670
2,4350,4,1214,260,11671
2,4350,7,1214,12,11672
2,4350,8,1214,12,11673
2,4350,9,1214,3,11674
2,4350,10,1214,10,11675
2,4350,11,1214,2,11676
2,4350,17,1214,9,11677
2,4350,19,1214,4,11678
2,4350,26,1214,12,11679
2,4350,27,1214,6,11680
2,4350,28,1214,38,11681
2,4350,29,1214,2,11682
2,4351,10,1214,1,11683
2,4352,10,1214,2,11684
2,4353,1,1214,1,11685
2,4353,4,1214,17,11686
2,4353,10,1214,4,11687
2,4353,16,1214,5,11688
2,4353,17,1214,5,11689
2,4353,19,1214,3,11690
2,4353,25,1214,1,11691
2,4354,4,1214,5,11692
2,4354,10,1214,2,11693
2,4354,17,1214,3,11694
2,4355,10,1214,5,11695
2,4355,20,1214,25,11696
2,4356,1,1214,4,11697
2,4356,10,1214,65,11698
2,4357,10,1214,2,11699
2,4358,17,1214,2,11700
2,4359,10,1214,2,11701
2,4360,10,1214,13,11702
2,4361,10,1214,2,11703
2,4362,10,1214,3,11704
2,4363,10,1214,3,11705
2,4364,10,1214,1,11706
2,4364,17,1214,1,11707
2,4365,10,1214,1,11708
2,4366,16,1214,1,11709
2,4367,1,1214,2,11710
2,4367,10,1214,13,11711
2,4367,20,1214,15,11712
2,4367,21,1214,2,11713
2,4367,24,1214,40,11714
2,4367,32,1214,5,11715
2,4367,33,1214,10,11716
2,4368,1,1214,2,11717
2,4368,10,1214,47,11718
2,4369,1,1214,1,11719
2,4369,10,1214,2,11720
2,4370,10,1214,4,11721
2,4371,1,1214,1,11722
2,4371,10,1214,1,11723
2,4372,1,1214,6,11724
2,4372,10,1214,7,11725
2,4373,10,1214,2,11726
2,4374,1,1214,1,11727
2,4374,10,1214,5,11728
2,4375,10,1214,3,11729
2,4376,10,1214,1,11730
2,4377,10,1214,1,11731
2,4377,17,1214,1,11732
2,4378,10,1214,4,11733
2,4379,10,1214,4,11734
2,4380,10,1214,3,11735
2,4381,1,1214,2,11736
2,4382,10,1214,2,11737
2,4383,10,1214,1,11738
2,4383,17,1214,4,11739
2,4384,10,1214,1,11740
2,4385,10,1214,3,11741
2,4386,10,1214,6,11742
2,4387,10,1214,1,11743
2,4388,10,1214,6,11744
2,4389,1,1214,1,11745
2,4389,10,1214,8,11746
2,4389,23,1214,30,11747
2,4390,1,1214,1,11748
2,4390,10,1214,41,11749
2,4391,18,1214,3,11750
2,4392,1,1214,1,11751
2,4392,10,1214,2,11752
2,4393,10,1214,1,11753
2,4394,4,1214,1,11754
2,4394,10,1214,1,11755
2,4395,10,1214,4,11756
2,4396,10,1214,4,11757
2,4397,10,1214,3,11758
2,4398,10,1214,7,11759
2,4399,10,1214,3,11760
2,4400,10,1214,3,11761
2,4401,10,1214,1,11762
2,4402,10,1214,2,11763
2,4403,10,1214,12,11764
2,4403,17,1214,1,11765
2,4404,10,1214,4,11766
2,4405,10,1214,3,11767
2,4406,1,1214,1,11768
2,4406,10,1214,1,11769
2,4407,10,1214,1,11770
2,4408,10,1214,7,11771
2,4409,10,1214,2,11772
2,4410,30,1214,11,11773
2,4411,10,1214,2,11774
2,4412,12,1214,1,11775
2,4412,25,1214,1,11776
2,4413,10,1214,1,11777
2,4413,12,1214,1,11778
2,4414,10,1214,1,11779
2,4415,1,1214,1,11780
2,4415,4,1214,4,11781
2,4415,10,1214,5,11782
2,4415,17,1214,3,11783
2,4416,10,1214,23,11784
2,4417,10,1214,1,11785
2,4418,1,1214,4,11786
2,4418,6,1214,2,11787
2,4418,7,1214,12,11788
2,4418,8,1214,12,11789
2,4418,9,1214,3,11790
2,4418,10,1214,153,11791
2,4419,1,1214,1,11792
2,4419,10,1214,1,11793
2,4420,10,1214,1,11794
2,4421,10,1214,1,11795
2,4422,10,1214,1,11796
2,4423,10,1214,3,11797
2,4424,1,1214,1,11798
2,4424,10,1214,4,11799
2,4425,10,1214,1,11800
2,4426,10,1214,1,11801
2,4427,10,1214,6,11802
2,4428,10,1214,7,11803
2,4429,12,1214,1,11804
2,4430,10,1214,1,11805
2,4431,1,1214,1,11806
2,4431,10,1214,15,11807
2,4432,10,1214,8,11808
2,4433,1,1214,2,11809
2,4433,10,1214,3,11810
2,4434,4,1214,32,11811
2,4434,7,1214,11,11812
2,4434,8,1214,8,11813
2,4434,9,1214,2,11814
2,4434,17,1214,4,11815
2,4435,4,1214,1,11816
2,4435,10,1214,1,11817
2,4435,55,1214,1,11818
2,4436,10,1214,1,11819
2,4437,10,1214,1,11820
2,4438,10,1214,2,11821
2,4439,1,1214,2,11822
2,4439,10,1214,3,11823
2,4440,1,1214,1,11824
2,4440,4,1214,2,11825
2,4440,10,1214,2,11826
2,4440,16,1214,1,11827
2,4441,10,1214,4,11828
2,4442,10,1214,1,11829
2,4443,10,1214,3,11830
2,4444,1,1214,1,11831
2,4444,10,1214,11,11832
2,4444,17,1214,1,11833
2,4445,10,1214,1,11834
2,4446,20,1214,28,11835
2,4447,10,1214,2,11836
2,4448,10,1214,3,11837
2,4449,1,1214,6,11838
2,4449,4,1214,152,11839
2,4449,7,1214,13,11840
2,4449,8,1214,17,11841
2,4449,9,1214,4,11842
2,4449,10,1214,1,11843
2,4449,17,1214,7,11844
2,4449,19,1214,27,11845
2,4449,28,1214,40,11846
2,4450,1,1214,3,11847
2,4450,10,1214,1,11848
2,4451,10,1214,1,11849
2,4452,10,1214,8,11850
2,4453,4,1214,14,11851
2,4453,10,1214,14,11852
2,4453,17,1214,2,11853
2,4454,10,1214,1,11854
2,4455,10,1214,2,11855
2,4456,1,1214,1,11856
2,4456,10,1214,1,11857
2,4457,10,1214,10,11858
2,4458,10,1214,18,11859
2,4458,24,1214,50,11860
2,4458,32,1214,7,11861
2,4458,33,1214,13,11862
2,4458,34,1214,25,11863
2,4458,36,1214,4,11864
2,4458,58,1214,2,11865
2,4459,10,1214,2,11866
2,4460,1,1214,1,11867
2,4460,3,1214,3,11868
2,4460,4,1214,12,11869
2,4460,10,1214,3,11870
2,4460,17,1214,2,11871
2,4460,19,1214,9,11872
2,4461,10,1214,3,11873
2,4462,10,1214,3,11874
2,4463,10,1214,17,11875
2,4464,1,1214,1,11876
2,4464,10,1214,3,11877
2,4465,1,1214,1,11878
2,4465,10,1214,7,11879
2,4466,10,1214,3,11880
2,4467,1,1214,1,11881
2,4467,10,1214,1,11882
2,4468,1,1214,2,11883
2,4468,10,1214,4,11884
2,4469,1,1214,2,11885
2,4470,10,1214,1,11886
2,4471,10,1214,2,11887
2,4471,20,1214,10,11888
2,4471,24,1214,16,11889
2,4472,1,1214,3,11890
2,4472,4,1214,63,11891
2,4472,10,1214,36,11892
2,4472,17,1214,4,11893
2,4472,19,1214,16,11894
2,4472,28,1214,12,11895
2,4473,1,1214,2,11896
2,4473,10,1214,64,11897
2,4474,1,1214,1,11898
2,4474,10,1214,1,11899
2,4475,1,1214,3,11900
2,4475,4,1214,115,11901
2,4475,7,1214,25,11902
2,4475,8,1214,28,11903
2,4475,9,1214,6,11904
2,4475,10,1214,1,11905
2,4475,18,1214,2,11906
2,4475,25,1214,1,11907
2,4476,10,1214,10,11908
2,4477,10,1214,2,11909
2,4478,10,1214,5,11910
2,4479,1,1214,1,11911
2,4479,10,1214,2,11912
2,4480,10,1214,4,11913
2,4481,1,1214,2,11914
2,4481,4,1214,23,11915
2,4481,10,1214,19,11916
2,4481,17,1214,2,11917
2,4482,1,1214,1,11918
2,4482,10,1214,4,11919
2,4483,10,1214,1,11920
2,4484,4,1214,30,11921
2,4484,17,1214,1,11922
2,4484,19,1214,4,11923
2,4484,28,1214,5,11924
2,4485,1,1214,1,11925
2,4485,10,1214,1,11926
2,4486,1,1214,1,11927
2,4486,10,1214,2,11928
2,4487,1,1214,1,11929
2,4487,4,1214,19,11930
2,4487,7,1214,7,11931
2,4487,8,1214,5,11932
2,4487,9,1214,2,11933
2,4487,10,1214,1,11934
2,4487,17,1214,2,11935
2,4488,10,1214,4,11936
2,4489,1,1214,3,11937
2,4489,10,1214,3,11938
2,4490,10,1214,3,11939
2,4491,10,1214,1,11940
2,4492,1,1214,1,11941
2,4492,4,1214,83,11942
2,4492,6,1214,1,11943
2,4492,7,1214,19,11944
2,4492,8,1214,12,11945
2,4492,9,1214,3,11946
2,4492,10,1214,6,11947
2,4492,17,1214,5,11948
2,4492,19,1214,8,11949
2,4492,28,1214,45,11950
2,4493,10,1214,4,11951
2,4494,1,1214,3,11952
2,4494,10,1214,1,11953
2,4495,10,1214,1,11954
2,4496,10,1214,4,11955
2,4497,10,1214,2,11956
2,4498,10,1214,1,11957
2,4499,1,1214,2,11958
2,4499,10,1214,3,11959
2,4500,10,1214,1,11960
2,4501,1,1214,1,11961
2,4501,10,1214,1,11962
2,4502,10,1214,1,11963
2,4503,10,1214,1,11964
2,4504,10,1214,5,11965
2,4505,12,1214,2,11966
2,4506,10,1214,1,11967
2,4507,10,1214,1,11968
2,4508,10,1214,1,11969
2,4509,10,1214,1,11970
2,4510,7,1214,4,11971
2,4510,8,1214,4,11972
2,4510,9,1214,2,11973
2,4510,17,1214,1,11974
2,4511,10,1214,6,11975
2,4512,1,1214,2,11976
2,4512,10,1214,2,11977
2,4513,10,1214,1,11978
2,4514,10,1214,1,11979
2,4514,17,1214,1,11980
2,4515,10,1214,1,11981
2,4516,10,1214,4,11982
2,4517,1,1214,1,11983
2,4517,10,1214,3,11984
2,4518,10,1214,4,11985
2,4519,1,1214,3,11986
2,4519,10,1214,1,11987
2,4520,10,1214,3,11988
2,4521,10,1214,2,11989
2,4521,17,1214,2,11990
2,4522,1,1214,1,11991
2,4522,10,1214,4,11992
2,4523,10,1214,4,11993
2,4524,10,1214,3,11994
2,4525,10,1214,1,11995
2,4526,10,1214,1,11996
2,4527,10,1214,1,11997
2,4528,10,1214,1,11998
2,4528,12,1214,1,11999
2,4529,1,1214,4,12000
2,4529,3,1214,3,12001
2,4529,4,1214,73,12002
2,4529,6,1214,8,12003
2,4529,7,1214,21,12004
2,4529,8,1214,21,12005
2,4529,9,1214,4,12006
2,4529,10,1214,42,12007
2,4529,11,1214,1,12008
2,4529,17,1214,6,12009
2,4529,19,1214,7,12010
2,4529,27,1214,7,12011
2,4529,28,1214,18,12012
2,4529,29,1214,5,12013
2,4529,38,1214,6,12014
2,4529,40,1214,20,12015
2,4530,4,1214,10,12016
2,4530,7,1214,3,12017
2,4530,8,1214,1,12018
2,4530,9,1214,1,12019
2,4530,17,1214,2,12020
2,4531,10,1214,1,12021
2,4532,10,1214,1,12022
2,4533,1,1214,1,12023
2,4533,10,1214,1,12024
2,4534,10,1214,5,12025
2,4535,10,1214,9,12026
2,4536,1,1214,1,12027
2,4536,10,1214,4,12028
2,4537,10,1214,4,12029
2,4538,10,1214,1,12030
2,4539,10,1214,1,12031
2,4540,10,1214,1,12032
2,4541,10,1214,2,12033
2,4542,10,1214,4,12034
2,4543,10,1214,1,12035
2,4544,10,1214,2,12036
2,4545,10,1214,1,12037
2,4545,28,1214,20,12038
2,4546,1,1214,2,12039
2,4546,10,1214,42,12040
2,4547,10,1214,2,12041
2,4548,10,1214,21,12042
2,4549,10,1214,3,12043
2,4550,10,1214,1,12044
2,4550,25,1214,1,12045
2,4551,10,1214,1,12046
2,4552,1,1214,1,12047
2,4552,10,1214,1,12048
2,4553,10,1214,1,12049
2,4554,1,1214,3,12050
2,4554,10,1214,4,12051
2,4555,4,1214,1,12052
2,4555,40,1214,2,12053
2,4555,55,1214,4,12054
2,4556,10,1214,3,12055
2,4557,10,1214,4,12056
2,4558,10,1214,3,12057
2,4559,1,1214,1,12058
2,4559,10,1214,4,12059
2,4560,10,1214,1,12060
2,4561,1,1214,3,12061
2,4561,10,1214,24,12062
2,4562,1,1214,1,12063
2,4562,3,1214,4,12064
2,4562,4,1214,11,12065
2,4562,6,1214,2,12066
2,4562,7,1214,5,12067
2,4562,8,1214,4,12068
2,4562,9,1214,3,12069
2,4562,10,1214,1,12070
2,4562,17,1214,1,12071
2,4563,1,1214,1,12072
2,4563,10,1214,2,12073
2,4564,10,1214,4,12074
2,4565,1,1214,1,12075
2,4565,10,1214,1,12076
2,4566,10,1214,2,12077
2,4567,1,1214,2,12078
2,4567,10,1214,6,12079
2,4568,10,1214,2,12080
2,4569,10,1214,6,12081
2,4570,10,1214,4,12082
2,4571,10,1214,4,12083
2,4572,10,1214,2,12084
2,4573,10,1214,3,12085
2,4574,10,1214,17,12086
2,4575,10,1214,19,12087
2,4576,10,1214,3,12088
2,4577,1,1214,1,12089
2,4577,10,1214,2,12090
2,4578,1,1214,1,12091
2,4578,10,1214,12,12092
2,4579,10,1214,2,12093
2,4580,10,1214,1,12094
2,4581,1,1214,1,12095
2,4581,4,1214,46,12096
2,4581,10,1214,2,12097
2,4581,17,1214,4,12098
2,4581,19,1214,3,12099
2,4581,28,1214,10,12100
2,4582,10,1214,2,12101
2,4583,10,1214,2,12102
2,4584,10,1214,5,12103
2,4585,10,1214,2,12104
2,4586,1,1214,1,12105
2,4586,10,1214,5,12106
2,4587,10,1214,2,12107
2,4588,1,1214,1,12108
2,4588,10,1214,2,12109
2,4588,17,1214,1,12110
2,4589,10,1214,1,12111
2,4590,10,1214,1,12112
2,4591,10,1214,2,12113
2,4592,10,1214,2,12114
2,4593,10,1214,1,12115
2,4594,2,1504,2,12116
2,4594,6,1504,2,12117
2,4594,7,1504,2,12118
2,4594,8,1504,2,12119
2,4594,9,1504,1,12120
2,4594,10,1504,7,12121
2,4594,11,1504,1,12122
2,4594,18,1504,1,12123
2,4595,2,1505,2,12124
2,4595,3,1505,5,12125
2,4595,4,1505,8,12126
2,4595,7,1505,2,12127
2,4595,8,1505,3,12128
2,4595,9,1505,1,12129
2,4595,10,1505,9,12130
2,4595,11,1505,1,12131
2,4595,18,1505,2,12132
2,4596,2,1506,1,12133
2,4596,3,1506,1,12134
2,4596,4,1506,2,12135
2,4596,6,1506,1,12136
2,4596,7,1506,2,12137
2,4596,8,1506,3,12138
2,4596,9,1506,1,12139
2,4596,10,1506,3,12140
2,4596,11,1506,1,12141
2,4596,18,1506,2,12142
2,4597,1,1506,1,12143
2,4597,2,1506,2,12144
2,4597,3,1506,4,12145
2,4597,4,1506,5,12146
2,4597,6,1506,4,12147
2,4597,7,1506,5,12148
2,4597,8,1506,5,12149
2,4597,9,1506,2,12150
2,4597,10,1506,17,12151
2,4597,11,1506,1,12152
2,4597,12,1506,1,12153
2,4597,18,1506,2,12154
2,4598,2,1507,1,12155
2,4598,3,1507,5,12156
2,4598,4,1507,7,12157
2,4598,7,1507,1,12158
2,4598,8,1507,1,12159
2,4598,9,1507,1,12160
2,4598,10,1507,8,12161
2,4598,11,1507,1,12162
2,4598,18,1507,1,12163
2,4599,1,1507,1,12164
2,4599,2,1507,1,12165
2,4599,3,1507,2,12166
2,4599,4,1507,4,12167
2,4599,6,1507,2,12168
2,4599,7,1507,1,12169
2,4599,8,1507,1,12170
2,4599,9,1507,1,12171
2,4599,10,1507,1,12172
2,4599,11,1507,1,12173
2,4599,25,1507,1,12174
2,4600,10,1508,2,12175
2,4601,1,1508,1,12176
2,4601,2,1508,3,12177
2,4601,3,1508,3,12178
2,4601,4,1508,2,12179
2,4601,6,1508,1,12180
2,4601,7,1508,1,12181
2,4601,8,1508,1,12182
2,4601,9,1508,2,12183
2,4601,10,1508,14,12184
2,4601,11,1508,1,12185
2,4601,12,1508,1,12186
2,4601,18,1508,2,12187
2,4602,1,1508,1,12188
2,4602,3,1508,1,12189
2,4602,4,1508,3,12190
2,4602,6,1508,1,12191
2,4602,7,1508,1,12192
2,4602,8,1508,1,12193
2,4602,9,1508,1,12194
2,4602,10,1508,4,12195
2,4602,18,1508,1,12196
2,4603,10,1509,1,12197
2,4604,1,1509,1,12198
2,4604,2,1509,3,12199
2,4604,3,1509,2,12200
2,4604,4,1509,4,12201
2,4604,6,1509,2,12202
2,4604,7,1509,2,12203
2,4604,8,1509,3,12204
2,4604,9,1509,2,12205
2,4604,10,1509,5,12206
2,4604,11,1509,1,12207
2,4604,12,1509,1,12208
2,4604,18,1509,2,12209
2,4605,1,1510,1,12210
2,4605,2,1510,10,12211
2,4605,3,1510,30,12212
2,4605,4,1510,81,12213
2,4605,6,1510,20,12214
2,4605,7,1510,40,12215
2,4605,8,1510,40,12216
2,4605,9,1510,3,12217
2,4605,10,1510,13,12218
2,4605,11,1510,1,12219
2,4605,12,1510,1,12220
2,4605,17,1510,4,12221
2,4605,18,1510,1,12222
2,4605,19,1510,3,12223
2,4605,23,1510,2,12224
2,4605,24,1510,26,12225
2,4605,25,1510,2,12226
2,4605,26,1510,6,12227
2,4605,27,1510,7,12228
2,4605,28,1510,18,12229
2,4605,29,1510,5,12230
2,4605,37,1510,5,12231
2,4605,38,1510,2,12232
2,4606,1,1510,1,12233
2,4606,3,1510,6,12234
2,4606,4,1510,8,12235
2,4606,6,1510,2,12236
2,4606,7,1510,4,12237
2,4606,8,1510,4,12238
2,4606,9,1510,3,12239
2,4606,10,1510,26,12240
2,4606,17,1510,2,12241
2,4606,25,1510,1,12242
2,4607,1,1510,1,12243
2,4607,10,1510,10,12244
2,4608,1,1510,1,12245
2,4608,10,1510,1,12246
2,4609,10,1510,5,12247
2,4609,17,1510,1,12248
2,4610,10,1510,3,12249
2,4610,18,1510,1,12250
2,4611,1,1510,2,12251
2,4611,4,1510,8,12252
2,4611,10,1510,12,12253
2,4611,17,1510,1,12254
2,4612,1,1510,1,12255
2,4612,10,1510,1,12256
2,4613,10,1510,3,12257
2,4613,20,1510,5,12258
2,4613,24,1510,40,12259
2,4613,40,1510,35,12260
2,4614,10,1510,6,12261
2,4615,10,1510,5,12262
2,4615,18,1510,1,12263
2,4616,1,1510,2,12264
2,4616,2,1510,8,12265
2,4616,3,1510,9,12266
2,4616,4,1510,59,12267
2,4616,6,1510,6,12268
2,4616,7,1510,20,12269
2,4616,8,1510,20,12270
2,4616,9,1510,5,12271
2,4616,10,1510,9,12272
2,4616,11,1510,1,12273
2,4616,17,1510,3,12274
2,4616,18,1510,1,12275
2,4616,19,1510,2,12276
2,4616,26,1510,6,12277
2,4616,27,1510,6,12278
2,4616,28,1510,20,12279
2,4616,29,1510,13,12280
2,4617,1,1511,1,12281
2,4617,2,1511,1,12282
2,4617,3,1511,4,12283
2,4617,4,1511,11,12284
2,4617,6,1511,1,12285
2,4617,7,1511,1,12286
2,4617,8,1511,1,12287
2,4617,9,1511,1,12288
2,4617,10,1511,6,12289
2,4617,11,1511,1,12290
2,4617,18,1511,2,12291
2,4618,10,1510,1,12292
2,4619,10,1510,1,12293
2,4620,10,1510,1,12294
2,4621,10,1510,1,12295
2,4622,10,1510,1,12296
2,4623,10,1510,1,12297
2,4624,10,1510,5,12298
2,4625,10,1510,5,12299
2,4626,10,1510,1,12300
2,4627,10,1510,4,12301
2,4627,17,1510,1,12302
2,4628,10,1510,1,12303
2,4629,10,1510,1,12304
2,4630,10,1510,5,12305
2,4631,10,1510,1,12306
2,4632,1,1510,1,12307
2,4632,10,1510,19,12308
2,4633,1,1510,1,12309
2,4633,4,1510,14,12310
2,4633,6,1510,5,12311
2,4633,7,1510,5,12312
2,4633,8,1510,6,12313
2,4633,9,1510,4,12314
2,4633,10,1510,1,12315
2,4633,17,1510,2,12316
2,4634,10,1510,1,12317
2,4635,10,1510,1,12318
2,4636,18,1510,1,12319
2,4637,10,1510,3,12320
2,4637,22,1510,5,12321
2,4637,24,1510,25,12322
2,4637,32,1510,5,12323
2,4637,33,1510,29,12324
2,4637,34,1510,5,12325
2,4637,36,1510,15,12326
2,4638,10,1510,1,12327
2,4639,10,1510,3,12328
2,4640,10,1510,1,12329
2,4641,1,1510,1,12330
2,4641,10,1510,8,12331
2,4642,1,1510,1,12332
2,4642,10,1510,1,12333
2,4643,10,1510,1,12334
2,4644,10,1510,2,12335
2,4645,1,1510,1,12336
2,4645,10,1510,9,12337
2,4646,1,1510,1,12338
2,4646,10,1510,3,12339
2,4646,17,1510,1,12340
2,4647,10,1510,2,12341
2,4648,10,1510,5,12342
2,4648,16,1510,1,12343
2,4648,17,1510,1,12344
2,4649,1,1510,1,12345
2,4649,10,1510,9,12346
2,4650,10,1510,3,12347
2,4650,23,1510,19,12348
2,4651,10,1510,5,12349
2,4652,1,1510,1,12350
2,4652,10,1510,1,12351
2,4652,30,1510,8,12352
2,4653,1,1510,1,12353
2,4653,10,1510,4,12354
2,4654,1,1510,1,12355
2,4654,10,1510,2,12356
2,4655,10,1510,1,12357
2,4656,1,1510,1,12358
2,4656,10,1510,4,12359
2,4657,2,1510,2,12360
2,4657,3,1510,5,12361
2,4657,4,1510,10,12362
2,4657,6,1510,4,12363
2,4657,7,1510,4,12364
2,4657,8,1510,4,12365
2,4657,9,1510,4,12366
2,4657,10,1510,23,12367
2,4657,11,1510,1,12368
2,4657,12,1510,1,12369
2,4657,18,1510,3,12370
2,4658,1,1512,1,12371
2,4658,2,1512,1,12372
2,4658,3,1512,1,12373
2,4658,4,1512,2,12374
2,4658,6,1512,1,12375
2,4658,7,1512,1,12376
2,4658,8,1512,1,12377
2,4658,9,1512,1,12378
2,4658,10,1512,10,12379
2,4658,11,1512,1,12380
2,4658,12,1512,1,12381
2,4658,18,1512,2,12382
2,4659,1,1513,2,12383
2,4659,2,1513,3,12384
2,4659,3,1513,3,12385
2,4659,4,1513,7,12386
2,4659,6,1513,2,12387
2,4659,7,1513,1,12388
2,4659,8,1513,1,12389
2,4659,9,1513,1,12390
2,4659,10,1513,9,12391
2,4659,11,1513,2,12392
2,4659,18,1513,6,12393
2,4660,1,1514,1,12394
2,4660,2,1514,1,12395
2,4660,6,1514,1,12396
2,4660,7,1514,1,12397
2,4660,8,1514,1,12398
2,4660,9,1514,1,12399
2,4660,10,1514,3,12400
2,4660,11,1514,1,12401
2,4660,12,1514,1,12402
2,4660,18,1514,1,12403
2,4661,1,1515,1,12404
2,4661,2,1515,3,12405
2,4661,3,1515,4,12406
2,4661,4,1515,5,12407
2,4661,6,1515,1,12408
2,4661,7,1515,1,12409
2,4661,8,1515,1,12410
2,4661,9,1515,3,12411
2,4661,10,1515,14,12412
2,4661,11,1515,1,12413
2,4661,12,1515,3,12414
2,4661,18,1515,3,12415
2,4662,1,1515,1,12416
2,4662,3,1515,1,12417
2,4662,4,1515,2,12418
2,4662,6,1515,1,12419
2,4662,7,1515,2,12420
2,4662,8,1515,2,12421
2,4662,10,1515,5,12422
2,4662,18,1515,1,12423
2,4663,10,1515,5,12424
2,4664,2,1516,2,12425
2,4664,7,1516,1,12426
2,4664,8,1516,2,12427
2,4664,9,1516,1,12428
2,4664,10,1516,10,12429
2,4664,11,1516,1,12430
2,4664,18,1516,2,12431
2,4665,1,1517,1,12432
2,4665,10,1517,4,12433
2,4666,10,1517,1,12434
2,4667,1,1517,1,12435
2,4667,2,1517,2,12436
2,4667,3,1517,3,12437
2,4667,4,1517,13,12438
2,4667,6,1517,2,12439
2,4667,7,1517,2,12440
2,4667,8,1517,2,12441
2,4667,9,1517,2,12442
2,4667,10,1517,18,12443
2,4667,11,1517,1,12444
2,4667,18,1517,6,12445
2,4668,1,1517,1,12446
2,4668,10,1517,6,12447
2,4669,1,1517,1,12448
2,4669,10,1517,1,12449
2,4670,1,1518,1,12450
2,4670,2,1518,2,12451
2,4670,3,1518,1,12452
2,4670,4,1518,6,12453
2,4670,6,1518,2,12454
2,4670,7,1518,3,12455
2,4670,8,1518,3,12456
2,4670,9,1518,1,12457
2,4670,10,1518,5,12458
2,4670,11,1518,1,12459
2,4670,18,1518,1,12460
2,4671,1,1519,1,12461
2,4671,2,1519,1,12462
2,4671,3,1519,3,12463
2,4671,4,1519,4,12464
2,4671,6,1519,1,12465
2,4671,7,1519,1,12466
2,4671,8,1519,1,12467
2,4671,9,1519,1,12468
2,4671,10,1519,6,12469
2,4671,11,1519,1,12470
2,4671,18,1519,1,12471
2,4672,1,1520,5,12472
2,4672,10,1520,5,12473
2,4673,10,1520,10,12474
2,4674,1,1520,3,12475
2,4674,3,1520,1,12476
2,4674,4,1520,6,12477
2,4674,10,1520,7,12478
2,4674,17,1520,3,12479
2,4675,1,1520,1,12480
2,4675,10,1520,1,12481
2,4676,1,1520,1,12482
2,4676,3,1520,12,12483
2,4676,4,1520,54,12484
2,4676,6,1520,5,12485
2,4676,7,1520,5,12486
2,4676,8,1520,5,12487
2,4676,9,1520,2,12488
2,4676,10,1520,6,12489
2,4676,11,1520,1,12490
2,4676,17,1520,2,12491
2,4676,19,1520,18,12492
2,4676,25,1520,1,12493
2,4676,28,1520,10,12494
2,4676,30,1520,10,12495
2,4677,9,1520,1,12496
2,4677,10,1520,16,12497
2,4677,17,1520,2,12498
2,4678,10,1520,1,12499
2,4679,1,1520,1,12500
2,4679,10,1520,1,12501
2,4680,10,1520,4,12502
2,4680,22,1520,20,12503
2,4680,32,1520,35,12504
2,4680,34,1520,40,12505
2,4680,36,1520,20,12506
2,4681,3,1520,4,12507
2,4681,4,1520,34,12508
2,4681,10,1520,11,12509
2,4681,17,1520,4,12510
2,4681,19,1520,4,12511
2,4681,25,1520,2,12512
2,4681,28,1520,12,12513
2,4682,10,1520,1,12514
2,4683,1,1520,3,12515
2,4683,10,1520,6,12516
2,4684,10,1520,13,12517
2,4685,10,1520,14,12518
2,4686,10,1520,5,12519
2,4687,1,1520,2,12520
2,4687,10,1520,40,12521
2,4688,1,1520,1,12522
2,4688,2,1520,1,12523
2,4688,4,1520,46,12524
2,4688,10,1520,9,12525
2,4688,11,1520,1,12526
2,4688,17,1520,2,12527
2,4688,19,1520,2,12528
2,4688,25,1520,1,12529
2,4688,26,1520,13,12530
2,4688,27,1520,11,12531
2,4688,28,1520,4,12532
2,4688,37,1520,1,12533
2,4689,10,1520,3,12534
2,4689,17,1520,4,12535
2,4690,1,1520,3,12536
2,4690,3,1520,2,12537
2,4690,4,1520,55,12538
2,4690,6,1520,4,12539
2,4690,7,1520,7,12540
2,4690,8,1520,13,12541
2,4690,9,1520,3,12542
2,4690,10,1520,29,12543
2,4690,11,1520,1,12544
2,4690,17,1520,4,12545
2,4690,19,1520,3,12546
2,4690,26,1520,6,12547
2,4690,27,1520,14,12548
2,4690,28,1520,5,12549
2,4690,29,1520,10,12550
2,4690,37,1520,1,12551
2,4691,10,1520,3,12552
2,4691,12,1520,1,12553
2,4691,18,1520,1,12554
2,4691,25,1520,3,12555
2,4692,10,1520,5,12556
2,4693,10,1520,1,12557
2,4694,10,1520,2,12558
2,4695,1,1520,1,12559
2,4695,10,1520,12,12560
2,4695,30,1520,28,12561
2,4695,46,1520,1,12562
2,4696,1,1520,2,12563
2,4696,10,1520,8,12564
2,4696,30,1520,17,12565
2,4697,1,1520,1,12566
2,4697,2,1520,2,12567
2,4697,3,1520,7,12568
2,4697,4,1520,69,12569
2,4697,6,1520,9,12570
2,4697,7,1520,9,12571
2,4697,8,1520,17,12572
2,4697,9,1520,4,12573
2,4697,10,1520,5,12574
2,4697,11,1520,1,12575
2,4697,17,1520,4,12576
2,4697,19,1520,8,12577
2,4697,26,1520,2,12578
2,4697,27,1520,6,12579
2,4697,28,1520,14,12580
2,4697,37,1520,4,12581
2,4698,1,1520,1,12582
2,4698,2,1520,13,12583
2,4698,3,1520,19,12584
2,4698,4,1520,140,12585
2,4698,6,1520,13,12586
2,4698,7,1520,35,12587
2,4698,8,1520,8,12588
2,4698,9,1520,8,12589
2,4698,10,1520,2,12590
2,4698,11,1520,1,12591
2,4698,17,1520,3,12592
2,4698,19,1520,5,12593
2,4698,25,1520,1,12594
2,4698,26,1520,3,12595
2,4698,27,1520,4,12596
2,4698,28,1520,15,12597
2,4698,30,1520,12,12598
2,4698,37,1520,1,12599
2,4698,47,1520,2,12600
2,4698,48,1520,2,12601
2,4699,10,1520,7,12602
2,4700,1,1520,1,12603
2,4700,10,1520,1,12604
2,4701,10,1520,1,12605
2,4702,10,1520,3,12606
2,4703,1,1520,1,12607
2,4703,4,1520,80,12608
2,4703,8,1520,7,12609
2,4703,9,1520,4,12610
2,4703,10,1520,4,12611
2,4703,11,1520,2,12612
2,4703,17,1520,3,12613
2,4703,18,1520,1,12614
2,4703,25,1520,1,12615
2,4704,1,1520,1,12616
2,4704,10,1520,8,12617
2,4704,17,1520,1,12618
2,4705,6,1520,8,12619
2,4705,7,1520,7,12620
2,4705,8,1520,8,12621
2,4705,9,1520,13,12622
2,4705,10,1520,16,12623
2,4706,1,1520,11,12624
2,4706,4,1520,6,12625
2,4706,6,1520,22,12626
2,4706,7,1520,20,12627
2,4706,8,1520,22,12628
2,4706,9,1520,15,12629
2,4706,10,1520,270,12630
2,4706,18,1520,6,12631
2,4706,25,1520,1,12632
2,4707,10,1520,2,12633
2,4707,21,1520,20,12634
2,4707,22,1520,60,12635
2,4707,24,1520,47,12636
2,4707,32,1520,10,12637
2,4707,33,1520,35,12638
2,4707,34,1520,60,12639
2,4707,36,1520,20,12640
2,4708,10,1520,1,12641
2,4709,10,1520,2,12642
2,4710,10,1520,1,12643
2,4710,17,1520,1,12644
2,4711,1,1520,4,12645
2,4711,10,1520,4,12646
2,4712,10,1520,2,12647
2,4712,23,1520,46,12648
2,4713,1,1520,1,12649
2,4713,10,1520,2,12650
2,4714,10,1520,1,12651
2,4714,17,1520,1,12652
2,4715,1,1520,1,12653
2,4715,10,1520,3,12654
2,4716,1,1520,2,12655
2,4716,3,1520,125,12656
2,4716,6,1520,17,12657
2,4716,9,1520,2,12658
2,4716,10,1520,32,12659
2,4716,17,1520,3,12660
2,4716,30,1520,4,12661
2,4717,1,1520,1,12662
2,4717,10,1520,1,12663
2,4718,1,1520,3,12664
2,4718,10,1520,3,12665
2,4718,17,1520,3,12666
2,4718,25,1520,2,12667
2,4719,18,1520,5,12668
2,4719,25,1520,1,12669
2,4720,10,1520,1,12670
2,4721,1,1520,1,12671
2,4721,10,1520,11,12672
2,4721,23,1520,65,12673
2,4722,10,1520,1,12674
2,4723,10,1520,9,12675
2,4724,10,1520,4,12676
2,4725,10,1520,1,12677
2,4725,55,1520,53,12678
2,4726,10,1520,5,12679
2,4726,17,1520,1,12680
2,4727,1,1520,2,12681
2,4727,4,1520,26,12682
2,4727,10,1520,2,12683
2,4727,17,1520,1,12684
2,4727,19,1520,12,12685
2,4727,25,1520,1,12686
2,4727,28,1520,14,12687
2,4728,1,1520,3,12688
2,4728,3,1520,10,12689
2,4728,4,1520,87,12690
2,4728,6,1520,5,12691
2,4728,7,1520,10,12692
2,4728,8,1520,10,12693
2,4728,9,1520,3,12694
2,4728,10,1520,13,12695
2,4728,17,1520,3,12696
2,4728,19,1520,8,12697
2,4728,25,1520,2,12698
2,4728,28,1520,28,12699
2,4728,40,1520,7,12700
2,4728,55,1520,5,12701
2,4729,10,1520,2,12702
2,4730,26,1520,16,12703
2,4730,27,1520,10,12704
2,4730,37,1520,18,12705
2,4731,10,1520,5,12706
2,4732,10,1520,25,12707
2,4733,1,1520,1,12708
2,4733,10,1520,6,12709
2,4733,17,1520,2,12710
2,4734,31,1520,10,12711
2,4734,62,1520,41,12712
2,4735,1,1520,1,12713
2,4735,10,1520,26,12714
2,4736,10,1520,5,12715
2,4737,1,1520,1,12716
2,4737,10,1520,4,12717
2,4738,16,1520,1,12718
2,4739,10,1520,1,12719
2,4740,10,1520,18,12720
2,4741,1,1520,2,12721
2,4741,4,1520,303,12722
2,4741,7,1520,30,12723
2,4741,8,1520,25,12724
2,4741,9,1520,4,12725
2,4741,10,1520,19,12726
2,4741,17,1520,7,12727
2,4741,19,1520,36,12728
2,4741,25,1520,1,12729
2,4741,28,1520,76,12730
2,4742,10,1520,4,12731
2,4742,17,1520,2,12732
2,4742,18,1520,1,12733
2,4743,10,1520,8,12734
2,4744,3,1520,7,12735
2,4744,4,1520,9,12736
2,4744,10,1520,1,12737
2,4744,17,1520,3,12738
2,4744,19,1520,12,12739
2,4744,25,1520,3,12740
2,4744,28,1520,10,12741
2,4744,47,1520,5,12742
2,4744,48,1520,8,12743
2,4745,10,1520,8,12744
2,4746,10,1520,4,12745
2,4746,40,1520,15,12746
2,4746,55,1520,22,12747
2,4747,10,1520,1,12748
2,4748,10,1520,8,12749
2,4749,10,1520,1,12750
2,4749,12,1520,1,12751
2,4750,10,1520,1,12752
2,4751,10,1520,4,12753
2,4752,10,1520,1,12754
2,4753,10,1520,2,12755
2,4754,10,1520,2,12756
2,4754,12,1520,1,12757
2,4755,1,1520,1,12758
2,4755,10,1520,5,12759
2,4755,30,1520,6,12760
2,4756,10,1520,1,12761
2,4757,10,1520,1,12762
2,4758,1,1520,1,12763
2,4758,47,1520,20,12764
2,4758,48,1520,24,12765
2,4759,1,1520,1,12766
2,4759,10,1520,1,12767
2,4760,1,1520,2,12768
2,4760,3,1520,2,12769
2,4760,4,1520,59,12770
2,4760,6,1520,3,12771
2,4760,7,1520,7,12772
2,4760,8,1520,7,12773
2,4760,9,1520,2,12774
2,4760,10,1520,9,12775
2,4760,11,1520,1,12776
2,4760,17,1520,3,12777
2,4760,19,1520,5,12778
2,4760,26,1520,4,12779
2,4760,27,1520,5,12780
2,4760,28,1520,15,12781
2,4760,37,1520,2,12782
2,4761,10,1520,1,12783
2,4762,1,1520,1,12784
2,4762,2,1520,4,12785
2,4762,3,1520,5,12786
2,4762,4,1520,18,12787
2,4762,10,1520,3,12788
2,4762,15,1520,4,12789
2,4762,17,1520,2,12790
2,4762,19,1520,1,12791
2,4762,25,1520,2,12792
2,4762,26,1520,2,12793
2,4762,27,1520,4,12794
2,4762,28,1520,3,12795
2,4762,29,1520,2,12796
2,4762,38,1520,1,12797
2,4762,40,1520,7,12798
2,4762,48,1520,1,12799
2,4762,49,1520,7,12800
2,4762,55,1520,3,12801
2,4763,1,1520,1,12802
2,4763,10,1520,35,12803
2,4764,1,1520,1,12804
2,4764,10,1520,4,12805
2,4765,1,1520,2,12806
2,4765,10,1520,2,12807
2,4766,1,1520,1,12808
2,4766,3,1520,10,12809
2,4766,4,1520,40,12810
2,4766,10,1520,1,12811
2,4766,13,1520,5,12812
2,4766,17,1520,1,12813
2,4766,19,1520,3,12814
2,4766,28,1520,2,12815
2,4766,48,1520,4,12816
2,4767,1,1520,2,12817
2,4767,3,1520,2,12818
2,4767,4,1520,59,12819
2,4767,6,1520,3,12820
2,4767,7,1520,13,12821
2,4767,8,1520,12,12822
2,4767,9,1520,3,12823
2,4767,10,1520,4,12824
2,4767,17,1520,2,12825
2,4767,19,1520,9,12826
2,4767,25,1520,1,12827
2,4767,28,1520,18,12828
2,4768,10,1520,3,12829
2,4769,10,1520,4,12830
2,4770,3,1520,3,12831
2,4770,4,1520,40,12832
2,4770,11,1520,1,12833
2,4770,14,1520,7,12834
2,4770,16,1520,2,12835
2,4770,18,1520,1,12836
2,4770,25,1520,1,12837
2,4770,35,1520,4,12838
2,4770,42,1520,10,12839
2,4770,44,1520,11,12840
2,4770,45,1520,4,12841
2,4771,10,1520,1,12842
2,4771,12,1520,1,12843
2,4771,18,1520,1,12844
2,4772,10,1520,6,12845
2,4772,17,1520,1,12846
2,4773,10,1520,24,12847
2,4774,12,1520,1,12848
2,4774,18,1520,2,12849
2,4774,25,1520,6,12850
2,4775,1,1520,1,12851
2,4775,10,1520,6,12852
2,4776,18,1520,2,12853
2,4777,1,1520,1,12854
2,4777,10,1520,1,12855
2,4778,10,1520,2,12856
2,4778,20,1520,4,12857
2,4778,22,1520,40,12858
2,4778,24,1520,18,12859
2,4778,33,1520,22,12860
2,4778,34,1520,25,12861
2,4779,10,1520,18,12862
2,4780,10,1520,2,12863
2,4781,55,1520,10,12864
2,4782,10,1520,4,12865
2,4783,1,1520,1,12866
2,4783,10,1520,1,12867
2,4784,10,1520,3,12868
2,4785,10,1520,1,12869
2,4786,10,1520,1,12870
2,4787,10,1520,3,12871
2,4788,10,1520,2,12872
2,4789,10,1520,1,12873
2,4790,6,1520,1,12874
2,4790,7,1520,3,12875
2,4790,8,1520,3,12876
2,4790,9,1520,1,12877
2,4790,10,1520,24,12878
2,4790,12,1520,1,12879
2,4790,18,1520,1,12880
2,4791,1,1520,2,12881
2,4791,10,1520,1,12882
2,4792,10,1520,2,12883
2,4792,46,1520,2,12884
2,4793,10,1520,4,12885
2,4793,17,1520,1,12886
2,4794,10,1520,4,12887
2,4795,1,1520,1,12888
2,4795,10,1520,2,12889
2,4795,22,1520,100,12890
2,4795,24,1520,58,12891
2,4795,32,1520,7,12892
2,4795,33,1520,57,12893
2,4795,34,1520,100,12894
2,4795,36,1520,5,12895
2,4796,10,1520,2,12896
2,4797,10,1520,4,12897
2,4798,10,1520,1,12898
2,4799,10,1520,3,12899
2,4800,10,1520,1,12900
2,4801,10,1520,5,12901
2,4802,10,1520,1,12902
2,4803,10,1520,4,12903
2,4803,17,1520,1,12904
2,4804,12,1520,1,12905
2,4804,18,1520,2,12906
2,4804,25,1520,2,12907
2,4805,1,1520,1,12908
2,4805,10,1520,1,12909
2,4805,17,1520,2,12910
2,4806,10,1520,3,12911
2,4807,10,1520,1,12912
2,4808,10,1520,3,12913
2,4809,1,1520,1,12914
2,4809,10,1520,1,12915
2,4809,12,1520,1,12916
2,4810,10,1520,1,12917
2,4811,1,1520,2,12918
2,4811,10,1520,1,12919
2,4811,17,1520,1,12920
2,4812,10,1520,5,12921
2,4813,10,1520,2,12922
2,4814,10,1520,1,12923
2,4815,4,1520,75,12924
2,4815,10,1520,7,12925
2,4815,17,1520,3,12926
2,4815,19,1520,1,12927
2,4815,28,1520,10,12928
2,4816,1,1520,3,12929
2,4816,10,1520,12,12930
2,4816,17,1520,3,12931
2,4817,1,1520,1,12932
2,4817,10,1520,9,12933
2,4818,1,1520,1,12934
2,4818,10,1520,1,12935
2,4819,1,1520,1,12936
2,4819,10,1520,8,12937
2,4820,10,1520,2,12938
2,4821,10,1520,1,12939
2,4822,1,1520,1,12940
2,4822,10,1520,2,12941
2,4823,1,1520,1,12942
2,4823,10,1520,1,12943
2,4824,10,1520,1,12944
2,4825,10,1520,2,12945
2,4825,17,1520,1,12946
2,4826,10,1520,1,12947
2,4827,10,1520,1,12948
2,4828,10,1520,4,12949
2,4829,1,1520,2,12950
2,4829,10,1520,41,12951
2,4830,4,1520,90,12952
2,4830,10,1520,13,12953
2,4830,12,1520,1,12954
2,4830,21,1520,6,12955
2,4830,24,1520,104,12956
2,4830,32,1520,12,12957
2,4830,33,1520,80,12958
2,4831,10,1520,3,12959
2,4832,10,1520,1,12960
2,4833,10,1520,1,12961
2,4834,10,1520,1,12962
2,4835,1,1520,1,12963
2,4835,10,1520,3,12964
2,4836,55,1520,14,12965
2,4837,1,1520,1,12966
2,4837,4,1520,48,12967
2,4837,6,1520,1,12968
2,4837,7,1520,3,12969
2,4837,8,1520,2,12970
2,4837,9,1520,1,12971
2,4837,10,1520,1,12972
2,4837,14,1520,1,12973
2,4837,16,1520,1,12974
2,4837,17,1520,3,12975
2,4837,18,1520,1,12976
2,4837,19,1520,3,12977
2,4837,28,1520,3,12978
2,4837,44,1520,1,12979
2,4838,10,1520,3,12980
2,4839,10,1520,3,12981
2,4840,10,1520,1,12982
2,4841,10,1520,5,12983
2,4842,4,1520,24,12984
2,4842,10,1520,1,12985
2,4842,12,1520,1,12986
2,4842,25,1520,2,12987
2,4842,40,1520,46,12988
2,4842,55,1520,27,12989
2,4843,10,1520,8,12990
2,4844,10,1520,2,12991
2,4845,1,1520,1,12992
2,4845,10,1520,3,12993
2,4846,10,1520,2,12994
2,4847,1,1520,6,12995
2,4847,3,1520,4,12996
2,4847,4,1520,60,12997
2,4847,6,1520,5,12998
2,4847,7,1520,6,12999
2,4847,8,1520,12,13000
2,4847,9,1520,4,13001
2,4847,10,1520,28,13002
2,4847,11,1520,1,13003
2,4847,17,1520,5,13004
2,4847,19,1520,17,13005
2,4847,26,1520,2,13006
2,4847,27,1520,5,13007
2,4847,28,1520,15,13008
2,4847,30,1520,9,13009
2,4847,37,1520,4,13010
2,4848,10,1520,4,13011
2,4849,10,1520,4,13012
2,4850,1,1520,1,13013
2,4850,4,1520,7,13014
2,4850,6,1520,1,13015
2,4850,7,1520,2,13016
2,4850,8,1520,2,13017
2,4850,9,1520,2,13018
2,4850,10,1520,1,13019
2,4850,12,1520,1,13020
2,4850,17,1520,1,13021
2,4850,18,1520,3,13022
2,4851,10,1520,1,13023
2,4852,1,1520,5,13024
2,4852,2,1520,14,13025
2,4852,3,1520,20,13026
2,4852,4,1520,100,13027
2,4852,6,1520,5,13028
2,4852,7,1520,10,13029
2,4852,8,1520,16,13030
2,4852,9,1520,2,13031
2,4852,10,1520,10,13032
2,4852,11,1520,1,13033
2,4852,17,1520,3,13034
2,4852,19,1520,10,13035
2,4852,25,1520,1,13036
2,4852,26,1520,8,13037
2,4852,27,1520,3,13038
2,4852,28,1520,23,13039
2,4852,29,1520,4,13040
2,4852,47,1520,4,13041
2,4852,48,1520,5,13042
2,4852,55,1520,10,13043
2,4853,10,1520,3,13044
2,4853,12,1520,1,13045
2,4854,1,1520,1,13046
2,4854,10,1520,6,13047
2,4854,25,1520,1,13048
2,4854,40,1520,50,13049
2,4854,55,1520,5,13050
2,4855,10,1520,6,13051
2,4856,10,1520,1,13052
2,4857,1,1520,1,13053
2,4857,10,1520,1,13054
2,4858,10,1520,4,13055
2,4859,10,1520,1,13056
2,4860,1,1520,2,13057
2,4860,10,1520,2,13058
2,4861,10,1520,6,13059
2,4862,10,1520,1,13060
2,4863,1,1520,1,13061
2,4863,10,1520,1,13062
2,4864,10,1520,2,13063
2,4865,10,1520,1,13064
2,4866,10,1520,3,13065
2,4867,10,1520,7,13066
2,4868,1,1520,2,13067
2,4869,25,1520,1,13068
2,4870,10,1520,3,13069
2,4871,10,1520,1,13070
2,4872,1,1520,2,13071
2,4872,10,1520,5,13072
2,4873,10,1520,1,13073
2,4874,42,1520,2,13074
2,4874,43,1520,5,13075
2,4875,1,1520,1,13076
2,4875,10,1520,4,13077
2,4876,10,1520,5,13078
2,4877,10,1520,1,13079
2,4878,10,1520,2,13080
2,4879,10,1520,2,13081
2,4880,10,1520,3,13082
2,4881,10,1520,1,13083
2,4882,10,1520,3,13084
2,4883,25,1520,4,13085
2,4884,10,1520,1,13086
2,4885,1,1520,1,13087
2,4885,10,1520,1,13088
2,4886,10,1520,1,13089
2,4887,10,1520,1,13090
2,4888,10,1520,1,13091
2,4889,1,1520,1,13092
2,4889,10,1520,1,13093
2,4890,10,1520,1,13094
2,4891,1,1520,2,13095
2,4891,10,1520,5,13096
2,4892,1,1520,1,13097
2,4892,10,1520,4,13098
2,4893,10,1520,3,13099
2,4894,10,1520,1,13100
2,4895,1,1520,1,13101
2,4895,10,1520,8,13102
2,4896,1,1520,1,13103
2,4896,10,1520,1,13104
2,4897,10,1520,4,13105
2,4898,1,1520,1,13106
2,4898,10,1520,2,13107
2,4899,10,1520,3,13108
2,4900,10,1520,1,13109
2,4901,1,1520,1,13110
2,4901,10,1520,2,13111
2,4902,1,1520,1,13112
2,4903,25,1520,2,13113
2,4904,10,1520,2,13114
2,4905,22,1520,40,13115
2,4905,33,1520,20,13116
2,4905,36,1520,20,13117
2,4906,1,1520,1,13118
2,4906,10,1520,1,13119
2,4907,1,1520,1,13120
2,4907,10,1520,4,13121
2,4908,10,1520,2,13122
2,4909,10,1520,1,13123
2,4910,1,1520,5,13124
2,4910,10,1520,68,13125
2,4911,10,1520,2,13126
2,4912,10,1520,1,13127
2,4912,12,1520,1,13128
2,4913,1,1520,1,13129
2,4913,10,1520,3,13130
2,4914,10,1520,6,13131
2,4915,1,1520,3,13132
2,4916,10,1520,3,13133
2,4917,1,1520,1,13134
2,4917,2,1520,1,13135
2,4917,4,1520,34,13136
2,4917,10,1520,10,13137
2,4917,11,1520,1,13138
2,4917,14,1520,3,13139
2,4917,17,1520,3,13140
2,4917,26,1520,8,13141
2,4917,27,1520,9,13142
2,4917,37,1520,10,13143
2,4917,44,1520,9,13144
2,4918,1,1520,1,13145
2,4918,10,1520,1,13146
2,4918,12,1520,1,13147
2,4919,10,1520,1,13148
2,4920,10,1520,1,13149
2,4921,10,1520,1,13150
2,4922,18,1520,1,13151
2,4923,10,1520,6,13152
2,4924,10,1520,2,13153
2,4925,10,1520,6,13154
2,4926,1,1520,2,13155
2,4926,10,1520,10,13156
2,4927,10,1520,2,13157
2,4928,10,1520,8,13158
2,4929,1,1520,5,13159
2,4929,10,1520,8,13160
2,4930,1,1520,1,13161
2,4930,10,1520,6,13162
2,4931,10,1520,1,13163
2,4932,10,1520,1,13164
2,4933,10,1520,2,13165
2,4934,1,1520,1,13166
2,4934,10,1520,5,13167
2,4935,1,1520,1,13168
2,4935,10,1520,1,13169
2,4936,10,1520,1,13170
2,4937,10,1520,1,13171
2,4938,10,1520,1,13172
2,4939,10,1520,1,13173
2,4940,18,1520,1,13174
2,4940,25,1520,3,13175
2,4941,1,1520,1,13176
2,4942,10,1520,4,13177
2,4943,1,1520,1,13178
2,4943,4,1520,19,13179
2,4943,14,1520,8,13180
2,4943,16,1520,2,13181
2,4943,44,1520,4,13182
2,4944,10,1520,1,13183
2,4945,1,1520,1,13184
2,4945,10,1520,3,13185
2,4945,17,1520,2,13186
2,4946,1,1520,1,13187
2,4947,1,1520,1,13188
2,4947,10,1520,1,13189
2,4948,10,1520,2,13190
2,4948,17,1520,4,13191
2,4949,31,1520,12,13192
2,4949,55,1520,12,13193
2,4950,10,1520,5,13194
2,4950,12,1520,1,13195
2,4951,10,1520,3,13196
2,4952,10,1520,1,13197
2,4953,10,1520,2,13198
2,4954,10,1520,5,13199
2,4955,1,1520,1,13200
2,4955,10,1520,9,13201
2,4955,23,1520,65,13202
2,4956,10,1520,5,13203
2,4956,12,1520,1,13204
2,4957,10,1520,5,13205
2,4958,10,1520,1,13206
2,4959,10,1520,10,13207
2,4960,1,1520,2,13208
2,4960,10,1520,2,13209
2,4961,10,1520,1,13210
2,4962,18,1520,1,13211
2,4962,25,1520,1,13212
2,4963,1,1520,2,13213
2,4963,10,1520,1,13214
2,4964,1,1520,2,13215
2,4964,10,1520,2,13216
2,4965,17,1520,2,13217
2,4966,18,1520,3,13218
2,4967,1,1520,13,13219
2,4967,2,1520,2,13220
2,4967,3,1520,17,13221
2,4967,4,1520,31,13222
2,4967,6,1520,11,13223
2,4967,7,1520,9,13224
2,4967,8,1520,9,13225
2,4967,9,1520,6,13226
2,4967,10,1520,22,13227
2,4967,13,1520,2,13228
2,4967,14,1520,3,13229
2,4967,17,1520,4,13230
2,4967,26,1520,1,13231
2,4967,27,1520,3,13232
2,4967,30,1520,10,13233
2,4967,37,1520,1,13234
2,4967,42,1520,1,13235
2,4967,43,1520,3,13236
2,4967,44,1520,7,13237
2,4967,45,1520,1,13238
2,4967,46,1520,1,13239
2,4967,50,1520,4,13240
2,4968,1,1520,1,13241
2,4968,10,1520,1,13242
2,4969,10,1520,1,13243
2,4970,10,1520,2,13244
2,4971,10,1520,18,13245
2,4972,1,1520,2,13246
2,4972,10,1520,20,13247
2,4973,10,1520,1,13248
2,4974,10,1520,2,13249
2,4975,1,1520,1,13250
2,4975,40,1520,14,13251
2,4975,55,1520,5,13252
2,4976,1,1520,1,13253
2,4977,1,1520,1,13254
2,4977,10,1520,50,13255
2,4978,10,1520,2,13256
2,4979,10,1520,4,13257
2,4980,10,1520,4,13258
2,4981,10,1520,4,13259
2,4982,10,1520,2,13260
2,4983,1,1520,1,13261
2,4983,10,1520,2,13262
2,4984,10,1520,5,13263
2,4985,1,1520,1,13264
2,4985,10,1520,4,13265
2,4986,10,1520,8,13266
2,4987,10,1520,2,13267
2,4988,10,1520,2,13268
2,4989,10,1520,2,13269
2,4990,1,1520,1,13270
2,4990,10,1520,2,13271
2,4991,1,1520,3,13272
2,4992,10,1521,1,13273
2,4993,10,1521,1,13274
2,4994,10,1521,3,13275
2,4995,1,1521,2,13276
2,4995,2,1521,4,13277
2,4995,3,1521,9,13278
2,4995,4,1521,16,13279
2,4995,6,1521,4,13280
2,4995,7,1521,5,13281
2,4995,8,1521,4,13282
2,4995,9,1521,4,13283
2,4995,10,1521,26,13284
2,4995,11,1521,1,13285
2,4995,12,1521,1,13286
2,4995,18,1521,3,13287
2,4995,25,1521,1,13288
2,4996,10,1521,4,13289
2,4997,10,1521,4,13290
2,4998,10,1521,2,13291
2,4999,10,1521,9,13292
2,5000,2,1522,1,13293
2,5000,3,1522,1,13294
2,5000,4,1522,2,13295
2,5000,7,1522,1,13296
2,5000,8,1522,1,13297
2,5000,9,1522,1,13298
2,5000,10,1522,5,13299
2,5000,11,1522,1,13300
2,5000,18,1522,1,13301
2,5001,10,1523,1,13302
2,5002,10,1523,7,13303
2,5003,2,1523,1,13304
2,5003,3,1523,2,13305
2,5003,4,1523,4,13306
2,5003,7,1523,1,13307
2,5003,8,1523,1,13308
2,5003,9,1523,1,13309
2,5003,10,1523,5,13310
2,5003,11,1523,1,13311
2,5003,18,1523,1,13312
2,5004,2,1524,1,13313
2,5004,3,1524,1,13314
2,5004,4,1524,4,13315
2,5004,7,1524,1,13316
2,5004,9,1524,1,13317
2,5004,10,1524,4,13318
2,5004,11,1524,1,13319
2,5004,18,1524,1,13320
2,5005,10,1525,7,13321
2,5006,10,1525,1,13322
2,5007,2,1525,1,13323
2,5007,3,1525,1,13324
2,5007,4,1525,4,13325
2,5007,6,1525,1,13326
2,5007,7,1525,2,13327
2,5007,8,1525,1,13328
2,5007,9,1525,2,13329
2,5007,10,1525,7,13330
2,5007,11,1525,1,13331
2,5007,18,1525,1,13332
2,5008,1,1526,1,13333
2,5008,10,1526,4,13334
2,5009,10,1526,8,13335
2,5010,10,1526,3,13336
2,5011,10,1526,4,13337
2,5012,10,1526,8,13338
2,5013,1,1526,1,13339
2,5013,10,1526,2,13340
2,5014,2,1526,2,13341
2,5014,3,1526,2,13342
2,5014,4,1526,6,13343
2,5014,7,1526,1,13344
2,5014,8,1526,1,13345
2,5014,9,1526,2,13346
2,5014,10,1526,7,13347
2,5014,11,1526,1,13348
2,5014,18,1526,1,13349
2,5015,2,1527,1,13350
2,5015,3,1527,1,13351
2,5015,4,1527,2,13352
2,5015,6,1527,1,13353
2,5015,7,1527,1,13354
2,5015,8,1527,1,13355
2,5015,9,1527,1,13356
2,5015,10,1527,6,13357
2,5015,11,1527,1,13358
2,5015,18,1527,1,13359
2,5016,10,1528,1,13360
2,5017,2,1528,1,13361
2,5017,3,1528,1,13362
2,5017,4,1528,5,13363
2,5017,6,1528,2,13364
2,5017,7,1528,1,13365
2,5017,8,1528,1,13366
2,5017,9,1528,1,13367
2,5017,10,1528,6,13368
2,5017,11,1528,1,13369
2,5017,18,1528,2,13370
2,5018,10,1529,1,13371
2,5019,10,1529,1,13372
2,5020,1,1529,2,13373
2,5020,10,1529,1,13374
2,5021,10,1529,19,13375
2,5022,10,1529,7,13376
2,5023,10,1529,1,13377
2,5024,10,1529,2,13378
2,5025,2,1529,2,13379
2,5025,3,1529,2,13380
2,5025,4,1529,7,13381
2,5025,6,1529,2,13382
2,5025,7,1529,2,13383
2,5025,8,1529,3,13384
2,5025,9,1529,2,13385
2,5025,10,1529,10,13386
2,5025,11,1529,1,13387
2,5025,18,1529,1,13388
2,5025,25,1529,1,13389
2,5026,10,1530,8,13390
2,5027,2,1530,1,13391
2,5027,3,1530,1,13392
2,5027,4,1530,9,13393
2,5027,6,1530,1,13394
2,5027,7,1530,2,13395
2,5027,8,1530,2,13396
2,5027,9,1530,1,13397
2,5027,10,1530,7,13398
2,5027,11,1530,1,13399
2,5027,18,1530,1,13400
2,5028,2,1531,2,13401
2,5028,3,1531,3,13402
2,5028,4,1531,10,13403
2,5028,6,1531,4,13404
2,5028,7,1531,2,13405
2,5028,8,1531,4,13406
2,5028,9,1531,3,13407
2,5028,10,1531,10,13408
2,5028,11,1531,1,13409
2,5028,25,1531,1,13410
2,5029,2,1532,1,13411
2,5029,3,1532,1,13412
2,5029,4,1532,2,13413
2,5029,9,1532,1,13414
2,5029,10,1532,4,13415
2,5029,11,1532,1,13416
2,5029,18,1532,1,13417
2,5030,2,1533,1,13418
2,5030,3,1533,1,13419
2,5030,4,1533,2,13420
2,5030,6,1533,1,13421
2,5030,7,1533,1,13422
2,5030,8,1533,1,13423
2,5030,9,1533,1,13424
2,5030,10,1533,5,13425
2,5030,11,1533,1,13426
2,5030,18,1533,1,13427
2,5031,2,1534,1,13428
2,5031,3,1534,1,13429
2,5031,4,1534,3,13430
2,5031,9,1534,1,13431
2,5031,10,1534,4,13432
2,5031,11,1534,1,13433
2,5031,18,1534,1,13434
2,5032,10,1535,5,13435
2,5033,2,1535,1,13436
2,5033,3,1535,1,13437
2,5033,4,1535,6,13438
2,5033,6,1535,1,13439
2,5033,7,1535,1,13440
2,5033,8,1535,1,13441
2,5033,9,1535,1,13442
2,5033,10,1535,5,13443
2,5033,11,1535,1,13444
2,5033,18,1535,1,13445
2,5034,10,1536,6,13446
2,5035,2,1536,1,13447
2,5035,3,1536,1,13448
2,5035,4,1536,2,13449
2,5035,7,1536,1,13450
2,5035,9,1536,1,13451
2,5035,10,1536,5,13452
2,5035,11,1536,1,13453
2,5035,18,1536,1,13454
2,5036,10,1537,1,13455
2,5037,10,1537,1,13456
2,5038,1,1537,1,13457
2,5038,10,1537,8,13458
2,5039,2,1537,5,13459
2,5039,3,1537,8,13460
2,5039,4,1537,16,13461
2,5039,6,1537,4,13462
2,5039,7,1537,4,13463
2,5039,8,1537,4,13464
2,5039,9,1537,3,13465
2,5039,10,1537,12,13466
2,5039,11,1537,1,13467
2,5039,18,1537,3,13468
2,5039,25,1537,1,13469
2,5040,10,1537,2,13470
2,5041,10,1538,2,13471
2,5042,10,1538,4,13472
2,5043,1,1538,1,13473
2,5043,2,1538,2,13474
2,5043,3,1538,2,13475
2,5043,4,1538,6,13476
2,5043,6,1538,1,13477
2,5043,7,1538,2,13478
2,5043,8,1538,2,13479
2,5043,9,1538,1,13480
2,5043,10,1538,8,13481
2,5043,11,1538,1,13482
2,5043,18,1538,1,13483
2,5044,10,1531,1,13484
2,5045,10,1531,1,13485
2,5046,10,1531,1,13486
2,5047,1,1531,1,13487
2,5047,10,1531,3,13488
2,5048,1,1531,1,13489
2,5048,10,1531,7,13490
2,5049,10,1531,5,13491
2,5050,10,1531,8,13492
2,5051,10,1531,3,13493
2,5052,18,1531,3,13494
2,5052,25,1531,1,13495
2,5053,1,1531,3,13496
2,5053,10,1531,5,13497
2,5053,12,1531,1,13498
2,5054,1,1539,1,13499
2,5054,2,1539,20,13500
2,5054,3,1539,18,13501
2,5054,4,1539,136,13502
2,5054,6,1539,5,13503
2,5054,7,1539,17,13504
2,5054,8,1539,17,13505
2,5054,9,1539,7,13506
2,5054,10,1539,10,13507
2,5054,11,1539,2,13508
2,5054,17,1539,6,13509
2,5054,19,1539,10,13510
2,5054,26,1539,3,13511
2,5054,29,1539,7,13512
2,5054,37,1539,2,13513
2,5055,1,1539,1,13514
2,5055,10,1539,19,13515
2,5055,12,1539,1,13516
2,5056,10,1539,21,13517
2,5057,1,1539,1,13518
2,5057,4,1539,10,13519
2,5057,10,1539,15,13520
2,5057,17,1539,1,13521
2,5057,40,1539,45,13522
2,5057,55,1539,2,13523
2,5058,1,1539,2,13524
2,5058,2,1539,1,13525
2,5058,3,1539,3,13526
2,5058,4,1539,46,13527
2,5058,5,1539,2,13528
2,5058,6,1539,7,13529
2,5058,7,1539,13,13530
2,5058,8,1539,13,13531
2,5058,9,1539,4,13532
2,5058,10,1539,12,13533
2,5058,17,1539,2,13534
2,5058,18,1539,1,13535
2,5058,19,1539,3,13536
2,5058,23,1539,3,13537
2,5058,28,1539,12,13538
2,5059,10,1539,1,13539
2,5059,18,1539,2,13540
2,5060,10,1539,2,13541
2,5060,12,1539,1,13542
2,5061,1,1539,5,13543
2,5061,2,1539,9,13544
2,5061,3,1539,8,13545
2,5061,4,1539,14,13546
2,5061,6,1539,4,13547
2,5061,7,1539,6,13548
2,5061,8,1539,7,13549
2,5061,9,1539,4,13550
2,5061,10,1539,62,13551
2,5061,11,1539,2,13552
2,5061,18,1539,1,13553
2,5061,25,1539,2,13554
2,5062,10,1539,8,13555
2,5063,10,1539,2,13556
2,5064,1,1539,2,13557
2,5064,10,1539,9,13558
2,5065,10,1539,1,13559
2,5066,10,1539,1,13560
2,5066,18,1539,4,13561
2,5067,10,1539,7,13562
2,5068,10,1539,6,13563
2,5069,10,1539,4,13564
2,5070,10,1539,5,13565
2,5071,10,1539,1,13566
2,5072,1,1539,1,13567
2,5072,10,1539,1,13568
2,5072,23,1539,38,13569
2,5073,10,1539,18,13570
2,5074,1,1539,1,13571
2,5074,10,1539,1,13572
2,5074,12,1539,1,13573
2,5075,1,1539,1,13574
2,5075,10,1539,26,13575
2,5076,10,1539,6,13576
2,5077,10,1539,7,13577
2,5078,10,1539,5,13578
2,5079,1,1539,1,13579
2,5079,10,1539,1,13580
2,5080,18,1539,3,13581
2,5080,25,1539,3,13582
2,5081,10,1539,3,13583
2,5082,12,1539,1,13584
2,5083,10,1539,6,13585
2,5083,22,1539,10,13586
2,5083,24,1539,14,13587
2,5083,32,1539,2,13588
2,5083,33,1539,12,13589
2,5083,34,1539,10,13590
2,5083,36,1539,2,13591
2,5084,10,1539,19,13592
2,5085,1,1539,1,13593
2,5085,10,1539,10,13594
2,5086,10,1539,3,13595
2,5087,1,1539,1,13596
2,5087,10,1539,1,13597
2,5088,10,1539,5,13598
2,5089,1,1539,1,13599
2,5089,3,1539,2,13600
2,5089,4,1539,20,13601
2,5089,10,1539,8,13602
2,5089,17,1539,2,13603
2,5089,19,1539,2,13604
2,5089,28,1539,10,13605
2,5090,10,1539,1,13606
2,5091,10,1539,5,13607
2,5092,10,1539,3,13608
2,5093,1,1539,1,13609
2,5093,10,1539,4,13610
2,5093,17,1539,1,13611
2,5094,15,1539,2,13612
2,5094,19,1539,6,13613
2,5094,27,1539,9,13614
2,5094,28,1539,14,13615
2,5094,29,1539,3,13616
2,5094,38,1539,3,13617
2,5094,49,1539,2,13618
2,5094,50,1539,2,13619
2,5095,10,1539,2,13620
2,5096,1,1539,1,13621
2,5096,10,1539,8,13622
2,5096,17,1539,1,13623
2,5097,1,1539,1,13624
2,5097,10,1539,2,13625
2,5097,30,1539,6,13626
2,5098,2,1539,1,13627
2,5098,3,1539,1,13628
2,5098,4,1539,3,13629
2,5098,10,1539,3,13630
2,5098,11,1539,1,13631
2,5098,17,1539,1,13632
2,5098,19,1539,3,13633
2,5098,28,1539,7,13634
2,5099,10,1539,4,13635
2,5100,1,1539,1,13636
2,5100,10,1539,1,13637
2,5101,10,1539,1,13638
2,5102,10,1539,1,13639
2,5103,10,1539,14,13640
2,5104,1,1539,1,13641
2,5104,10,1539,5,13642
2,5105,10,1539,1,13643
2,5105,40,1539,5,13644
2,5106,31,1539,10,13645
2,5107,10,1539,1,13646
2,5108,1,1539,2,13647
2,5108,10,1539,2,13648
2,5109,18,1539,3,13649
2,5110,10,1539,1,13650
2,5111,10,1539,3,13651
2,5112,10,1539,1,13652
2,5113,1,1539,1,13653
2,5113,10,1539,2,13654
2,5114,1,1539,1,13655
2,5114,10,1539,12,13656
2,5115,10,1539,1,13657
2,5116,10,1539,2,13658
2,5117,10,1539,1,13659
2,5118,10,1539,6,13660
2,5118,24,1539,19,13661
2,5118,32,1539,3,13662
2,5119,1,1539,1,13663
2,5119,10,1539,1,13664
2,5120,1,1539,1,13665
2,5120,10,1539,4,13666
2,5121,10,1539,1,13667
2,5122,1,1539,1,13668
2,5122,10,1539,1,13669
2,5122,17,1539,1,13670
2,5123,10,1539,5,13671
2,5124,10,1539,3,13672
2,5125,10,1539,1,13673
2,5126,10,1539,3,13674
2,5127,10,1539,1,13675
2,5128,10,1539,1,13676
2,5129,10,1539,1,13677
2,5130,10,1539,1,13678
2,5131,1,1539,1,13679
2,5131,10,1539,2,13680
2,5132,10,1539,7,13681
2,5133,12,1539,2,13682
2,5134,1,1540,1,13683
2,5134,3,1540,1,13684
2,5134,4,1540,2,13685
2,5134,5,1540,1,13686
2,5134,6,1540,1,13687
2,5134,7,1540,1,13688
2,5134,8,1540,1,13689
2,5134,9,1540,1,13690
2,5134,10,1540,12,13691
2,5134,11,1540,1,13692
2,5134,18,1540,3,13693
2,5135,1,1541,1,13694
2,5135,3,1541,3,13695
2,5135,4,1541,2,13696
2,5135,5,1541,1,13697
2,5135,6,1541,2,13698
2,5135,7,1541,3,13699
2,5135,8,1541,2,13700
2,5135,9,1541,1,13701
2,5135,10,1541,10,13702
2,5135,11,1541,1,13703
2,5135,18,1541,3,13704
2,5136,10,1542,4,13705
2,5137,1,1542,1,13706
2,5137,3,1542,2,13707
2,5137,4,1542,4,13708
2,5137,5,1542,1,13709
2,5137,6,1542,1,13710
2,5137,7,1542,1,13711
2,5137,8,1542,1,13712
2,5137,9,1542,1,13713
2,5137,10,1542,7,13714
2,5137,11,1542,1,13715
2,5137,18,1542,2,13716
2,5138,10,1543,2,13717
2,5139,1,1543,1,13718
2,5139,3,1543,3,13719
2,5139,4,1543,6,13720
2,5139,5,1543,1,13721
2,5139,6,1543,2,13722
2,5139,7,1543,2,13723
2,5139,8,1543,2,13724
2,5139,9,1543,1,13725
2,5139,10,1543,20,13726
2,5139,11,1543,1,13727
2,5139,18,1543,9,13728
2,5140,1,1543,1,13729
2,5140,10,1543,10,13730
2,5141,10,1544,4,13731
2,5142,1,1544,2,13732
2,5142,3,1544,2,13733
2,5142,4,1544,4,13734
2,5142,5,1544,1,13735
2,5142,6,1544,2,13736
2,5142,7,1544,2,13737
2,5142,8,1544,2,13738
2,5142,9,1544,1,13739
2,5142,10,1544,9,13740
2,5142,11,1544,1,13741
2,5142,18,1544,4,13742
2,5143,1,1545,1,13743
2,5143,3,1545,2,13744
2,5143,4,1545,2,13745
2,5143,5,1545,1,13746
2,5143,6,1545,2,13747
2,5143,7,1545,3,13748
2,5143,8,1545,3,13749
2,5143,9,1545,1,13750
2,5143,10,1545,6,13751
2,5143,11,1545,1,13752
2,5143,18,1545,4,13753
2,5144,10,1546,1,13754
2,5145,1,1546,2,13755
2,5145,3,1546,3,13756
2,5145,4,1546,4,13757
2,5145,5,1546,1,13758
2,5145,6,1546,1,13759
2,5145,7,1546,2,13760
2,5145,8,1546,2,13761
2,5145,9,1546,1,13762
2,5145,10,1546,19,13763
2,5145,11,1546,1,13764
2,5145,18,1546,2,13765
2,5146,1,1547,2,13766
2,5146,3,1547,2,13767
2,5146,4,1547,4,13768
2,5146,5,1547,2,13769
2,5146,6,1547,2,13770
2,5146,7,1547,1,13771
2,5146,8,1547,1,13772
2,5146,9,1547,1,13773
2,5146,10,1547,22,13774
2,5146,11,1547,1,13775
2,5146,18,1547,4,13776
2,5147,10,1547,6,13777
2,5148,25,1547,2,13778
2,5149,1,1548,1,13779
2,5149,3,1548,2,13780
2,5149,4,1548,6,13781
2,5149,5,1548,1,13782
2,5149,6,1548,2,13783
2,5149,7,1548,2,13784
2,5149,8,1548,2,13785
2,5149,9,1548,1,13786
2,5149,10,1548,10,13787
2,5149,11,1548,1,13788
2,5149,18,1548,1,13789
2,5150,1,1548,1,13790
2,5150,10,1548,7,13791
2,5151,1,1549,1,13792
2,5151,3,1549,2,13793
2,5151,4,1549,5,13794
2,5151,5,1549,1,13795
2,5151,6,1549,1,13796
2,5151,7,1549,2,13797
2,5151,8,1549,2,13798
2,5151,9,1549,1,13799
2,5151,10,1549,9,13800
2,5151,11,1549,1,13801
2,5151,18,1549,1,13802
2,5152,1,1549,1,13803
2,5152,10,1549,4,13804
2,5153,10,1549,1,13805
2,5154,10,1549,6,13806
2,5155,1,1550,2,13807
2,5155,2,1550,2,13808
2,5155,3,1550,2,13809
2,5155,4,1550,7,13810
2,5155,6,1550,2,13811
2,5155,7,1550,2,13812
2,5155,8,1550,2,13813
2,5155,9,1550,1,13814
2,5155,10,1550,48,13815
2,5155,11,1550,1,13816
2,5155,18,1550,4,13817
2,5156,1,1551,1,13818
2,5156,3,1551,1,13819
2,5156,4,1551,2,13820
2,5156,5,1551,1,13821
2,5156,6,1551,1,13822
2,5156,7,1551,1,13823
2,5156,8,1551,1,13824
2,5156,9,1551,1,13825
2,5156,10,1551,5,13826
2,5156,11,1551,1,13827
2,5156,18,1551,1,13828
2,5157,1,1552,1,13829
2,5157,6,1552,1,13830
2,5157,7,1552,1,13831
2,5157,8,1552,2,13832
2,5157,9,1552,1,13833
2,5157,10,1552,5,13834
2,5157,18,1552,2,13835
2,5158,10,1552,1,13836
2,5158,20,1552,50,13837
2,5158,24,1552,10,13838
2,5159,1,1552,1,13839
2,5159,10,1552,2,13840
2,5160,10,1552,4,13841
2,5161,10,1552,4,13842
2,5162,10,1553,3,13843
2,5163,10,1553,2,13844
2,5164,1,1553,1,13845
2,5164,10,1553,9,13846
2,5165,2,1553,4,13847
2,5165,3,1553,8,13848
2,5165,4,1553,13,13849
2,5165,6,1553,2,13850
2,5165,7,1553,2,13851
2,5165,8,1553,2,13852
2,5165,9,1553,1,13853
2,5165,10,1553,10,13854
2,5165,11,1553,1,13855
2,5165,18,1553,1,13856
2,5166,10,1553,8,13857
2,5167,10,1553,6,13858
2,5167,12,1553,1,13859
2,5168,12,1554,1,13860
2,5169,1,1554,1,13861
2,5170,2,1554,2,13862
2,5170,3,1554,3,13863
2,5170,4,1554,3,13864
2,5170,6,1554,2,13865
2,5170,7,1554,1,13866
2,5170,8,1554,1,13867
2,5170,9,1554,1,13868
2,5170,10,1554,7,13869
2,5170,11,1554,1,13870
2,5170,18,1554,4,13871
2,5171,10,1555,6,13872
2,5172,2,1555,2,13873
2,5172,3,1555,2,13874
2,5172,4,1555,2,13875
2,5172,6,1555,2,13876
2,5172,7,1555,2,13877
2,5172,8,1555,2,13878
2,5172,9,1555,1,13879
2,5172,10,1555,4,13880
2,5172,11,1555,1,13881
2,5172,18,1555,2,13882
2,5173,1,1556,1,13883
2,5173,2,1556,1,13884
2,5173,3,1556,1,13885
2,5173,4,1556,1,13886
2,5173,7,1556,1,13887
2,5173,8,1556,1,13888
2,5173,9,1556,1,13889
2,5173,10,1556,3,13890
2,5173,11,1556,1,13891
2,5173,18,1556,1,13892
2,5174,1,1557,1,13893
2,5174,3,1557,2,13894
2,5174,4,1557,4,13895
2,5174,5,1557,1,13896
2,5174,6,1557,2,13897
2,5174,7,1557,2,13898
2,5174,8,1557,2,13899
2,5174,9,1557,1,13900
2,5174,10,1557,14,13901
2,5174,11,1557,1,13902
2,5174,18,1557,3,13903
2,5175,1,1558,3,13904
2,5175,3,1558,2,13905
2,5175,4,1558,4,13906
2,5175,5,1558,2,13907
2,5175,6,1558,1,13908
2,5175,8,1558,1,13909
2,5175,9,1558,1,13910
2,5175,10,1558,20,13911
2,5175,11,1558,1,13912
2,5175,18,1558,1,13913
2,5176,10,1545,4,13914
2,5177,1,1545,1,13915
2,5178,10,1559,5,13916
2,5179,1,1559,1,13917
2,5179,3,1559,2,13918
2,5179,4,1559,5,13919
2,5179,5,1559,1,13920
2,5179,6,1559,1,13921
2,5179,7,1559,2,13922
2,5179,8,1559,2,13923
2,5179,9,1559,1,13924
2,5179,10,1559,10,13925
2,5179,11,1559,1,13926
2,5179,18,1559,2,13927
2,5180,1,1559,1,13928
2,5180,10,1559,2,13929
2,5181,10,1559,1,13930
2,5182,10,1559,5,13931
2,5183,10,1560,7,13932
2,5184,10,1560,3,13933
2,5185,1,1560,1,13934
2,5185,3,1560,2,13935
2,5185,4,1560,6,13936
2,5185,5,1560,1,13937
2,5185,6,1560,1,13938
2,5185,7,1560,1,13939
2,5185,8,1560,1,13940
2,5185,9,1560,2,13941
2,5185,10,1560,7,13942
2,5185,11,1560,1,13943
2,5185,18,1560,1,13944
2,5186,2,1561,2,13945
2,5186,6,1561,1,13946
2,5186,7,1561,2,13947
2,5186,8,1561,2,13948
2,5186,9,1561,1,13949
2,5186,10,1561,5,13950
2,5186,11,1561,1,13951
2,5186,18,1561,1,13952
2,5187,12,1562,1,13953
2,5188,1,1562,1,13954
2,5188,10,1562,3,13955
2,5189,2,1562,2,13956
2,5189,3,1562,4,13957
2,5189,4,1562,5,13958
2,5189,6,1562,2,13959
2,5189,7,1562,2,13960
2,5189,8,1562,2,13961
2,5189,9,1562,1,13962
2,5189,10,1562,9,13963
2,5189,11,1562,1,13964
2,5189,18,1562,3,13965
2,5190,1,1562,2,13966
2,5190,10,1562,1,13967
2,5191,1,1563,1,13968
2,5191,10,1563,1,13969
2,5192,10,1563,1,13970
2,5193,1,1563,1,13971
2,5193,3,1563,4,13972
2,5193,4,1563,8,13973
2,5193,5,1563,2,13974
2,5193,6,1563,4,13975
2,5193,7,1563,2,13976
2,5193,8,1563,2,13977
2,5193,9,1563,1,13978
2,5193,10,1563,14,13979
2,5193,11,1563,1,13980
2,5193,17,1563,1,13981
2,5193,18,1563,2,13982
2,5193,40,1563,1,13983
2,5194,10,1563,4,13984
2,5195,10,1563,6,13985
2,5196,10,1563,6,13986
2,5197,10,1563,2,13987
2,5197,20,1563,10,13988
2,5197,24,1563,40,13989
2,5197,33,1563,10,13990
2,5198,1,1564,1,13991
2,5198,3,1564,2,13992
2,5198,4,1564,5,13993
2,5198,7,1564,5,13994
2,5198,8,1564,5,13995
2,5198,9,1564,1,13996
2,5198,10,1564,12,13997
2,5198,18,1564,4,13998
2,5199,10,1565,1,13999
2,5200,10,1565,1,14000
2,5201,10,1565,1,14001
2,5202,10,1565,1,14002
2,5203,1,1565,1,14003
2,5203,3,1565,3,14004
2,5203,4,1565,8,14005
2,5203,5,1565,1,14006
2,5203,6,1565,2,14007
2,5203,7,1565,2,14008
2,5203,8,1565,2,14009
2,5203,9,1565,2,14010
2,5203,10,1565,10,14011
2,5203,11,1565,1,14012
2,5203,18,1565,3,14013
2,5204,10,1565,1,14014
2,5205,1,1565,1,14015
2,5205,10,1565,2,14016
2,5206,20,1565,50,14017
2,5207,1,1565,1,14018
2,5207,10,1565,5,14019
2,5208,10,1565,4,14020
2,5209,10,1565,5,14021
2,5210,1,1565,1,14022
2,5210,10,1565,9,14023
2,5211,1,1566,1,14024
2,5211,3,1566,27,14025
2,5211,4,1566,124,14026
2,5211,6,1566,11,14027
2,5211,7,1566,23,14028
2,5211,8,1566,30,14029
2,5211,9,1566,13,14030
2,5211,10,1566,14,14031
2,5211,11,1566,2,14032
2,5211,17,1566,6,14033
2,5211,18,1566,2,14034
2,5211,19,1566,4,14035
2,5211,26,1566,7,14036
2,5211,27,1566,8,14037
2,5211,28,1566,17,14038
2,5211,29,1566,10,14039
2,5211,38,1566,13,14040
2,5211,39,1566,10,14041
2,5211,47,1566,3,14042
2,5211,48,1566,6,14043
2,5212,1,1566,3,14044
2,5212,2,1566,31,14045
2,5212,3,1566,18,14046
2,5212,4,1566,169,14047
2,5212,6,1566,10,14048
2,5212,7,1566,35,14049
2,5212,8,1566,43,14050
2,5212,9,1566,7,14051
2,5212,10,1566,25,14052
2,5212,11,1566,2,14053
2,5212,12,1566,1,14054
2,5212,17,1566,9,14055
2,5212,19,1566,75,14056
2,5212,23,1566,4,14057
2,5212,24,1566,19,14058
2,5212,25,1566,1,14059
2,5212,26,1566,15,14060
2,5212,27,1566,15,14061
2,5212,28,1566,41,14062
2,5212,29,1566,5,14063
2,5212,30,1566,5,14064
2,5212,47,1566,9,14065
2,5212,48,1566,11,14066
2,5213,1,1566,1,14067
2,5213,10,1566,5,14068
2,5214,1,1566,2,14069
2,5214,10,1566,3,14070
2,5215,10,1566,2,14071
2,5216,1,1566,1,14072
2,5216,10,1566,1,14073
2,5217,10,1566,1,14074
2,5218,10,1566,1,14075
2,5219,10,1566,1,14076
2,5219,23,1566,17,14077
2,5220,1,1566,7,14078
2,5220,2,1566,3,14079
2,5220,3,1566,8,14080
2,5220,4,1566,124,14081
2,5220,6,1566,12,14082
2,5220,7,1566,14,14083
2,5220,8,1566,22,14084
2,5220,9,1566,4,14085
2,5220,10,1566,11,14086
2,5220,11,1566,1,14087
2,5220,17,1566,6,14088
2,5220,18,1566,1,14089
2,5220,19,1566,17,14090
2,5220,26,1566,4,14091
2,5220,27,1566,12,14092
2,5220,29,1566,12,14093
2,5220,30,1566,6,14094
2,5220,38,1566,2,14095
2,5220,44,1566,30,14096
2,5221,1,1566,1,14097
2,5221,10,1566,47,14098
2,5222,1,1566,1,14099
2,5222,10,1566,5,14100
2,5222,17,1566,1,14101
2,5223,10,1566,5,14102
2,5224,10,1566,15,14103
2,5225,10,1566,6,14104
2,5225,12,1566,1,14105
2,5225,18,1566,1,14106
2,5225,25,1566,1,14107
2,5226,10,1566,5,14108
2,5227,1,1566,1,14109
2,5227,10,1566,1,14110
2,5227,17,1566,2,14111
2,5228,10,1566,15,14112
2,5229,1,1566,1,14113
2,5229,10,1566,3,14114
2,5229,30,1566,10,14115
2,5230,16,1566,1,14116
2,5231,10,1566,1,14117
2,5232,10,1566,13,14118
2,5233,10,1566,4,14119
2,5233,17,1566,1,14120
2,5234,10,1566,1,14121
2,5235,10,1566,4,14122
2,5236,10,1566,1,14123
2,5237,10,1566,3,14124
2,5238,10,1566,6,14125
2,5239,1,1566,2,14126
2,5239,3,1566,4,14127
2,5239,4,1566,9,14128
2,5239,5,1566,4,14129
2,5239,6,1566,3,14130
2,5239,7,1566,8,14131
2,5239,8,1566,7,14132
2,5239,9,1566,5,14133
2,5239,10,1566,58,14134
2,5239,11,1566,1,14135
2,5239,12,1566,1,14136
2,5239,18,1566,3,14137
2,5240,1,1566,1,14138
2,5240,10,1566,2,14139
2,5240,12,1566,1,14140
2,5240,17,1566,1,14141
2,5241,1,1566,1,14142
2,5241,10,1566,4,14143
2,5241,23,1566,12,14144
2,5242,10,1566,1,14145
2,5243,10,1566,5,14146
2,5244,10,1566,5,14147
2,5245,10,1566,4,14148
2,5246,1,1566,1,14149
2,5246,10,1566,30,14150
2,5246,18,1566,1,14151
2,5246,25,1566,1,14152
2,5247,10,1566,1,14153
2,5247,40,1566,30,14154
2,5248,10,1566,6,14155
2,5249,1,1566,1,14156
2,5249,10,1566,5,14157
2,5250,10,1566,1,14158
2,5251,10,1566,2,14159
2,5252,1,1566,3,14160
2,5252,10,1566,3,14161
2,5253,10,1566,8,14162
2,5254,10,1566,1,14163
2,5255,10,1566,4,14164
2,5256,10,1566,1,14165
2,5257,10,1566,3,14166
2,5258,10,1566,1,14167
2,5259,10,1566,4,14168
2,5260,10,1566,1,14169
2,5261,1,1566,1,14170
2,5261,3,1566,26,14171
2,5261,4,1566,161,14172
2,5261,6,1566,5,14173
2,5261,7,1566,14,14174
2,5261,8,1566,14,14175
2,5261,9,1566,4,14176
2,5261,10,1566,9,14177
2,5261,11,1566,1,14178
2,5261,17,1566,4,14179
2,5261,19,1566,7,14180
2,5261,25,1566,2,14181
2,5261,26,1566,4,14182
2,5261,27,1566,8,14183
2,5261,28,1566,22,14184
2,5261,29,1566,2,14185
2,5261,30,1566,10,14186
2,5261,46,1566,1,14187
2,5261,47,1566,2,14188
2,5262,10,1566,1,14189
2,5263,4,1566,4,14190
2,5263,25,1566,1,14191
2,5263,55,1566,3,14192
2,5264,10,1566,3,14193
2,5265,10,1566,1,14194
2,5266,1,1566,1,14195
2,5266,10,1566,1,14196
2,5267,1,1566,1,14197
2,5267,10,1566,1,14198
2,5268,1,1566,6,14199
2,5268,10,1566,3,14200
2,5269,18,1566,4,14201
2,5269,25,1566,1,14202
2,5270,10,1566,1,14203
2,5271,10,1566,3,14204
2,5272,10,1566,1,14205
2,5273,10,1566,4,14206
2,5274,10,1566,5,14207
2,5275,10,1566,4,14208
2,5276,10,1566,1,14209
2,5277,10,1566,1,14210
2,5278,10,1566,1,14211
2,5279,10,1566,5,14212
2,5280,10,1566,3,14213
2,5280,20,1566,57,14214
2,5280,24,1566,12,14215
2,5280,33,1566,12,14216
2,5280,54,1566,10,14217
2,5280,58,1566,10,14218
2,5281,10,1566,3,14219
2,5282,10,1566,1,14220
2,5283,10,1566,2,14221
2,5284,1,1566,1,14222
2,5284,10,1566,2,14223
2,5284,12,1566,1,14224
2,5285,10,1566,3,14225
2,5286,10,1566,2,14226
2,5287,1,1566,1,14227
2,5287,10,1566,2,14228
2,5288,1,1566,1,14229
2,5288,10,1566,4,14230
2,5288,23,1566,16,14231
2,5289,10,1566,1,14232
2,5290,10,1566,1,14233
2,5291,1,1566,1,14234
2,5291,10,1566,47,14235
2,5292,10,1566,1,14236
2,5293,10,1566,2,14237
2,5294,10,1566,5,14238
2,5295,1,1566,1,14239
2,5296,10,1566,2,14240
2,5297,1,1566,1,14241
2,5297,10,1566,3,14242
2,5297,23,1566,36,14243
2,5298,1,1566,1,14244
2,5298,4,1566,3,14245
2,5298,10,1566,1,14246
2,5298,55,1566,3,14247
2,5299,10,1566,4,14248
2,5300,1,1566,1,14249
2,5300,3,1566,7,14250
2,5300,4,1566,15,14251
2,5300,16,1566,2,14252
2,5300,35,1566,6,14253
2,5301,10,1566,2,14254
2,5302,10,1566,3,14255
2,5303,10,1566,3,14256
2,5304,18,1566,2,14257
2,5304,25,1566,2,14258
2,5305,1,1566,1,14259
2,5305,10,1566,5,14260
2,5306,10,1566,1,14261
2,5307,18,1566,1,14262
2,5307,25,1566,1,14263
2,5308,1,1566,2,14264
2,5308,10,1566,9,14265
2,5309,1,1566,1,14266
2,5310,10,1566,1,14267
2,5311,1,1566,1,14268
2,5311,10,1566,5,14269
2,5312,1,1566,1,14270
2,5312,10,1566,1,14271
2,5312,30,1566,6,14272
2,5313,10,1566,1,14273
2,5314,1,1566,1,14274
2,5314,10,1566,1,14275
2,5314,40,1566,25,14276
2,5314,55,1566,2,14277
2,5315,10,1566,1,14278
2,5316,10,1566,1,14279
2,5317,1,1566,1,14280
2,5317,10,1566,6,14281
2,5318,3,1566,6,14282
2,5318,10,1566,6,14283
2,5319,16,1566,1,14284
2,5320,1,1566,2,14285
2,5320,10,1566,8,14286
2,5320,24,1566,60,14287
2,5320,33,1566,100,14288
2,5321,10,1566,1,14289
2,5322,10,1566,1,14290
2,5323,18,1566,2,14291
2,5324,1,1566,2,14292
2,5324,10,1566,1,14293
2,5325,10,1566,1,14294
2,5326,1,1566,1,14295
2,5326,10,1566,22,14296
2,5327,18,1566,5,14297
2,5327,25,1566,2,14298
2,5328,10,1566,2,14299
2,5329,1,1566,1,14300
2,5329,10,1566,13,14301
2,5330,10,1566,2,14302
2,5331,10,1566,1,14303
2,5332,17,1566,4,14304
2,5333,10,1566,3,14305
2,5334,10,1566,1,14306
2,5335,10,1566,3,14307
2,5336,10,1566,2,14308
2,5337,10,1566,3,14309
2,5338,1,1566,1,14310
2,5339,10,1566,1,14311
2,5340,1,1566,1,14312
2,5340,10,1566,7,14313
2,5341,10,1566,2,14314
2,5342,10,1566,4,14315
2,5343,1,1566,1,14316
2,5343,10,1566,7,14317
2,5344,10,1566,1,14318
2,5345,1,1566,1,14319
2,5345,10,1566,2,14320
2,5345,24,1566,36,14321
2,5345,33,1566,4,14322
2,5346,1,1566,1,14323
2,5346,10,1566,1,14324
2,5347,10,1566,2,14325
2,5347,17,1566,1,14326
2,5348,1,1566,1,14327
2,5348,10,1566,2,14328
2,5349,10,1566,5,14329
2,5349,30,1566,5,14330
2,5350,10,1566,1,14331
2,5351,10,1566,1,14332
2,5352,10,1566,33,14333
2,5353,1,1566,1,14334
2,5353,10,1566,1,14335
2,5353,40,1566,1,14336
2,5354,10,1566,1,14337
2,5355,1,1566,1,14338
2,5355,10,1566,2,14339
2,5355,20,1566,16,14340
2,5355,24,1566,50,14341
2,5355,33,1566,4,14342
2,5356,10,1567,24,14343
2,5357,10,1567,2,14344
2,5358,1,1567,3,14345
2,5358,10,1567,20,14346
2,5359,2,1567,2,14347
2,5359,3,1567,4,14348
2,5359,4,1567,6,14349
2,5359,6,1567,4,14350
2,5359,7,1567,6,14351
2,5359,8,1567,6,14352
2,5359,9,1567,6,14353
2,5359,10,1567,11,14354
2,5359,11,1567,1,14355
2,5359,12,1567,1,14356
2,5359,18,1567,1,14357
2,5360,1,1568,1,14358
2,5360,10,1568,1,14359
2,5361,1,1567,2,14360
2,5361,10,1567,1,14361
2,5362,1,1567,1,14362
2,5362,10,1567,13,14363
2,5363,1,1567,1,14364
2,5363,10,1567,6,14365
2,5364,10,1567,4,14366
2,5365,1,1569,1,14367
2,5365,3,1569,3,14368
2,5365,4,1569,6,14369
2,5365,5,1569,1,14370
2,5365,6,1569,1,14371
2,5365,7,1569,3,14372
2,5365,8,1569,2,14373
2,5365,9,1569,2,14374
2,5365,10,1569,13,14375
2,5365,11,1569,1,14376
2,5365,18,1569,4,14377
2,5366,10,1570,1,14378
2,5367,1,1570,1,14379
2,5367,2,1570,1,14380
2,5367,3,1570,2,14381
2,5367,4,1570,2,14382
2,5367,7,1570,1,14383
2,5367,8,1570,1,14384
2,5367,9,1570,1,14385
2,5367,10,1570,4,14386
2,5367,11,1570,1,14387
2,5367,12,1570,1,14388
2,5367,18,1570,2,14389
2,5368,2,1571,1,14390
2,5368,3,1571,1,14391
2,5368,4,1571,1,14392
2,5368,6,1571,1,14393
2,5368,7,1571,1,14394
2,5368,8,1571,1,14395
2,5368,9,1571,1,14396
2,5368,10,1571,10,14397
2,5368,11,1571,1,14398
2,5368,18,1571,3,14399
2,5369,1,1572,1,14400
2,5369,3,1572,1,14401
2,5369,4,1572,2,14402
2,5369,5,1572,1,14403
2,5369,6,1572,1,14404
2,5369,7,1572,1,14405
2,5369,8,1572,1,14406
2,5369,9,1572,1,14407
2,5369,10,1572,6,14408
2,5369,11,1572,1,14409
2,5369,18,1572,2,14410
2,5370,10,1573,1,14411
2,5371,10,1573,22,14412
2,5372,10,1573,1,14413
2,5373,1,1573,1,14414
2,5373,10,1573,3,14415
2,5374,1,1574,1,14416
2,5374,10,1574,18,14417
2,5375,10,1573,4,14418
2,5376,10,1573,3,14419
2,5377,10,1573,6,14420
2,5378,10,1573,2,14421
2,5379,10,1573,3,14422
2,5380,10,1573,2,14423
2,5381,1,1573,2,14424
2,5381,2,1573,12,14425
2,5381,3,1573,19,14426
2,5381,4,1573,38,14427
2,5381,6,1573,13,14428
2,5381,7,1573,10,14429
2,5381,8,1573,10,14430
2,5381,9,1573,6,14431
2,5381,10,1573,13,14432
2,5381,11,1573,2,14433
2,5381,17,1573,3,14434
2,5381,20,1573,30,14435
2,5382,1,1574,1,14436
2,5382,2,1574,6,14437
2,5382,3,1574,8,14438
2,5382,4,1574,12,14439
2,5382,6,1574,5,14440
2,5382,7,1574,3,14441
2,5382,8,1574,4,14442
2,5382,9,1574,5,14443
2,5382,10,1574,42,14444
2,5382,11,1574,1,14445
2,5382,12,1574,3,14446
2,5382,18,1574,4,14447
2,5383,1,1573,2,14448
2,5383,10,1573,19,14449
2,5384,1,1573,2,14450
2,5384,10,1573,18,14451
2,5384,12,1573,1,14452
2,5384,18,1573,2,14453
2,5385,10,1573,4,14454
2,5386,10,1573,3,14455
2,5387,10,1573,1,14456
2,5388,10,1573,3,14457
2,5389,10,1573,13,14458
2,5390,10,1573,1,14459
2,5390,17,1573,1,14460
2,5391,10,1573,9,14461
2,5392,1,1573,1,14462
2,5392,10,1573,12,14463
2,5393,10,1573,5,14464
2,5394,10,1573,1,14465
2,5395,10,1573,2,14466
2,5396,1,1573,1,14467
2,5396,10,1573,1,14468
2,5397,10,1573,1,14469
2,5398,10,1573,1,14470
2,5399,10,1573,1,14471
2,5400,1,1573,1,14472
2,5400,10,1573,2,14473
2,5401,10,1573,3,14474
2,5402,1,1573,1,14475
2,5402,10,1573,7,14476
2,5403,1,1573,1,14477
2,5403,10,1573,2,14478
2,5404,10,1573,1,14479
2,5405,1,1575,1,14480
2,5406,1,1575,1,14481
2,5406,3,1575,2,14482
2,5406,4,1575,5,14483
2,5406,5,1575,1,14484
2,5406,6,1575,1,14485
2,5406,7,1575,1,14486
2,5406,8,1575,1,14487
2,5406,9,1575,1,14488
2,5406,10,1575,8,14489
2,5406,11,1575,1,14490
2,5406,18,1575,1,14491
2,5407,2,1575,3,14492
2,5407,3,1575,4,14493
2,5407,4,1575,8,14494
2,5407,6,1575,3,14495
2,5407,7,1575,2,14496
2,5407,8,1575,2,14497
2,5407,9,1575,1,14498
2,5407,10,1575,13,14499
2,5407,11,1575,1,14500
2,5407,18,1575,4,14501
2,5408,1,1575,1,14502
2,5408,10,1575,11,14503
2,5409,2,1576,2,14504
2,5409,3,1576,2,14505
2,5409,4,1576,2,14506
2,5409,6,1576,1,14507
2,5409,7,1576,1,14508
2,5409,8,1576,1,14509
2,5409,9,1576,1,14510
2,5409,10,1576,4,14511
2,5409,11,1576,1,14512
2,5409,18,1576,1,14513
2,5410,1,1576,1,14514
2,5410,2,1576,1,14515
2,5410,4,1576,1,14516
2,5410,7,1576,1,14517
2,5410,9,1576,1,14518
2,5410,10,1576,2,14519
2,5410,11,1576,1,14520
2,5410,18,1576,1,14521
2,5411,1,1577,1,14522
2,5411,3,1577,3,14523
2,5411,4,1577,4,14524
2,5411,5,1577,1,14525
2,5411,6,1577,3,14526
2,5411,7,1577,2,14527
2,5411,8,1577,2,14528
2,5411,9,1577,1,14529
2,5411,10,1577,6,14530
2,5411,11,1577,1,14531
2,5411,18,1577,3,14532
2,5412,1,1578,1,14533
2,5412,3,1578,1,14534
2,5412,4,1578,4,14535
2,5412,5,1578,1,14536
2,5412,6,1578,1,14537
2,5412,7,1578,1,14538
2,5412,8,1578,1,14539
2,5412,9,1578,1,14540
2,5412,10,1578,4,14541
2,5412,11,1578,1,14542
2,5412,18,1578,3,14543
2,5413,10,1568,1,14544
2,5414,10,1568,1,14545
2,5415,1,1568,1,14546
2,5415,3,1568,3,14547
2,5415,4,1568,6,14548
2,5415,5,1568,2,14549
2,5415,6,1568,4,14550
2,5415,7,1568,4,14551
2,5415,8,1568,3,14552
2,5415,9,1568,2,14553
2,5415,10,1568,14,14554
2,5415,11,1568,1,14555
2,5415,18,1568,3,14556
2,5416,20,1568,59,14557
2,5417,10,1568,3,14558
2,5417,20,1568,18,14559
2,5417,21,1568,18,14560
2,5418,1,1579,6,14561
2,5418,3,1579,2,14562
2,5418,4,1579,4,14563
2,5418,5,1579,2,14564
2,5418,6,1579,1,14565
2,5418,7,1579,1,14566
2,5418,8,1579,1,14567
2,5418,9,1579,1,14568
2,5418,10,1579,26,14569
2,5418,11,1579,1,14570
2,5418,18,1579,1,14571
2,5419,1,1579,1,14572
2,5419,10,1579,7,14573
2,5420,10,1580,17,14574
2,5421,2,1580,4,14575
2,5421,3,1580,2,14576
2,5421,4,1580,2,14577
2,5421,6,1580,4,14578
2,5421,7,1580,4,14579
2,5421,8,1580,4,14580
2,5421,9,1580,2,14581
2,5421,10,1580,9,14582
2,5421,11,1580,2,14583
2,5421,18,1580,3,14584
2,5422,1,1581,1,14585
2,5422,3,1581,3,14586
2,5422,4,1581,4,14587
2,5422,5,1581,1,14588
2,5422,7,1581,1,14589
2,5422,8,1581,1,14590
2,5422,9,1581,1,14591
2,5422,10,1581,11,14592
2,5422,11,1581,1,14593
2,5422,18,1581,3,14594
2,5423,1,1581,1,14595
2,5423,10,1581,6,14596
2,5424,1,1581,1,14597
2,5424,10,1581,2,14598
2,5425,2,1582,1,14599
2,5425,6,1582,2,14600
2,5425,7,1582,2,14601
2,5425,8,1582,2,14602
2,5425,9,1582,1,14603
2,5425,10,1582,7,14604
2,5425,11,1582,1,14605
2,5425,18,1582,2,14606
2,5426,10,1574,1,14607
2,5427,1,1574,1,14608
2,5427,10,1574,3,14609
2,5428,10,1574,1,14610
2,5429,1,1574,1,14611
2,5429,2,1574,6,14612
2,5429,3,1574,12,14613
2,5429,4,1574,16,14614
2,5429,6,1574,12,14615
2,5429,7,1574,8,14616
2,5429,8,1574,7,14617
2,5429,9,1574,3,14618
2,5429,10,1574,12,14619
2,5429,11,1574,1,14620
2,5429,17,1574,2,14621
2,5429,18,1574,1,14622
2,5430,1,1574,4,14623
2,5430,2,1574,28,14624
2,5430,3,1574,36,14625
2,5430,4,1574,64,14626
2,5430,6,1574,10,14627
2,5430,7,1574,10,14628
2,5430,8,1574,10,14629
2,5430,9,1574,3,14630
2,5430,10,1574,14,14631
2,5430,11,1574,2,14632
2,5430,12,1574,1,14633
2,5430,17,1574,4,14634
2,5430,18,1574,2,14635
2,5430,19,1574,3,14636
2,5430,25,1574,2,14637
2,5430,26,1574,4,14638
2,5430,28,1574,10,14639
2,5430,29,1574,6,14640
2,5431,1,1574,1,14641
2,5431,3,1574,7,14642
2,5431,4,1574,35,14643
2,5431,6,1574,3,14644
2,5431,7,1574,3,14645
2,5431,8,1574,3,14646
2,5431,9,1574,2,14647
2,5431,10,1574,3,14648
2,5431,17,1574,2,14649
2,5431,18,1574,2,14650
2,5432,4,1574,4,14651
2,5432,10,1574,4,14652
2,5432,17,1574,2,14653
2,5433,10,1574,10,14654
2,5433,12,1574,1,14655
2,5434,10,1574,1,14656
2,5435,10,1574,1,14657
2,5435,12,1574,1,14658
2,5435,17,1574,1,14659
2,5436,25,1574,3,14660
2,5437,10,1574,7,14661
2,5437,18,1574,4,14662
2,5437,25,1574,3,14663
2,5438,10,1574,1,14664
2,5439,10,1574,2,14665
2,5440,1,1574,1,14666
2,5440,10,1574,8,14667
2,5441,1,1574,1,14668
2,5441,10,1574,3,14669
2,5442,1,1574,1,14670
2,5442,10,1574,1,14671
2,5443,1,1574,1,14672
2,5443,10,1574,9,14673
2,5444,10,1574,4,14674
2,5445,10,1574,4,14675
2,5446,1,1574,1,14676
2,5446,10,1574,3,14677
2,5447,10,1574,2,14678
2,5447,24,1574,20,14679
2,5447,32,1574,3,14680
2,5447,33,1574,20,14681
2,5447,34,1574,10,14682
2,5447,36,1574,3,14683
2,5448,1,1574,1,14684
2,5449,10,1574,1,14685
2,5449,12,1574,1,14686
2,5450,10,1574,6,14687
2,5451,10,1574,3,14688
2,5452,10,1574,1,14689
2,5453,1,1574,2,14690
2,5453,10,1574,2,14691
2,5454,1,1574,1,14692
2,5454,10,1574,8,14693
2,5455,10,1574,1,14694
2,5456,1,1574,1,14695
2,5456,3,1574,12,14696
2,5456,4,1574,50,14697
2,5456,5,1574,5,14698
2,5456,6,1574,12,14699
2,5456,7,1574,14,14700
2,5456,8,1574,15,14701
2,5456,9,1574,2,14702
2,5456,10,1574,6,14703
2,5456,11,1574,1,14704
2,5456,15,1574,1,14705
2,5456,17,1574,2,14706
2,5456,19,1574,10,14707
2,5456,23,1574,2,14708
2,5456,25,1574,1,14709
2,5456,26,1574,3,14710
2,5456,27,1574,8,14711
2,5456,28,1574,13,14712
2,5456,29,1574,2,14713
2,5456,37,1574,1,14714
2,5456,38,1574,6,14715
2,5456,47,1574,1,14716
2,5456,48,1574,3,14717
2,5456,49,1574,4,14718
2,5457,10,1583,1,14719
2,5458,1,1574,1,14720
2,5458,10,1574,1,14721
2,5458,17,1574,1,14722
2,5459,10,1574,7,14723
2,5460,9,1574,2,14724
2,5460,10,1574,2,14725
2,5460,24,1574,10,14726
2,5460,33,1574,42,14727
2,5461,1,1584,1,14728
2,5461,10,1584,1,14729
2,5461,12,1584,1,14730
2,5462,1,1574,2,14731
2,5462,10,1574,6,14732
2,5463,10,1574,1,14733
2,5464,10,1574,1,14734
2,5465,1,1583,1,14735
2,5465,10,1583,2,14736
2,5465,12,1583,1,14737
2,5466,1,1583,2,14738
2,5466,2,1583,1,14739
2,5466,3,1583,10,14740
2,5466,4,1583,45,14741
2,5466,5,1583,1,14742
2,5466,6,1583,3,14743
2,5466,7,1583,4,14744
2,5466,8,1583,4,14745
2,5466,9,1583,2,14746
2,5466,10,1583,10,14747
2,5466,11,1583,2,14748
2,5466,17,1583,2,14749
2,5466,18,1583,2,14750
2,5466,25,1583,2,14751
2,5467,10,1583,1,14752
2,5468,3,1584,2,14753
2,5468,4,1584,4,14754
2,5468,6,1584,2,14755
2,5468,7,1584,2,14756
2,5468,8,1584,2,14757
2,5468,9,1584,1,14758
2,5468,10,1584,2,14759
2,5469,1,1583,2,14760
2,5469,2,1583,2,14761
2,5469,3,1583,8,14762
2,5469,4,1583,10,14763
2,5469,6,1583,8,14764
2,5469,7,1583,6,14765
2,5469,8,1583,6,14766
2,5469,9,1583,2,14767
2,5469,10,1583,16,14768
2,5469,11,1583,1,14769
2,5469,12,1583,1,14770
2,5469,18,1583,3,14771
2,5470,10,1583,6,14772
2,5471,1,1583,1,14773
2,5471,10,1583,2,14774
2,5472,10,1583,1,14775
2,5473,1,1583,1,14776
2,5473,10,1583,3,14777
2,5474,10,1583,1,14778
2,5474,40,1583,3,14779
2,5475,1,1583,2,14780
2,5475,3,1583,2,14781
2,5475,4,1583,4,14782
2,5475,5,1583,1,14783
2,5475,6,1583,2,14784
2,5475,7,1583,9,14785
2,5475,8,1583,5,14786
2,5475,9,1583,2,14787
2,5475,10,1583,6,14788
2,5475,11,1583,1,14789
2,5475,18,1583,1,14790
2,5476,10,1583,2,14791
2,5477,10,1583,1,14792
2,5478,1,1585,2,14793
2,5478,2,1585,3,14794
2,5478,3,1585,3,14795
2,5478,4,1585,9,14796
2,5478,6,1585,4,14797
2,5478,7,1585,4,14798
2,5478,8,1585,4,14799
2,5478,9,1585,2,14800
2,5478,10,1585,3,14801
2,5478,11,1585,1,14802
2,5478,18,1585,2,14803
2,5479,1,1584,1,14804
2,5479,3,1584,2,14805
2,5479,4,1584,5,14806
2,5479,6,1584,5,14807
2,5479,7,1584,4,14808
2,5479,8,1584,5,14809
2,5479,9,1584,2,14810
2,5479,10,1584,10,14811
2,5479,11,1584,1,14812
2,5479,12,1584,1,14813
2,5479,18,1584,2,14814
2,5480,10,1584,1,14815
2,5481,1,1586,1,14816
2,5481,10,1586,1,14817
2,5482,10,1586,1,14818
2,5483,1,1586,4,14819
2,5483,3,1586,4,14820
2,5483,4,1586,8,14821
2,5483,5,1586,1,14822
2,5483,6,1586,9,14823
2,5483,7,1586,8,14824
2,5483,8,1586,8,14825
2,5483,9,1586,4,14826
2,5483,10,1586,14,14827
2,5483,11,1586,1,14828
2,5483,12,1586,1,14829
2,5483,18,1586,2,14830
2,5484,1,1586,1,14831
2,5484,10,1586,2,14832
2,5485,10,1586,4,14833
2,5486,10,1586,7,14834
2,5487,1,1586,1,14835
2,5487,2,1586,6,14836
2,5487,3,1586,24,14837
2,5487,4,1586,105,14838
2,5487,6,1586,5,14839
2,5487,7,1586,8,14840
2,5487,8,1586,5,14841
2,5487,9,1586,2,14842
2,5487,10,1586,7,14843
2,5487,11,1586,1,14844
2,5487,14,1586,6,14845
2,5487,17,1586,3,14846
2,5487,25,1586,2,14847
2,5487,26,1586,6,14848
2,5487,27,1586,12,14849
2,5487,29,1586,5,14850
2,5487,44,1586,12,14851
2,5487,47,1586,2,14852
2,5487,48,1586,2,14853
2,5488,1,1586,1,14854
2,5488,10,1586,1,14855
2,5489,10,1586,1,14856
2,5490,10,1586,2,14857
2,5490,24,1586,3,14858
2,5491,1,1587,9,14859
2,5491,3,1587,5,14860
2,5491,4,1587,20,14861
2,5491,6,1587,4,14862
2,5491,7,1587,4,14863
2,5491,8,1587,4,14864
2,5491,9,1587,3,14865
2,5491,10,1587,19,14866
2,5491,11,1587,1,14867
2,5491,12,1587,6,14868
2,5491,18,1587,6,14869
2,5492,10,1588,2,14870
2,5493,1,1588,1,14871
2,5493,3,1588,13,14872
2,5493,4,1588,24,14873
2,5493,6,1588,4,14874
2,5493,7,1588,3,14875
2,5493,8,1588,3,14876
2,5493,9,1588,3,14877
2,5493,10,1588,18,14878
2,5493,11,1588,2,14879
2,5493,17,1588,2,14880
2,5493,19,1588,3,14881
2,5493,25,1588,2,14882
2,5493,28,1588,10,14883
2,5493,29,1588,8,14884
2,5494,10,1588,7,14885
2,5495,10,1588,1,14886
2,5496,10,1588,2,14887
2,5497,10,1589,5,14888
2,5498,10,1589,1,14889
2,5499,1,1589,1,14890
2,5499,2,1589,4,14891
2,5499,3,1589,6,14892
2,5499,4,1589,19,14893
2,5499,6,1589,3,14894
2,5499,7,1589,3,14895
2,5499,8,1589,3,14896
2,5499,9,1589,2,14897
2,5499,10,1589,36,14898
2,5499,11,1589,1,14899
2,5499,12,1589,9,14900
2,5499,18,1589,1,14901
2,5500,10,1589,1,14902
2,5501,10,1589,1,14903
2,5502,1,1590,1,14904
2,5502,2,1590,2,14905
2,5502,3,1590,3,14906
2,5502,4,1590,6,14907
2,5502,6,1590,3,14908
2,5502,7,1590,3,14909
2,5502,8,1590,3,14910
2,5502,9,1590,2,14911
2,5502,10,1590,16,14912
2,5502,11,1590,1,14913
2,5502,18,1590,3,14914
2,5503,2,1590,1,14915
2,5503,3,1590,2,14916
2,5503,4,1590,4,14917
2,5503,6,1590,2,14918
2,5503,7,1590,2,14919
2,5503,8,1590,3,14920
2,5503,9,1590,1,14921
2,5503,10,1590,8,14922
2,5503,11,1590,1,14923
2,5503,18,1590,1,14924
2,5504,10,1590,1,14925
2,5505,4,1590,5,14926
2,5505,10,1590,2,14927
2,5505,17,1590,1,14928
2,5506,10,1591,4,14929
2,5507,10,1591,1,14930
2,5508,1,1591,2,14931
2,5508,2,1591,4,14932
2,5508,3,1591,4,14933
2,5508,4,1591,4,14934
2,5508,7,1591,2,14935
2,5508,8,1591,3,14936
2,5508,9,1591,2,14937
2,5508,10,1591,12,14938
2,5508,11,1591,2,14939
2,5508,18,1591,2,14940
2,5509,1,1591,1,14941
2,5509,6,1591,3,14942
2,5509,7,1591,6,14943
2,5509,8,1591,5,14944
2,5509,9,1591,4,14945
2,5509,10,1591,2,14946
2,5509,18,1591,2,14947
2,5510,1,1591,1,14948
2,5510,4,1591,1,14949
2,5510,10,1591,1,14950
2,5510,40,1591,1,14951
2,5511,1,1592,4,14952
2,5511,2,1592,2,14953
2,5511,3,1592,3,14954
2,5511,4,1592,8,14955
2,5511,6,1592,2,14956
2,5511,7,1592,3,14957
2,5511,8,1592,3,14958
2,5511,9,1592,2,14959
2,5511,10,1592,9,14960
2,5511,11,1592,1,14961
2,5511,12,1592,1,14962
2,5511,18,1592,3,14963
2,5512,1,1593,1,14964
2,5512,2,1593,1,14965
2,5512,4,1593,1,14966
2,5512,6,1593,1,14967
2,5512,7,1593,1,14968
2,5512,8,1593,2,14969
2,5512,9,1593,1,14970
2,5512,10,1593,7,14971
2,5512,18,1593,1,14972
2,5513,1,1594,4,14973
2,5513,2,1594,1,14974
2,5513,3,1594,1,14975
2,5513,4,1594,2,14976
2,5513,6,1594,1,14977
2,5513,7,1594,1,14978
2,5513,8,1594,1,14979
2,5513,9,1594,1,14980
2,5513,10,1594,6,14981
2,5513,11,1594,1,14982
2,5513,18,1594,1,14983
2,5514,1,1298,1,14984
2,5514,6,1298,1,14985
2,5514,7,1298,3,14986
2,5514,8,1298,5,14987
2,5514,9,1298,1,14988
2,5514,10,1298,2,14989
2,5514,20,1298,1,14990
2,5514,21,1298,1,14991
2,5514,22,1298,9,14992
2,5514,24,1298,14,14993
2,5514,32,1298,11,14994
2,5514,33,1298,12,14995
2,5514,34,1298,9,14996
2,5514,36,1298,13,14997
2,5514,54,1298,1,14998
2,5514,58,1298,1,14999
2,5515,1,1298,3,15000
2,5515,10,1298,7,15001
2,5516,1,1298,4,15002
2,5516,2,1298,5,15003
2,5516,3,1298,5,15004
2,5516,4,1298,5,15005
2,5516,6,1298,5,15006
2,5516,7,1298,5,15007
2,5516,8,1298,5,15008
2,5516,9,1298,2,15009
2,5516,10,1298,9,15010
2,5516,11,1298,1,15011
2,5516,12,1298,4,15012
2,5516,18,1298,6,15013
2,5517,16,1298,1,15014
2,5518,10,1298,1,15015
2,5518,12,1298,1,15016
2,5519,10,1298,1,15017
2,5520,1,1595,1,15018
2,5520,10,1595,1,15019
2,5520,12,1595,1,15020
2,5521,1,1595,2,15021
2,5521,3,1595,2,15022
2,5521,4,1595,6,15023
2,5521,6,1595,2,15024
2,5521,7,1595,5,15025
2,5521,8,1595,5,15026
2,5521,9,1595,4,15027
2,5521,10,1595,11,15028
2,5521,18,1595,3,15029
2,5522,1,1596,1,15030
2,5522,3,1596,3,15031
2,5522,4,1596,4,15032
2,5522,6,1596,2,15033
2,5522,7,1596,2,15034
2,5522,8,1596,2,15035
2,5522,9,1596,1,15036
2,5522,10,1596,1,15037
2,5522,11,1596,1,15038
2,5522,18,1596,2,15039
2,5523,10,1597,1,15040
2,5524,1,1597,1,15041
2,5524,2,1597,2,15042
2,5524,3,1597,3,15043
2,5524,4,1597,8,15044
2,5524,7,1597,2,15045
2,5524,8,1597,2,15046
2,5524,9,1597,2,15047
2,5524,10,1597,7,15048
2,5524,11,1597,1,15049
2,5524,18,1597,3,15050
2,5525,1,1299,1,15051
2,5525,2,1299,3,15052
2,5525,3,1299,3,15053
2,5525,4,1299,8,15054
2,5525,6,1299,2,15055
2,5525,7,1299,3,15056
2,5525,8,1299,4,15057
2,5525,9,1299,1,15058
2,5525,10,1299,12,15059
2,5525,11,1299,1,15060
2,5525,18,1299,2,15061
2,5526,10,1299,1,15062
2,5527,10,1598,16,15063
2,5528,1,1598,1,15064
2,5528,10,1598,1,15065
2,5529,1,1598,1,15066
2,5529,3,1598,2,15067
2,5529,4,1598,4,15068
2,5529,6,1598,1,15069
2,5529,7,1598,1,15070
2,5529,8,1598,1,15071
2,5529,9,1598,2,15072
2,5529,10,1598,3,15073
2,5529,11,1598,1,15074
2,5529,18,1598,2,15075
2,5530,10,1598,1,15076
2,5531,2,1598,1,15077
2,5531,6,1598,2,15078
2,5531,7,1598,2,15079
2,5531,8,1598,1,15080
2,5531,9,1598,1,15081
2,5531,11,1598,1,15082
2,5531,18,1598,1,15083
2,5532,1,1599,1,15084
2,5532,2,1599,2,15085
2,5532,3,1599,3,15086
2,5532,4,1599,4,15087
2,5532,6,1599,1,15088
2,5532,7,1599,1,15089
2,5532,8,1599,1,15090
2,5532,9,1599,1,15091
2,5532,10,1599,13,15092
2,5532,11,1599,1,15093
2,5532,18,1599,4,15094
2,5533,10,1599,1,15095
2,5534,10,1600,10,15096
2,5535,10,1600,5,15097
2,5536,1,1600,5,15098
2,5536,2,1600,1,15099
2,5536,3,1600,2,15100
2,5536,4,1600,5,15101
2,5536,5,1600,2,15102
2,5536,6,1600,2,15103
2,5536,7,1600,4,15104
2,5536,8,1600,4,15105
2,5536,9,1600,3,15106
2,5536,10,1600,30,15107
2,5536,11,1600,1,15108
2,5536,18,1600,3,15109
2,5536,41,1600,5,15110
2,5536,54,1600,1,15111
2,5537,10,1600,18,15112
2,5538,1,1600,4,15113
2,5539,1,1600,1,15114
2,5539,10,1600,10,15115
2,5540,10,1600,3,15116
2,5541,1,1600,1,15117
2,5542,10,1600,1,15118
2,5543,1,1601,1,15119
2,5543,2,1601,2,15120
2,5543,3,1601,3,15121
2,5543,4,1601,6,15122
2,5543,6,1601,3,15123
2,5543,7,1601,3,15124
2,5543,8,1601,3,15125
2,5543,9,1601,2,15126
2,5543,10,1601,17,15127
2,5543,11,1601,1,15128
2,5543,12,1601,1,15129
2,5543,18,1601,3,15130
2,5544,10,1601,5,15131
2,5544,40,1601,4,15132
2,5545,1,1601,1,15133
2,5546,1,1602,1,15134
2,5546,3,1602,2,15135
2,5546,4,1602,10,15136
2,5546,6,1602,3,15137
2,5546,7,1602,3,15138
2,5546,8,1602,3,15139
2,5546,9,1602,2,15140
2,5546,10,1602,13,15141
2,5546,11,1602,1,15142
2,5546,18,1602,2,15143
2,5547,10,1602,1,15144
2,5548,10,1602,3,15145
2,5549,1,1603,1,15146
2,5549,2,1603,1,15147
2,5549,3,1603,2,15148
2,5549,4,1603,2,15149
2,5549,6,1603,2,15150
2,5549,7,1603,2,15151
2,5549,8,1603,2,15152
2,5549,9,1603,1,15153
2,5549,10,1603,11,15154
2,5549,11,1603,1,15155
2,5549,18,1603,4,15156
2,5550,1,1604,1,15157
2,5550,3,1604,9,15158
2,5550,4,1604,32,15159
2,5550,6,1604,4,15160
2,5550,7,1604,7,15161
2,5550,8,1604,7,15162
2,5550,9,1604,3,15163
2,5550,10,1604,1,15164
2,5550,12,1604,1,15165
2,5550,18,1604,1,15166
2,5551,1,1604,1,15167
2,5551,2,1604,8,15168
2,5551,3,1604,73,15169
2,5551,4,1604,150,15170
2,5551,5,1604,21,15171
2,5551,6,1604,25,15172
2,5551,7,1604,36,15173
2,5551,8,1604,48,15174
2,5551,9,1604,8,15175
2,5551,10,1604,8,15176
2,5551,11,1604,1,15177
2,5551,14,1604,15,15178
2,5551,17,1604,7,15179
2,5551,18,1604,4,15180
2,5551,19,1604,8,15181
2,5551,25,1604,6,15182
2,5551,26,1604,13,15183
2,5551,27,1604,18,15184
2,5551,28,1604,21,15185
2,5551,37,1604,6,15186
2,5551,47,1604,10,15187
2,5551,48,1604,12,15188
2,5552,1,1604,1,15189
2,5552,10,1604,4,15190
2,5552,17,1604,1,15191
2,5553,1,1604,1,15192
2,5554,1,1604,2,15193
2,5554,2,1604,9,15194
2,5554,4,1604,26,15195
2,5554,10,1604,9,15196
2,5554,11,1604,1,15197
2,5554,17,1604,3,15198
2,5554,18,1604,1,15199
2,5554,19,1604,3,15200
2,5554,26,1604,6,15201
2,5554,27,1604,8,15202
2,5554,28,1604,10,15203
2,5554,29,1604,4,15204
2,5554,37,1604,4,15205
2,5554,38,1604,6,15206
2,5554,39,1604,8,15207
2,5554,52,1604,10,15208
2,5555,1,1604,1,15209
2,5555,3,1604,4,15210
2,5555,4,1604,28,15211
2,5555,6,1604,2,15212
2,5555,7,1604,6,15213
2,5555,8,1604,6,15214
2,5555,9,1604,1,15215
2,5555,10,1604,6,15216
2,5555,17,1604,3,15217
2,5555,18,1604,2,15218
2,5555,19,1604,3,15219
2,5555,25,1604,1,15220
2,5555,28,1604,7,15221
2,5556,10,1604,1,15222
2,5557,10,1604,13,15223
2,5558,1,1604,2,15224
2,5558,2,1604,4,15225
2,5558,3,1604,22,15226
2,5558,4,1604,92,15227
2,5558,6,1604,11,15228
2,5558,7,1604,15,15229
2,5558,8,1604,20,15230
2,5558,9,1604,4,15231
2,5558,10,1604,4,15232
2,5558,11,1604,1,15233
2,5558,16,1604,3,15234
2,5558,17,1604,1,15235
2,5558,19,1604,3,15236
2,5558,26,1604,7,15237
2,5558,27,1604,8,15238
2,5558,28,1604,18,15239
2,5558,37,1604,5,15240
2,5559,1,1604,1,15241
2,5559,10,1604,4,15242
2,5559,23,1604,30,15243
2,5560,10,1604,24,15244
2,5560,58,1604,10,15245
2,5561,1,1604,2,15246
2,5561,10,1604,4,15247
2,5561,16,1604,1,15248
2,5562,10,1604,6,15249
2,5563,1,1604,2,15250
2,5563,10,1604,6,15251
2,5563,30,1604,18,15252
2,5563,46,1604,3,15253
2,5564,18,1604,7,15254
2,5564,25,1604,9,15255
2,5565,2,1604,4,15256
2,5565,3,1604,52,15257
2,5565,4,1604,102,15258
2,5565,6,1604,12,15259
2,5565,7,1604,6,15260
2,5565,8,1604,6,15261
2,5565,9,1604,3,15262
2,5565,10,1604,21,15263
2,5565,11,1604,2,15264
2,5565,13,1604,1,15265
2,5565,14,1604,1,15266
2,5565,16,1604,7,15267
2,5565,17,1604,2,15268
2,5565,18,1604,1,15269
2,5565,24,1604,34,15270
2,5565,25,1604,1,15271
2,5565,26,1604,7,15272
2,5565,27,1604,13,15273
2,5565,37,1604,9,15274
2,5565,44,1604,13,15275
2,5565,50,1604,7,15276
2,5566,1,1604,3,15277
2,5566,2,1604,12,15278
2,5566,3,1604,11,15279
2,5566,4,1604,64,15280
2,5566,6,1604,6,15281
2,5566,7,1604,25,15282
2,5566,8,1604,25,15283
2,5566,9,1604,5,15284
2,5566,10,1604,4,15285
2,5566,11,1604,1,15286
2,5566,17,1604,3,15287
2,5566,19,1604,6,15288
2,5566,25,1604,4,15289
2,5566,26,1604,8,15290
2,5566,27,1604,6,15291
2,5566,28,1604,13,15292
2,5566,29,1604,6,15293
2,5567,10,1604,1,15294
2,5568,1,1604,3,15295
2,5568,2,1604,14,15296
2,5568,3,1604,6,15297
2,5568,4,1604,12,15298
2,5568,6,1604,23,15299
2,5568,7,1604,16,15300
2,5568,8,1604,16,15301
2,5568,9,1604,8,15302
2,5568,10,1604,72,15303
2,5568,12,1604,3,15304
2,5568,18,1604,5,15305
2,5569,1,1604,1,15306
2,5569,10,1604,2,15307
2,5570,10,1604,3,15308
2,5570,17,1604,3,15309
2,5571,1,1604,2,15310
2,5571,3,1604,30,15311
2,5571,4,1604,212,15312
2,5571,6,1604,34,15313
2,5571,7,1604,44,15314
2,5571,8,1604,35,15315
2,5571,9,1604,8,15316
2,5571,10,1604,5,15317
2,5571,11,1604,1,15318
2,5571,13,1604,4,15319
2,5571,15,1604,12,15320
2,5571,17,1604,14,15321
2,5571,18,1604,1,15322
2,5571,19,1604,17,15323
2,5571,25,1604,7,15324
2,5571,26,1604,3,15325
2,5571,27,1604,15,15326
2,5571,28,1604,89,15327
2,5571,30,1604,12,15328
2,5571,37,1604,2,15329
2,5571,42,1604,3,15330
2,5571,48,1604,6,15331
2,5571,50,1604,10,15332
2,5571,52,1604,1,15333
2,5572,18,1604,2,15334
2,5573,10,1604,5,15335
2,5573,30,1604,12,15336
2,5574,10,1604,1,15337
2,5575,10,1604,1,15338
2,5576,1,1604,1,15339
2,5576,10,1604,1,15340
2,5576,17,1604,1,15341
2,5577,1,1604,4,15342
2,5577,4,1604,75,15343
2,5577,7,1604,8,15344
2,5577,8,1604,8,15345
2,5577,9,1604,3,15346
2,5577,10,1604,5,15347
2,5577,17,1604,3,15348
2,5577,19,1604,11,15349
2,5577,44,1604,14,15350
2,5578,10,1604,1,15351
2,5578,17,1604,1,15352
2,5579,1,1604,1,15353
2,5579,10,1604,5,15354
2,5579,18,1604,1,15355
2,5580,10,1604,2,15356
2,5581,1,1604,1,15357
2,5581,10,1604,1,15358
2,5582,1,1604,1,15359
2,5582,10,1604,13,15360
2,5583,10,1604,17,15361
2,5584,10,1604,2,15362
2,5585,10,1604,1,15363
2,5586,10,1604,5,15364
2,5587,10,1604,1,15365
2,5587,23,1604,39,15366
2,5588,10,1604,2,15367
2,5589,10,1604,8,15368
2,5590,1,1604,1,15369
2,5590,10,1604,1,15370
2,5591,1,1604,1,15371
2,5591,10,1604,15,15372
2,5592,10,1604,1,15373
2,5592,17,1604,1,15374
2,5593,10,1604,3,15375
2,5594,10,1604,1,15376
2,5595,10,1604,1,15377
2,5596,1,1604,2,15378
2,5596,10,1604,7,15379
2,5597,10,1604,5,15380
2,5598,1,1604,1,15381
2,5598,10,1604,8,15382
2,5598,17,1604,1,15383
2,5599,25,1604,1,15384
2,5600,1,1604,2,15385
2,5600,10,1604,5,15386
2,5601,1,1604,1,15387
2,5601,10,1604,30,15388
2,5602,1,1604,1,15389
2,5603,1,1604,2,15390
2,5603,10,1604,2,15391
2,5604,10,1604,5,15392
2,5605,10,1604,1,15393
2,5605,17,1604,1,15394
2,5606,10,1604,14,15395
2,5607,10,1604,1,15396
2,5608,10,1604,1,15397
2,5608,12,1604,1,15398
2,5608,18,1604,15,15399
2,5608,25,1604,7,15400
2,5609,10,1604,3,15401
2,5610,10,1604,6,15402
2,5611,10,1604,1,15403
2,5612,10,1604,1,15404
2,5613,10,1604,1,15405
2,5614,10,1604,3,15406
2,5614,25,1604,1,15407
2,5615,12,1604,1,15408
2,5616,1,1604,1,15409
2,5616,10,1604,1,15410
2,5617,10,1604,8,15411
2,5618,10,1604,1,15412
2,5619,18,1604,1,15413
2,5619,25,1604,15,15414
2,5620,10,1604,2,15415
2,5620,30,1604,7,15416
2,5620,46,1604,2,15417
2,5621,10,1604,5,15418
2,5622,18,1604,1,15419
2,5622,25,1604,1,15420
2,5623,10,1604,1,15421
2,5624,10,1604,1,15422
2,5625,10,1604,1,15423
2,5626,10,1604,1,15424
2,5627,10,1604,4,15425
2,5628,4,1604,2,15426
2,5629,1,1604,1,15427
2,5629,10,1604,1,15428
2,5630,10,1604,1,15429
2,5630,25,1604,2,15430
2,5630,40,1604,5,15431
2,5631,1,1604,1,15432
2,5631,10,1604,13,15433
2,5632,1,1604,1,15434
2,5632,4,1604,15,15435
2,5632,10,1604,5,15436
2,5632,40,1604,10,15437
2,5632,55,1604,2,15438
2,5633,10,1604,4,15439
2,5634,10,1604,2,15440
2,5634,20,1604,70,15441
2,5634,21,1604,10,15442
2,5634,22,1604,20,15443
2,5634,24,1604,23,15444
2,5634,32,1604,2,15445
2,5634,33,1604,33,15446
2,5634,34,1604,25,15447
2,5634,36,1604,2,15448
2,5634,56,1604,5,15449
2,5634,58,1604,1,15450
2,5635,10,1604,1,15451
2,5636,1,1604,3,15452
2,5636,10,1604,1,15453
2,5637,10,1604,4,15454
2,5638,10,1604,1,15455
2,5639,10,1604,1,15456
2,5640,10,1604,2,15457
2,5641,10,1604,1,15458
2,5642,10,1604,1,15459
2,5643,1,1604,2,15460
2,5643,10,1604,3,15461
2,5644,10,1604,1,15462
2,5645,10,1604,8,15463
2,5646,10,1604,1,15464
2,5647,12,1604,1,15465
2,5647,18,1604,1,15466
2,5647,25,1604,1,15467
2,5648,1,1604,1,15468
2,5648,10,1604,1,15469
2,5649,10,1604,1,15470
2,5650,1,1604,1,15471
2,5650,10,1604,3,15472
2,5651,1,1604,1,15473
2,5651,2,1604,13,15474
2,5651,3,1604,38,15475
2,5651,4,1604,80,15476
2,5651,6,1604,15,15477
2,5651,7,1604,25,15478
2,5651,8,1604,20,15479
2,5651,9,1604,2,15480
2,5651,10,1604,1,15481
2,5651,11,1604,1,15482
2,5651,17,1604,4,15483
2,5651,19,1604,7,15484
2,5651,25,1604,1,15485
2,5651,26,1604,4,15486
2,5651,27,1604,6,15487
2,5651,28,1604,20,15488
2,5651,37,1604,2,15489
2,5651,47,1604,3,15490
2,5651,48,1604,6,15491
2,5652,1,1604,1,15492
2,5652,10,1604,1,15493
2,5653,10,1604,2,15494
2,5654,10,1604,1,15495
2,5655,18,1604,1,15496
2,5656,10,1604,4,15497
2,5657,10,1604,1,15498
2,5658,1,1604,1,15499
2,5658,4,1604,4,15500
2,5658,7,1604,2,15501
2,5658,8,1604,2,15502
2,5658,9,1604,1,15503
2,5658,10,1604,5,15504
2,5658,17,1604,3,15505
2,5658,18,1604,1,15506
2,5658,19,1604,3,15507
2,5658,25,1604,1,15508
2,5658,28,1604,6,15509
2,5658,40,1604,1,15510
2,5658,55,1604,14,15511
2,5659,1,1604,1,15512
2,5659,10,1604,1,15513
2,5660,25,1604,2,15514
2,5661,10,1604,3,15515
2,5662,25,1605,1,15516
2,5663,1,1604,1,15517
2,5663,10,1604,10,15518
2,5664,10,1604,1,15519
2,5665,10,1604,1,15520
2,5666,1,1604,1,15521
2,5666,10,1604,8,15522
2,5667,10,1604,2,15523
2,5667,24,1604,55,15524
2,5667,33,1604,150,15525
2,5668,1,1604,1,15526
2,5668,4,1604,4,15527
2,5668,10,1604,3,15528
2,5668,17,1604,2,15529
2,5669,2,1604,6,15530
2,5669,3,1604,7,15531
2,5669,4,1604,36,15532
2,5669,6,1604,4,15533
2,5669,7,1604,5,15534
2,5669,8,1604,5,15535
2,5669,9,1604,3,15536
2,5669,10,1604,6,15537
2,5669,11,1604,1,15538
2,5669,17,1604,2,15539
2,5669,19,1604,3,15540
2,5669,26,1604,6,15541
2,5669,27,1604,6,15542
2,5669,28,1604,5,15543
2,5669,37,1604,6,15544
2,5669,47,1604,3,15545
2,5669,48,1604,3,15546
2,5670,1,1604,1,15547
2,5670,4,1604,4,15548
2,5670,7,1604,2,15549
2,5670,8,1604,2,15550
2,5670,9,1604,1,15551
2,5670,10,1604,1,15552
2,5670,17,1604,1,15553
2,5670,18,1604,3,15554
2,5671,10,1604,1,15555
2,5672,1,1604,1,15556
2,5672,10,1604,2,15557
2,5673,10,1604,2,15558
2,5674,10,1604,2,15559
2,5675,1,1604,1,15560
2,5675,10,1604,2,15561
2,5676,10,1604,7,15562
2,5677,1,1604,1,15563
2,5677,62,1604,40,15564
2,5678,10,1604,3,15565
2,5679,10,1604,5,15566
2,5680,31,1604,16,15567
2,5681,10,1604,5,15568
2,5682,1,1604,1,15569
2,5683,10,1604,1,15570
2,5684,10,1604,1,15571
2,5685,1,1604,1,15572
2,5685,10,1604,1,15573
2,5686,1,1604,1,15574
2,5687,10,1604,1,15575
2,5688,1,1604,1,15576
2,5688,10,1604,1,15577
2,5689,1,1604,1,15578
2,5689,10,1604,2,15579
2,5689,23,1604,22,15580
2,5690,1,1604,1,15581
2,5690,4,1604,2,15582
2,5690,10,1604,1,15583
2,5690,17,1604,2,15584
2,5691,10,1604,1,15585
2,5692,10,1604,1,15586
2,5693,1,1604,1,15587
2,5693,10,1604,1,15588
2,5694,1,1604,2,15589
2,5694,10,1604,6,15590
2,5695,10,1604,1,15591
2,5696,1,1604,1,15592
2,5696,10,1604,3,15593
2,5697,10,1604,8,15594
2,5698,10,1604,1,15595
2,5699,1,1604,1,15596
2,5699,10,1604,1,15597
2,5700,1,1604,1,15598
2,5700,10,1604,1,15599
2,5701,10,1604,2,15600
2,5702,1,1604,1,15601
2,5702,10,1604,2,15602
2,5703,1,1604,1,15603
2,5703,10,1604,1,15604
2,5704,10,1604,1,15605
2,5705,10,1604,3,15606
2,5706,1,1604,1,15607
2,5707,1,1604,1,15608
2,5707,10,1604,13,15609
2,5708,1,1604,1,15610
2,5708,10,1604,4,15611
2,5709,10,1604,1,15612
2,5709,30,1604,18,15613
2,5709,46,1604,1,15614
2,5710,10,1604,1,15615
2,5711,1,1604,1,15616
2,5711,10,1604,6,15617
2,5712,10,1604,5,15618
2,5713,10,1604,4,15619
2,5714,1,1604,1,15620
2,5714,10,1604,5,15621
2,5715,18,1604,3,15622
2,5715,25,1604,3,15623
2,5716,10,1604,1,15624
2,5717,10,1604,3,15625
2,5717,20,1604,1,15626
2,5717,21,1604,1,15627
2,5717,22,1604,9,15628
2,5717,24,1604,20,15629
2,5717,32,1604,5,15630
2,5717,33,1604,12,15631
2,5717,34,1604,9,15632
2,5717,36,1604,13,15633
2,5717,54,1604,1,15634
2,5717,58,1604,1,15635
2,5718,10,1604,9,15636
2,5719,1,1604,1,15637
2,5719,10,1604,1,15638
2,5720,10,1604,1,15639
2,5721,10,1604,4,15640
2,5722,1,1604,1,15641
2,5722,10,1604,4,15642
2,5723,10,1604,1,15643
2,5724,10,1604,1,15644
2,5725,10,1604,1,15645
2,5726,12,1604,1,15646
2,5726,18,1604,2,15647
2,5727,1,1604,3,15648
2,5727,10,1604,3,15649
2,5728,3,1604,16,15650
2,5728,4,1604,63,15651
2,5728,6,1604,6,15652
2,5728,7,1604,10,15653
2,5728,8,1604,11,15654
2,5728,9,1604,3,15655
2,5728,10,1604,3,15656
2,5728,17,1604,2,15657
2,5728,19,1604,5,15658
2,5728,28,1604,11,15659
2,5729,1,1604,1,15660
2,5729,10,1604,1,15661
2,5730,10,1604,1,15662
2,5731,10,1604,4,15663
2,5732,7,1604,10,15664
2,5732,8,1604,10,15665
2,5732,9,1604,2,15666
2,5732,24,1604,35,15667
2,5733,1,1604,1,15668
2,5734,1,1606,1,15669
2,5734,6,1606,2,15670
2,5734,7,1606,2,15671
2,5734,8,1606,2,15672
2,5734,9,1606,1,15673
2,5734,10,1606,3,15674
2,5734,11,1606,1,15675
2,5734,18,1606,1,15676
2,5734,25,1606,3,15677
2,5735,10,1604,1,15678
2,5736,1,1604,2,15679
2,5736,3,1604,4,15680
2,5736,4,1604,20,15681
2,5736,6,1604,7,15682
2,5736,7,1604,11,15683
2,5736,8,1604,9,15684
2,5736,9,1604,10,15685
2,5736,10,1604,36,15686
2,5737,1,1604,1,15687
2,5737,10,1604,40,15688
2,5738,1,1604,1,15689
2,5738,10,1604,2,15690
2,5739,10,1604,1,15691
2,5740,10,1604,1,15692
2,5741,10,1604,2,15693
2,5742,10,1604,1,15694
2,5743,10,1604,4,15695
2,5744,10,1604,1,15696
2,5744,16,1604,2,15697
2,5745,10,1604,1,15698
2,5746,10,1604,1,15699
2,5747,10,1604,3,15700
2,5748,1,1604,2,15701
2,5748,10,1604,1,15702
2,5749,1,1604,1,15703
2,5749,10,1604,1,15704
2,5750,1,1604,1,15705
2,5750,10,1604,3,15706
2,5751,10,1604,6,15707
2,5752,1,1604,1,15708
2,5752,10,1604,1,15709
2,5753,10,1604,4,15710
2,5754,10,1604,3,15711
2,5755,18,1604,4,15712
2,5756,10,1604,1,15713
2,5757,10,1604,1,15714
2,5758,1,1604,1,15715
2,5758,10,1604,1,15716
2,5759,1,1604,1,15717
2,5759,10,1604,3,15718
2,5759,23,1604,33,15719
2,5760,10,1604,2,15720
2,5761,10,1604,2,15721
2,5762,3,1604,13,15722
2,5762,4,1604,30,15723
2,5762,7,1604,3,15724
2,5762,8,1604,4,15725
2,5762,9,1604,3,15726
2,5762,10,1604,3,15727
2,5762,11,1604,1,15728
2,5762,13,1604,3,15729
2,5762,15,1604,5,15730
2,5762,17,1604,2,15731
2,5762,19,1604,4,15732
2,5762,26,1604,9,15733
2,5762,27,1604,5,15734
2,5762,30,1604,4,15735
2,5762,37,1604,2,15736
2,5762,44,1604,8,15737
2,5762,48,1604,2,15738
2,5762,49,1604,2,15739
2,5763,10,1604,3,15740
2,5764,1,1604,1,15741
2,5764,10,1604,1,15742
2,5765,10,1604,1,15743
2,5766,10,1604,9,15744
2,5767,10,1604,1,15745
2,5768,1,1604,1,15746
2,5768,10,1604,2,15747
2,5769,10,1604,2,15748
2,5770,10,1604,1,15749
2,5771,1,1604,1,15750
2,5771,10,1604,6,15751
2,5771,17,1604,2,15752
2,5772,10,1604,2,15753
2,5773,10,1604,3,15754
2,5774,10,1604,6,15755
2,5775,10,1604,1,15756
2,5776,10,1604,1,15757
2,5777,1,1604,1,15758
2,5777,10,1604,21,15759
2,5778,10,1604,2,15760
2,5778,24,1604,25,15761
2,5778,32,1604,5,15762
2,5778,33,1604,25,15763
2,5778,34,1604,15,15764
2,5778,36,1604,5,15765
2,5778,58,1604,15,15766
2,5779,10,1604,1,15767
2,5780,10,1604,1,15768
2,5781,1,1607,2,15769
2,5781,10,1607,2,15770
2,5781,18,1607,1,15771
2,5782,3,1607,4,15772
2,5782,4,1607,4,15773
2,5782,10,1607,1,15774
2,5783,1,1608,1,15775
2,5783,10,1608,1,15776
2,5784,1,1608,1,15777
2,5784,2,1608,1,15778
2,5784,3,1608,2,15779
2,5784,4,1608,4,15780
2,5784,6,1608,1,15781
2,5784,7,1608,1,15782
2,5784,8,1608,1,15783
2,5784,9,1608,1,15784
2,5784,10,1608,1,15785
2,5784,11,1608,1,15786
2,5785,1,1608,1,15787
2,5785,6,1608,1,15788
2,5785,7,1608,2,15789
2,5785,8,1608,2,15790
2,5785,9,1608,1,15791
2,5785,10,1608,1,15792
2,5786,2,1608,2,15793
2,5786,3,1608,4,15794
2,5786,4,1608,4,15795
2,5786,6,1608,2,15796
2,5786,7,1608,2,15797
2,5786,8,1608,2,15798
2,5786,9,1608,2,15799
2,5786,10,1608,4,15800
2,5787,1,1609,1,15801
2,5787,2,1609,2,15802
2,5787,3,1609,4,15803
2,5787,4,1609,6,15804
2,5787,10,1609,1,15805
2,5787,11,1609,1,15806
2,5787,18,1609,1,15807
2,5788,1,1609,1,15808
2,5788,10,1609,1,15809
2,5789,1,1610,1,15810
2,5789,10,1610,1,15811
2,5790,1,1610,1,15812
2,5790,3,1610,2,15813
2,5790,4,1610,2,15814
2,5790,11,1610,1,15815
2,5790,35,1610,1,15816
2,5791,1,1610,1,15817
2,5791,10,1610,1,15818
2,5792,1,1611,1,15819
2,5792,10,1611,1,15820
2,5793,1,1611,1,15821
2,5793,10,1611,2,15822
2,5794,10,1611,1,15823
2,5794,12,1611,1,15824
2,5795,1,1612,1,15825
2,5795,2,1612,1,15826
2,5795,3,1612,4,15827
2,5795,4,1612,6,15828
2,5795,6,1612,2,15829
2,5795,7,1612,3,15830
2,5795,8,1612,3,15831
2,5795,9,1612,3,15832
2,5795,10,1612,3,15833
2,5796,1,1612,1,15834
2,5796,10,1612,2,15835
2,5797,10,1613,5,15836
2,5797,12,1613,1,15837
2,5798,1,1613,1,15838
2,5798,2,1613,2,15839
2,5798,6,1613,2,15840
2,5798,7,1613,2,15841
2,5798,8,1613,2,15842
2,5798,9,1613,2,15843
2,5798,10,1613,1,15844
2,5798,11,1613,1,15845
2,5799,1,1613,1,15846
2,5799,10,1613,1,15847
2,5800,3,1614,2,15848
2,5800,4,1614,3,15849
2,5800,11,1614,1,15850
2,5800,35,1614,1,15851
2,5801,18,1614,8,15852
2,5801,25,1614,1,15853
2,5802,1,1614,1,15854
2,5802,10,1614,2,15855
2,5803,18,1615,1,15856
2,5804,1,1616,1,15857
2,5804,2,1616,2,15858
2,5804,3,1616,5,15859
2,5804,4,1616,16,15860
2,5804,5,1616,2,15861
2,5804,6,1616,2,15862
2,5804,7,1616,3,15863
2,5804,8,1616,5,15864
2,5804,9,1616,1,15865
2,5804,11,1616,1,15866
2,5804,18,1616,1,15867
2,5805,1,1616,1,15868
2,5805,10,1616,1,15869
2,5806,1,1616,1,15870
2,5807,1,1617,2,15871
2,5807,2,1617,1,15872
2,5807,3,1617,4,15873
2,5807,4,1617,4,15874
2,5807,6,1617,2,15875
2,5807,7,1617,2,15876
2,5807,8,1617,2,15877
2,5807,9,1617,2,15878
2,5807,10,1617,2,15879
2,5807,11,1617,1,15880
2,5807,18,1617,1,15881
2,5808,1,1618,4,15882
2,5808,2,1618,1,15883
2,5808,3,1618,3,15884
2,5808,4,1618,4,15885
2,5808,10,1618,4,15886
2,5808,11,1618,1,15887
2,5808,18,1618,3,15888
2,5809,1,1619,3,15889
2,5809,2,1619,1,15890
2,5809,3,1619,8,15891
2,5809,4,1619,8,15892
2,5809,6,1619,2,15893
2,5809,7,1619,2,15894
2,5809,8,1619,2,15895
2,5809,9,1619,2,15896
2,5809,10,1619,4,15897
2,5810,18,1619,1,15898
2,5811,1,1620,1,15899
2,5811,2,1620,1,15900
2,5811,3,1620,5,15901
2,5811,4,1620,8,15902
2,5811,6,1620,2,15903
2,5811,7,1620,3,15904
2,5811,8,1620,3,15905
2,5811,9,1620,1,15906
2,5811,10,1620,4,15907
2,5811,11,1620,1,15908
2,5811,18,1620,3,15909
2,5812,1,1620,1,15910
2,5812,2,1620,3,15911
2,5812,3,1620,6,15912
2,5812,4,1620,11,15913
2,5812,6,1620,3,15914
2,5812,7,1620,3,15915
2,5812,8,1620,3,15916
2,5812,9,1620,1,15917
2,5812,10,1620,4,15918
2,5812,11,1620,1,15919
2,5812,12,1620,1,15920
2,5812,17,1620,1,15921
2,5812,18,1620,1,15922
2,5813,1,1620,1,15923
2,5813,4,1620,7,15924
2,5813,35,1620,2,15925
2,5813,61,1620,3,15926
2,5814,4,1620,2,15927
2,5814,16,1620,1,15928
2,5815,1,1620,1,15929
2,5816,1,1620,1,15930
2,5816,10,1620,1,15931
2,5817,1,1620,1,15932
2,5817,10,1620,1,15933
2,5818,1,1620,1,15934
2,5818,10,1620,1,15935
2,5819,1,1620,1,15936
2,5819,10,1620,1,15937
2,5820,1,1620,1,15938
2,5820,10,1620,1,15939
2,5821,1,1620,1,15940
2,5822,1,1621,1,15941
2,5822,2,1621,2,15942
2,5822,3,1621,3,15943
2,5822,4,1621,3,15944
2,5822,6,1621,2,15945
2,5822,7,1621,2,15946
2,5822,8,1621,2,15947
2,5822,9,1621,1,15948
2,5822,10,1621,1,15949
2,5822,11,1621,1,15950
2,5823,10,1622,5,15951
2,5823,12,1622,1,15952
2,5824,1,1622,1,15953
2,5824,3,1622,2,15954
2,5824,4,1622,2,15955
2,5824,5,1622,1,15956
2,5824,7,1622,1,15957
2,5824,8,1622,2,15958
2,5824,10,1622,3,15959
2,5824,11,1622,1,15960
2,5824,18,1622,1,15961
2,5825,1,1623,1,15962
2,5825,3,1623,2,15963
2,5825,4,1623,3,15964
2,5825,35,1623,1,15965
2,5826,1,1624,1,15966
2,5826,2,1624,1,15967
2,5826,3,1624,2,15968
2,5826,4,1624,4,15969
2,5826,6,1624,1,15970
2,5826,7,1624,1,15971
2,5826,8,1624,1,15972
2,5826,9,1624,1,15973
2,5826,10,1624,1,15974
2,5826,11,1624,1,15975
2,5827,2,1624,2,15976
2,5827,3,1624,6,15977
2,5827,4,1624,6,15978
2,5827,6,1624,4,15979
2,5827,7,1624,4,15980
2,5827,8,1624,4,15981
2,5827,9,1624,4,15982
2,5827,10,1624,1,15983
2,5827,11,1624,1,15984
2,5828,1,1624,1,15985
2,5829,18,1624,1,15986
2,5830,1,1625,1,15987
2,5830,2,1625,2,15988
2,5830,3,1625,4,15989
2,5830,4,1625,4,15990
2,5830,10,1625,1,15991
2,5830,11,1625,1,15992
2,5830,18,1625,1,15993
2,5831,1,1625,1,15994
2,5832,1,1626,2,15995
2,5832,3,1626,2,15996
2,5832,4,1626,4,15997
2,5832,6,1626,2,15998
2,5832,7,1626,3,15999
2,5832,8,1626,2,16000
2,5832,9,1626,1,16001
2,5832,10,1626,4,16002
2,5832,11,1626,1,16003
2,5832,18,1626,2,16004
2,5833,10,1627,2,16005
2,5834,1,1605,1,16006
2,5834,2,1605,4,16007
2,5834,3,1605,7,16008
2,5834,4,1605,16,16009
2,5834,6,1605,5,16010
2,5834,7,1605,7,16011
2,5834,8,1605,6,16012
2,5834,9,1605,3,16013
2,5834,10,1605,13,16014
2,5834,11,1605,2,16015
2,5834,12,1605,1,16016
2,5834,18,1605,1,16017
2,5835,1,1605,1,16018
2,5835,10,1605,1,16019
2,5836,1,1605,1,16020
2,5836,3,1605,6,16021
2,5836,4,1605,12,16022
2,5836,10,1605,9,16023
2,5836,17,1605,2,16024
2,5837,1,1605,4,16025
2,5837,3,1605,8,16026
2,5837,4,1605,17,16027
2,5837,10,1605,9,16028
2,5837,11,1605,1,16029
2,5837,12,1605,3,16030
2,5837,17,1605,2,16031
2,5837,20,1605,10,16032
2,5837,21,1605,2,16033
2,5837,40,1605,2,16034
2,5838,1,1605,1,16035
2,5838,10,1605,3,16036
2,5839,1,1605,1,16037
2,5839,2,1605,2,16038
2,5839,3,1605,8,16039
2,5839,4,1605,28,16040
2,5839,6,1605,2,16041
2,5839,7,1605,2,16042
2,5839,8,1605,10,16043
2,5839,9,1605,2,16044
2,5839,10,1605,2,16045
2,5839,11,1605,1,16046
2,5839,17,1605,1,16047
2,5840,1,1605,1,16048
2,5840,10,1605,1,16049
2,5840,12,1605,1,16050
2,5841,10,1605,1,16051
2,5842,1,1605,4,16052
2,5842,3,1605,6,16053
2,5842,4,1605,20,16054
2,5842,6,1605,6,16055
2,5842,7,1605,10,16056
2,5842,8,1605,10,16057
2,5842,9,1605,2,16058
2,5842,10,1605,11,16059
2,5842,18,1605,1,16060
2,5843,1,1605,1,16061
2,5843,10,1605,1,16062
2,5843,17,1605,1,16063
2,5844,1,1605,1,16064
2,5844,10,1605,6,16065
2,5844,17,1605,1,16066
2,5845,1,1605,1,16067
2,5845,10,1605,3,16068
2,5846,19,1605,4,16069
2,5846,28,1605,4,16070
2,5847,1,1605,2,16071
2,5847,10,1605,13,16072
2,5847,18,1605,1,16073
2,5847,25,1605,1,16074
2,5848,1,1605,2,16075
2,5848,10,1605,1,16076
2,5849,10,1605,8,16077
2,5849,12,1605,1,16078
2,5850,1,1605,1,16079
2,5850,10,1605,3,16080
2,5851,10,1605,1,16081
2,5852,1,1605,1,16082
2,5852,10,1605,1,16083
2,5852,30,1605,4,16084
2,5853,1,1605,5,16085
2,5853,10,1605,5,16086
2,5854,1,1605,4,16087
2,5854,10,1605,4,16088
2,5855,1,1605,2,16089
2,5855,10,1605,2,16090
2,5856,1,1605,1,16091
2,5856,10,1605,3,16092
2,5857,10,1605,1,16093
2,5858,1,1605,1,16094
2,5858,10,1605,5,16095
2,5859,1,1605,1,16096
2,5859,10,1605,1,16097
2,5860,1,1605,2,16098
2,5860,2,1605,6,16099
2,5860,3,1605,14,16100
2,5860,4,1605,40,16101
2,5860,6,1605,3,16102
2,5860,7,1605,12,16103
2,5860,8,1605,14,16104
2,5860,9,1605,2,16105
2,5860,10,1605,9,16106
2,5860,11,1605,1,16107
2,5860,16,1605,2,16108
2,5860,17,1605,2,16109
2,5860,18,1605,1,16110
2,5861,25,1605,3,16111
2,5862,1,1605,1,16112
2,5862,10,1605,1,16113
2,5863,1,1605,1,16114
2,5863,10,1605,1,16115
2,5864,1,1605,1,16116
2,5864,10,1605,1,16117
2,5864,18,1605,2,16118
2,5865,10,1605,1,16119
2,5866,1,1605,1,16120
2,5867,10,1605,1,16121
2,5868,18,1605,1,16122
2,5868,19,1605,2,16123
2,5868,28,1605,6,16124
2,5869,1,1605,1,16125
2,5869,10,1605,1,16126
2,5870,1,1605,1,16127
2,5870,10,1605,1,16128
2,5871,1,1605,1,16129
2,5871,10,1605,2,16130
2,5871,23,1605,24,16131
2,5872,10,1605,1,16132
2,5873,1,1605,1,16133
2,5873,10,1605,1,16134
2,5874,18,1605,1,16135
2,5875,1,1605,1,16136
2,5875,10,1605,2,16137
2,5876,1,1605,1,16138
2,5876,10,1605,3,16139
2,5877,1,1605,1,16140
2,5877,10,1605,3,16141
2,5877,17,1605,2,16142
2,5878,1,1605,1,16143
2,5878,10,1605,1,16144
2,5879,1,1605,1,16145
2,5879,10,1605,1,16146
2,5880,10,1605,1,16147
2,5881,10,1605,5,16148
2,5882,1,1605,1,16149
2,5882,10,1605,1,16150
2,5883,1,1605,1,16151
2,5883,10,1605,1,16152
2,5884,10,1605,1,16153
2,5885,4,1605,8,16154
2,5885,10,1605,3,16155
2,5885,17,1605,2,16156
2,5885,19,1605,12,16157
2,5885,23,1605,1,16158
2,5885,28,1605,12,16159
2,5886,1,1605,1,16160
2,5886,10,1605,1,16161
2,5887,1,1605,1,16162
2,5888,1,1605,1,16163
2,5888,10,1605,8,16164
2,5889,10,1605,1,16165
2,5890,1,1605,1,16166
2,5890,10,1605,6,16167
2,5890,18,1605,1,16168
2,5891,10,1605,1,16169
2,5891,17,1605,1,16170
2,5892,1,1605,1,16171
2,5892,10,1605,1,16172
2,5893,1,1605,1,16173
2,5893,2,1605,14,16174
2,5893,3,1605,28,16175
2,5893,4,1605,55,16176
2,5893,6,1605,6,16177
2,5893,7,1605,18,16178
2,5893,8,1605,18,16179
2,5893,9,1605,2,16180
2,5893,10,1605,6,16181
2,5893,11,1605,2,16182
2,5893,17,1605,2,16183
2,5893,18,1605,1,16184
2,5893,24,1605,13,16185
2,5893,25,1605,1,16186
2,5893,26,1605,5,16187
2,5893,29,1605,7,16188
2,5893,34,1605,10,16189
2,5894,1,1605,1,16190
2,5894,10,1605,3,16191
2,5894,18,1605,1,16192
2,5895,1,1605,2,16193
2,5896,1,1605,1,16194
2,5896,10,1605,1,16195
2,5897,1,1605,2,16196
2,5898,10,1605,3,16197
2,5899,1,1605,1,16198
2,5900,1,1605,1,16199
2,5901,1,1605,1,16200
2,5902,1,1605,1,16201
2,5902,10,1605,3,16202
2,5902,12,1605,1,16203
2,5902,40,1605,6,16204
2,5903,1,1605,1,16205
2,5904,1,1605,1,16206
2,5904,10,1605,1,16207
2,5905,25,1605,1,16208
2,5906,1,1605,1,16209
2,5906,10,1605,1,16210
2,5907,10,1605,1,16211
2,5908,1,1605,1,16212
2,5908,10,1605,2,16213
2,5909,1,1605,1,16214
2,5910,10,1605,2,16215
2,5911,1,1605,1,16216
2,5911,10,1605,5,16217
2,5912,10,1605,2,16218
2,5913,1,1628,1,16219
2,5913,2,1628,2,16220
2,5913,3,1628,4,16221
2,5913,4,1628,4,16222
2,5913,6,1628,2,16223
2,5913,7,1628,3,16224
2,5913,8,1628,3,16225
2,5913,9,1628,2,16226
2,5913,10,1628,1,16227
2,5913,11,1628,1,16228
2,5913,18,1628,1,16229
2,5914,1,1629,1,16230
2,5914,10,1629,8,16231
2,5915,10,1628,1,16232
2,5915,12,1628,1,16233
2,5916,1,1630,3,16234
2,5916,2,1630,1,16235
2,5916,6,1630,4,16236
2,5916,7,1630,4,16237
2,5916,8,1630,4,16238
2,5916,9,1630,2,16239
2,5916,10,1630,3,16240
2,5916,11,1630,1,16241
2,5916,12,1630,3,16242
2,5917,3,1631,10,16243
2,5917,4,1631,10,16244
2,5917,11,1631,2,16245
2,5917,35,1631,4,16246
2,5918,1,1631,1,16247
2,5918,3,1631,3,16248
2,5918,4,1631,3,16249
2,5918,11,1631,1,16250
2,5918,35,1631,2,16251
2,5919,10,1631,1,16252
2,5919,12,1631,1,16253
2,5920,1,1631,1,16254
2,5920,10,1631,3,16255
2,5921,18,1631,1,16256
2,5922,10,1631,1,16257
2,5922,12,1631,1,16258
2,5922,25,1631,1,16259
2,5923,18,1631,1,16260
2,5924,1,1632,1,16261
2,5924,2,1632,1,16262
2,5924,3,1632,2,16263
2,5924,4,1632,3,16264
2,5924,6,1632,2,16265
2,5924,7,1632,2,16266
2,5924,8,1632,1,16267
2,5924,9,1632,1,16268
2,5924,10,1632,1,16269
2,5924,11,1632,1,16270
2,5924,18,1632,2,16271
2,5925,1,1633,1,16272
2,5925,2,1633,2,16273
2,5925,3,1633,2,16274
2,5925,4,1633,4,16275
2,5925,6,1633,1,16276
2,5925,7,1633,2,16277
2,5925,8,1633,2,16278
2,5925,9,1633,1,16279
2,5925,10,1633,1,16280
2,5925,11,1633,1,16281
2,5925,12,1633,1,16282
2,5926,1,1634,1,16283
2,5926,2,1634,1,16284
2,5926,3,1634,4,16285
2,5926,4,1634,11,16286
2,5926,6,1634,4,16287
2,5926,7,1634,6,16288
2,5926,8,1634,6,16289
2,5926,9,1634,1,16290
2,5926,10,1634,3,16291
2,5926,11,1634,5,16292
2,5926,18,1634,1,16293
2,5927,1,1634,1,16294
2,5927,10,1634,5,16295
2,5927,12,1634,1,16296
2,5928,1,1634,1,16297
2,5928,10,1634,2,16298
2,5929,1,1634,1,16299
2,5929,10,1634,1,16300
2,5930,1,1634,1,16301
2,5930,10,1634,1,16302
2,5931,10,1634,3,16303
2,5932,1,1635,1,16304
2,5932,2,1635,2,16305
2,5932,3,1635,6,16306
2,5932,4,1635,6,16307
2,5932,6,1635,2,16308
2,5932,7,1635,2,16309
2,5932,8,1635,2,16310
2,5932,9,1635,1,16311
2,5932,10,1635,3,16312
2,5932,11,1635,1,16313
2,5933,18,1635,1,16314
2,5934,18,1636,1,16315
2,5935,10,1636,1,16316
2,5936,10,1637,2,16317
2,5936,12,1637,1,16318
2,5937,2,1637,4,16319
2,5937,3,1637,4,16320
2,5937,4,1637,11,16321
2,5937,6,1637,2,16322
2,5937,7,1637,5,16323
2,5937,8,1637,5,16324
2,5937,9,1637,2,16325
2,5937,10,1637,6,16326
2,5937,11,1637,1,16327
2,5937,18,1637,6,16328
2,5938,10,1637,7,16329
2,5939,10,1637,1,16330
2,5940,62,1637,23,16331
2,5941,10,1637,1,16332
2,5942,10,1637,5,16333
2,5943,1,1606,1,16334
2,5943,2,1606,1,16335
2,5943,3,1606,3,16336
2,5943,4,1606,1,16337
2,5943,6,1606,3,16338
2,5943,7,1606,2,16339
2,5943,8,1606,2,16340
2,5943,9,1606,2,16341
2,5943,10,1606,2,16342
2,5943,11,1606,1,16343
2,5943,18,1606,2,16344
2,5944,1,1606,1,16345
2,5944,10,1606,3,16346
2,5945,10,1606,3,16347
2,5946,1,1638,9,16348
2,5946,2,1638,2,16349
2,5946,3,1638,2,16350
2,5946,4,1638,3,16351
2,5946,7,1638,3,16352
2,5946,8,1638,2,16353
2,5946,9,1638,1,16354
2,5946,10,1638,15,16355
2,5946,11,1638,1,16356
2,5946,18,1638,3,16357
2,5947,1,1629,1,16358
2,5947,10,1629,8,16359
2,5948,10,1629,2,16360
2,5949,1,1629,1,16361
2,5949,10,1629,8,16362
2,5950,10,1629,3,16363
2,5951,10,1629,7,16364
2,5952,10,1629,2,16365
2,5953,2,1629,2,16366
2,5953,3,1629,2,16367
2,5953,4,1629,4,16368
2,5953,6,1629,1,16369
2,5953,7,1629,3,16370
2,5953,8,1629,2,16371
2,5953,9,1629,3,16372
2,5953,10,1629,50,16373
2,5953,11,1629,1,16374
2,5953,12,1629,1,16375
2,5953,18,1629,3,16376
2,5954,10,1629,2,16377
2,5955,10,1629,1,16378
2,5956,1,1629,3,16379
2,5956,2,1629,30,16380
2,5956,3,1629,27,16381
2,5956,4,1629,60,16382
2,5956,6,1629,15,16383
2,5956,7,1629,30,16384
2,5956,8,1629,10,16385
2,5956,9,1629,5,16386
2,5956,10,1629,4,16387
2,5956,11,1629,1,16388
2,5956,17,1629,3,16389
2,5956,19,1629,7,16390
2,5956,25,1629,1,16391
2,5956,28,1629,13,16392
2,5957,1,1629,1,16393
2,5957,10,1629,2,16394
2,5958,10,1629,2,16395
2,5959,10,1629,1,16396
2,5960,10,1629,1,16397
2,5960,18,1629,5,16398
2,5961,10,1629,1,16399
2,5962,1,1629,2,16400
2,5962,10,1629,2,16401
2,5963,1,1629,1,16402
2,5964,1,1629,1,16403
2,5964,10,1629,1,16404
2,5965,10,1629,7,16405
2,5966,10,1629,7,16406
2,5967,10,1629,3,16407
2,5968,2,1639,2,16408
2,5968,10,1639,2,16409
2,5968,11,1639,1,16410
2,5968,18,1639,2,16411
2,5969,1,1639,4,16412
2,5970,10,1639,1,16413
2,5971,1,1639,1,16414
2,5971,2,1639,1,16415
2,5971,3,1639,2,16416
2,5971,4,1639,4,16417
2,5971,6,1639,3,16418
2,5971,7,1639,3,16419
2,5971,8,1639,3,16420
2,5971,9,1639,2,16421
2,5971,10,1639,5,16422
2,5971,11,1639,1,16423
2,5971,18,1639,1,16424
2,5972,2,1640,4,16425
2,5972,3,1640,4,16426
2,5972,4,1640,8,16427
2,5972,6,1640,7,16428
2,5972,7,1640,6,16429
2,5972,8,1640,6,16430
2,5972,9,1640,3,16431
2,5972,10,1640,31,16432
2,5972,11,1640,1,16433
2,5972,18,1640,3,16434
2,5973,10,1640,4,16435
2,5974,10,1640,3,16436
2,5975,10,1640,5,16437
2,5976,1,1640,1,16438
2,5976,10,1640,5,16439
2,5976,17,1640,1,16440
2,5977,10,1640,3,16441
2,5978,10,1640,1,16442
2,5979,10,1640,1,16443
2,5980,10,1641,1,16444
2,5981,10,1641,5,16445
2,5982,10,1641,4,16446
2,5983,2,1641,3,16447
2,5983,3,1641,3,16448
2,5983,4,1641,6,16449
2,5983,6,1641,4,16450
2,5983,7,1641,7,16451
2,5983,8,1641,7,16452
2,5983,9,1641,3,16453
2,5983,10,1641,24,16454
2,5983,11,1641,1,16455
2,5983,18,1641,4,16456
2,5984,1,1642,1,16457
2,5984,2,1642,2,16458
2,5984,3,1642,2,16459
2,5984,4,1642,8,16460
2,5984,6,1642,1,16461
2,5984,7,1642,2,16462
2,5984,8,1642,2,16463
2,5984,9,1642,2,16464
2,5984,10,1642,12,16465
2,5984,11,1642,1,16466
2,5984,18,1642,1,16467
2,5985,10,1641,7,16468
2,5986,10,1641,6,16469
2,5987,10,1643,2,16470
2,5988,2,1643,2,16471
2,5988,3,1643,4,16472
2,5988,4,1643,6,16473
2,5988,6,1643,2,16474
2,5988,7,1643,2,16475
2,5988,8,1643,2,16476
2,5988,9,1643,2,16477
2,5988,10,1643,4,16478
2,5988,11,1643,1,16479
2,5988,18,1643,2,16480
2,5989,1,1643,1,16481
2,5989,10,1643,2,16482
2,5990,10,1642,3,16483
2,5990,33,1642,24,16484
2,5991,10,1642,2,16485
2,5992,1,1644,1,16486
2,5992,3,1644,12,16487
2,5992,4,1644,6,16488
2,5992,10,1644,3,16489
2,5992,15,1644,6,16490
2,5992,19,1644,6,16491
2,5992,29,1644,6,16492
2,5993,10,1644,2,16493
2,5994,10,1644,11,16494
2,5995,10,1644,3,16495
2,5996,10,1644,1,16496
2,5997,10,1644,2,16497
2,5998,10,1644,10,16498
2,5999,1,1644,1,16499
2,5999,10,1644,8,16500
2,6000,10,1644,1,16501
2,6001,10,1644,2,16502
2,6002,10,1644,1,16503
2,6003,10,1644,3,16504
2,6003,17,1644,1,16505
2,6004,1,1644,5,16506
2,6004,2,1644,4,16507
2,6004,3,1644,2,16508
2,6004,4,1644,4,16509
2,6004,6,1644,4,16510
2,6004,7,1644,7,16511
2,6004,8,1644,7,16512
2,6004,9,1644,4,16513
2,6004,10,1644,57,16514
2,6004,11,1644,1,16515
2,6004,18,1644,5,16516
2,6005,1,1644,1,16517
2,6005,3,1644,2,16518
2,6005,4,1644,18,16519
2,6005,6,1644,3,16520
2,6005,7,1644,6,16521
2,6005,8,1644,6,16522
2,6005,9,1644,1,16523
2,6005,10,1644,2,16524
2,6005,17,1644,2,16525
2,6005,19,1644,2,16526
2,6005,25,1644,2,16527
2,6005,26,1644,2,16528
2,6005,27,1644,10,16529
2,6005,28,1644,10,16530
2,6005,37,1644,2,16531
2,6006,1,1300,1,16532
2,6006,3,1300,5,16533
2,6006,4,1300,54,16534
2,6006,5,1300,13,16535
2,6006,6,1300,9,16536
2,6006,7,1300,25,16537
2,6006,8,1300,9,16538
2,6006,9,1300,4,16539
2,6006,10,1300,4,16540
2,6006,11,1300,2,16541
2,6006,17,1300,3,16542
2,6006,19,1300,3,16543
2,6006,25,1300,2,16544
2,6006,26,1300,3,16545
2,6006,27,1300,5,16546
2,6006,28,1300,11,16547
2,6006,29,1300,2,16548
2,6007,10,1644,1,16549
2,6008,3,1644,18,16550
2,6008,4,1644,59,16551
2,6008,6,1644,4,16552
2,6008,7,1644,6,16553
2,6008,8,1644,6,16554
2,6008,9,1644,3,16555
2,6008,10,1644,4,16556
2,6008,11,1644,2,16557
2,6008,17,1644,3,16558
2,6008,19,1644,4,16559
2,6008,25,1644,3,16560
2,6008,28,1644,24,16561
2,6009,3,1644,10,16562
2,6009,15,1644,2,16563
2,6009,29,1644,6,16564
2,6009,38,1644,8,16565
2,6009,39,1644,11,16566
2,6009,53,1644,2,16567
2,6010,10,1644,1,16568
2,6011,1,1644,2,16569
2,6011,10,1644,2,16570
2,6012,1,1644,1,16571
2,6012,10,1644,1,16572
2,6012,23,1644,19,16573
2,6013,10,1644,8,16574
2,6014,10,1644,9,16575
2,6015,13,1644,12,16576
2,6016,1,1644,1,16577
2,6016,10,1644,11,16578
2,6016,17,1644,1,16579
2,6017,10,1644,2,16580
2,6018,1,1644,1,16581
2,6018,10,1644,3,16582
2,6019,1,1644,1,16583
2,6019,4,1644,28,16584
2,6019,6,1644,2,16585
2,6019,7,1644,4,16586
2,6019,8,1644,3,16587
2,6019,9,1644,1,16588
2,6019,10,1644,2,16589
2,6019,17,1644,1,16590
2,6019,18,1644,2,16591
2,6020,10,1644,1,16592
2,6021,10,1644,3,16593
2,6022,10,1644,1,16594
2,6023,1,1644,1,16595
2,6023,10,1644,5,16596
2,6024,1,1644,1,16597
2,6024,10,1644,1,16598
2,6025,1,1645,1,16599
2,6025,2,1645,3,16600
2,6025,3,1645,1,16601
2,6025,4,1645,6,16602
2,6025,7,1645,3,16603
2,6025,8,1645,3,16604
2,6025,9,1645,1,16605
2,6025,10,1645,9,16606
2,6025,11,1645,1,16607
2,6025,18,1645,2,16608
2,6026,2,1646,1,16609
2,6026,3,1646,2,16610
2,6026,4,1646,4,16611
2,6026,7,1646,2,16612
2,6026,8,1646,2,16613
2,6026,9,1646,1,16614
2,6026,10,1646,6,16615
2,6026,11,1646,2,16616
2,6026,18,1646,1,16617
2,6027,10,1646,1,16618
2,6028,1,1646,1,16619
2,6028,6,1646,3,16620
2,6028,7,1646,4,16621
2,6028,8,1646,4,16622
2,6028,9,1646,2,16623
2,6028,10,1646,5,16624
2,6029,10,1647,8,16625
2,6030,10,1647,2,16626
2,6031,10,1647,3,16627
2,6032,10,1647,1,16628
2,6033,1,1647,1,16629
2,6033,10,1647,3,16630
2,6033,23,1647,20,16631
2,6034,10,1647,2,16632
2,6035,6,1647,1,16633
2,6035,7,1647,1,16634
2,6035,8,1647,1,16635
2,6035,9,1647,1,16636
2,6035,10,1647,7,16637
2,6035,18,1647,3,16638
2,6036,1,1647,4,16639
2,6036,3,1647,6,16640
2,6036,4,1647,10,16641
2,6036,6,1647,5,16642
2,6036,7,1647,5,16643
2,6036,8,1647,5,16644
2,6036,9,1647,3,16645
2,6036,10,1647,34,16646
2,6036,11,1647,2,16647
2,6036,18,1647,6,16648
2,6037,10,1647,10,16649
2,6038,10,1647,1,16650
2,6039,1,1647,2,16651
2,6039,2,1647,12,16652
2,6039,3,1647,6,16653
2,6039,4,1647,9,16654
2,6039,6,1647,2,16655
2,6039,7,1647,7,16656
2,6039,8,1647,7,16657
2,6039,9,1647,2,16658
2,6039,10,1647,6,16659
2,6039,11,1647,1,16660
2,6039,17,1647,1,16661
2,6039,18,1647,2,16662
2,6039,25,1647,2,16663
2,6039,40,1647,1,16664
2,6040,10,1647,5,16665
2,6041,1,1647,1,16666
2,6041,23,1647,5,16667
2,6042,1,1647,1,16668
2,6043,10,1647,6,16669
2,6044,10,1647,4,16670
2,6045,10,1647,1,16671
2,6046,10,1647,3,16672
2,6047,1,1647,1,16673
2,6047,10,1647,13,16674
2,6048,3,1647,5,16675
2,6048,4,1647,13,16676
2,6048,10,1647,2,16677
2,6048,17,1647,2,16678
2,6049,10,1647,2,16679
2,6050,1,1647,2,16680
2,6050,10,1647,4,16681
2,6051,16,1300,1,16682
2,6052,1,1300,3,16683
2,6053,1,1300,1,16684
2,6053,2,1300,26,16685
2,6053,3,1300,20,16686
2,6053,4,1300,145,16687
2,6053,6,1300,7,16688
2,6053,7,1300,10,16689
2,6053,8,1300,8,16690
2,6053,9,1300,2,16691
2,6053,10,1300,7,16692
2,6053,11,1300,1,16693
2,6053,15,1300,10,16694
2,6053,17,1300,5,16695
2,6053,18,1300,1,16696
2,6053,19,1300,40,16697
2,6053,23,1300,11,16698
2,6053,24,1300,84,16699
2,6053,25,1300,1,16700
2,6053,26,1300,8,16701
2,6053,27,1300,14,16702
2,6053,28,1300,64,16703
2,6053,29,1300,2,16704
2,6053,32,1300,20,16705
2,6053,33,1300,14,16706
2,6053,36,1300,2,16707
2,6053,37,1300,10,16708
2,6053,40,1300,10,16709
2,6053,47,1300,6,16710
2,6053,48,1300,6,16711
2,6053,49,1300,4,16712
2,6053,52,1300,10,16713
2,6053,53,1300,2,16714
2,6053,55,1300,4,16715
2,6054,4,1300,5,16716
2,6054,10,1300,1,16717
2,6054,18,1300,1,16718
2,6054,30,1300,20,16719
2,6054,55,1300,5,16720
2,6055,10,1300,2,16721
2,6055,18,1300,2,16722
2,6056,10,1300,6,16723
2,6056,12,1300,1,16724
2,6057,4,1300,3,16725
2,6057,10,1300,1,16726
2,6057,17,1300,2,16727
2,6058,1,1300,1,16728
2,6058,3,1300,28,16729
2,6058,4,1300,124,16730
2,6058,6,1300,11,16731
2,6058,7,1300,15,16732
2,6058,8,1300,24,16733
2,6058,9,1300,4,16734
2,6058,10,1300,14,16735
2,6058,11,1300,2,16736
2,6058,14,1300,6,16737
2,6058,17,1300,5,16738
2,6058,25,1300,1,16739
2,6058,26,1300,2,16740
2,6058,38,1300,6,16741
2,6058,44,1300,23,16742
2,6059,1,1300,1,16743
2,6059,3,1300,43,16744
2,6059,4,1300,35,16745
2,6059,6,1300,13,16746
2,6059,7,1300,2,16747
2,6059,8,1300,9,16748
2,6059,9,1300,2,16749
2,6059,10,1300,1,16750
2,6059,11,1300,2,16751
2,6059,15,1300,4,16752
2,6059,17,1300,2,16753
2,6059,19,1300,20,16754
2,6059,25,1300,1,16755
2,6059,26,1300,4,16756
2,6059,27,1300,20,16757
2,6059,28,1300,18,16758
2,6059,29,1300,10,16759
2,6059,38,1300,9,16760
2,6059,48,1300,7,16761
2,6059,49,1300,4,16762
2,6060,1,1300,2,16763
2,6060,10,1300,13,16764
2,6061,1,1300,1,16765
2,6061,10,1300,4,16766
2,6061,23,1300,31,16767
2,6062,10,1300,18,16768
2,6062,17,1300,1,16769
2,6063,3,1300,4,16770
2,6063,4,1300,51,16771
2,6063,6,1300,5,16772
2,6063,7,1300,20,16773
2,6063,8,1300,28,16774
2,6063,9,1300,4,16775
2,6063,10,1300,5,16776
2,6063,11,1300,1,16777
2,6063,17,1300,3,16778
2,6063,19,1300,2,16779
2,6063,26,1300,2,16780
2,6063,27,1300,9,16781
2,6063,28,1300,13,16782
2,6063,29,1300,7,16783
2,6063,38,1300,1,16784
2,6063,39,1300,1,16785
2,6064,1,1300,23,16786
2,6064,2,1300,12,16787
2,6064,3,1300,7,16788
2,6064,4,1300,24,16789
2,6064,6,1300,25,16790
2,6064,7,1300,26,16791
2,6064,8,1300,33,16792
2,6064,9,1300,13,16793
2,6064,10,1300,264,16794
2,6064,11,1300,3,16795
2,6064,12,1300,1,16796
2,6064,18,1300,6,16797
2,6065,10,1300,1,16798
2,6066,10,1300,1,16799
2,6067,10,1300,1,16800
2,6068,1,1300,1,16801
2,6068,10,1300,1,16802
2,6068,23,1300,27,16803
2,6069,4,1300,14,16804
2,6069,10,1300,8,16805
2,6069,17,1300,1,16806
2,6069,19,1300,2,16807
2,6069,28,1300,16,16808
2,6070,10,1300,1,16809
2,6070,17,1300,1,16810
2,6071,10,1300,11,16811
2,6071,20,1300,40,16812
2,6071,22,1300,10,16813
2,6071,24,1300,26,16814
2,6071,33,1300,9,16815
2,6071,34,1300,10,16816
2,6072,10,1300,2,16817
2,6073,1,1300,1,16818
2,6073,10,1300,5,16819
2,6074,1,1300,2,16820
2,6074,10,1300,1,16821
2,6075,7,1300,7,16822
2,6075,8,1300,7,16823
2,6075,9,1300,2,16824
2,6075,10,1300,63,16825
2,6075,17,1300,1,16826
2,6076,1,1300,2,16827
2,6076,3,1300,2,16828
2,6076,4,1300,47,16829
2,6076,6,1300,2,16830
2,6076,7,1300,8,16831
2,6076,8,1300,5,16832
2,6076,9,1300,1,16833
2,6076,10,1300,5,16834
2,6076,17,1300,2,16835
2,6076,19,1300,5,16836
2,6076,25,1300,1,16837
2,6076,28,1300,19,16838
2,6077,1,1300,3,16839
2,6077,3,1300,20,16840
2,6077,4,1300,63,16841
2,6077,6,1300,4,16842
2,6077,7,1300,6,16843
2,6077,8,1300,6,16844
2,6077,9,1300,1,16845
2,6077,10,1300,15,16846
2,6077,17,1300,3,16847
2,6077,19,1300,5,16848
2,6077,28,1300,19,16849
2,6077,30,1300,32,16850
2,6077,46,1300,2,16851
2,6077,47,1300,4,16852
2,6077,48,1300,5,16853
2,6078,1,1300,1,16854
2,6078,10,1300,2,16855
2,6079,1,1300,1,16856
2,6079,10,1300,1,16857
2,6080,1,1300,2,16858
2,6080,10,1300,3,16859
2,6081,2,1300,7,16860
2,6081,3,1300,3,16861
2,6081,4,1300,53,16862
2,6081,6,1300,3,16863
2,6081,7,1300,8,16864
2,6081,8,1300,9,16865
2,6081,9,1300,4,16866
2,6081,10,1300,2,16867
2,6081,11,1300,1,16868
2,6081,17,1300,2,16869
2,6081,19,1300,3,16870
2,6081,25,1300,1,16871
2,6081,26,1300,3,16872
2,6081,27,1300,8,16873
2,6081,28,1300,6,16874
2,6081,37,1300,3,16875
2,6082,1,1300,2,16876
2,6082,3,1300,16,16877
2,6082,4,1300,60,16878
2,6082,6,1300,11,16879
2,6082,7,1300,15,16880
2,6082,8,1300,12,16881
2,6082,9,1300,4,16882
2,6082,10,1300,3,16883
2,6082,11,1300,1,16884
2,6082,15,1300,1,16885
2,6082,17,1300,2,16886
2,6082,19,1300,2,16887
2,6082,26,1300,4,16888
2,6082,27,1300,7,16889
2,6082,28,1300,12,16890
2,6082,29,1300,1,16891
2,6082,37,1300,3,16892
2,6082,38,1300,2,16893
2,6082,39,1300,9,16894
2,6082,47,1300,1,16895
2,6082,48,1300,1,16896
2,6082,49,1300,4,16897
2,6083,1,1300,2,16898
2,6083,3,1300,28,16899
2,6083,4,1300,8,16900
2,6083,6,1300,5,16901
2,6083,7,1300,1,16902
2,6083,8,1300,2,16903
2,6083,9,1300,2,16904
2,6083,10,1300,8,16905
2,6083,13,1300,15,16906
2,6083,14,1300,8,16907
2,6083,15,1300,8,16908
2,6083,17,1300,1,16909
2,6083,25,1300,1,16910
2,6083,29,1300,8,16911
2,6083,38,1300,8,16912
2,6083,39,1300,6,16913
2,6083,42,1300,18,16914
2,6083,43,1300,10,16915
2,6083,45,1300,20,16916
2,6083,50,1300,7,16917
2,6083,53,1300,7,16918
2,6084,1,1300,1,16919
2,6084,10,1300,8,16920
2,6085,10,1300,13,16921
2,6085,17,1300,2,16922
2,6086,10,1300,3,16923
2,6087,15,1300,8,16924
2,6087,38,1300,19,16925
2,6087,39,1300,21,16926
2,6087,48,1300,5,16927
2,6088,10,1300,7,16928
2,6088,17,1300,3,16929
2,6089,10,1300,7,16930
2,6090,10,1300,1,16931
2,6091,10,1300,7,16932
2,6092,10,1300,4,16933
2,6093,10,1300,14,16934
2,6094,1,1300,2,16935
2,6094,10,1300,31,16936
2,6094,17,1300,1,16937
2,6095,10,1300,2,16938
2,6095,18,1300,2,16939
2,6095,20,1300,25,16940
2,6095,24,1300,55,16941
2,6095,33,1300,30,16942
2,6095,58,1300,3,16943
2,6096,1,1300,1,16944
2,6096,4,1300,9,16945
2,6096,6,1300,3,16946
2,6096,7,1300,5,16947
2,6096,8,1300,5,16948
2,6096,9,1300,3,16949
2,6096,10,1300,5,16950
2,6096,17,1300,2,16951
2,6097,10,1300,6,16952
2,6097,20,1300,8,16953
2,6097,21,1300,4,16954
2,6097,22,1300,15,16955
2,6097,24,1300,12,16956
2,6097,32,1300,3,16957
2,6097,33,1300,10,16958
2,6097,34,1300,15,16959
2,6097,36,1300,5,16960
2,6097,56,1300,5,16961
2,6098,10,1300,1,16962
2,6099,1,1300,1,16963
2,6099,10,1300,6,16964
2,6099,23,1300,29,16965
2,6100,10,1300,3,16966
2,6101,10,1300,1,16967
2,6102,16,1300,2,16968
2,6103,10,1300,3,16969
2,6104,10,1300,6,16970
2,6104,12,1300,1,16971
2,6105,1,1300,1,16972
2,6105,10,1300,5,16973
2,6106,1,1300,2,16974
2,6106,10,1300,3,16975
2,6107,10,1300,6,16976
2,6108,1,1300,1,16977
2,6108,10,1300,13,16978
2,6109,10,1300,1,16979
2,6110,10,1300,1,16980
2,6111,10,1300,1,16981
2,6112,16,1300,1,16982
2,6113,1,1300,1,16983
2,6114,10,1300,3,16984
2,6115,1,1300,1,16985
2,6116,1,1300,1,16986
2,6116,10,1300,7,16987
2,6117,1,1300,1,16988
2,6117,10,1300,1,16989
2,6118,1,1300,1,16990
2,6118,10,1300,15,16991
2,6119,10,1300,1,16992
2,6120,1,1300,1,16993
2,6120,10,1300,5,16994
2,6121,10,1300,1,16995
2,6121,55,1300,2,16996
2,6122,18,1300,2,16997
2,6122,25,1300,1,16998
2,6123,10,1300,4,16999
2,6124,18,1300,1,17000
2,6124,25,1300,2,17001
2,6125,10,1300,6,17002
2,6126,1,1300,2,17003
2,6126,4,1300,42,17004
2,6126,6,1300,3,17005
2,6126,7,1300,2,17006
2,6126,8,1300,10,17007
2,6126,9,1300,3,17008
2,6126,10,1300,10,17009
2,6126,11,1300,1,17010
2,6126,17,1300,2,17011
2,6126,19,1300,3,17012
2,6126,26,1300,5,17013
2,6126,27,1300,4,17014
2,6126,28,1300,7,17015
2,6126,37,1300,5,17016
2,6127,10,1300,2,17017
2,6127,12,1300,1,17018
2,6128,1,1300,3,17019
2,6128,10,1300,1,17020
2,6129,10,1300,5,17021
2,6130,10,1300,1,17022
2,6131,10,1300,3,17023
2,6132,23,1300,1,17024
2,6133,1,1300,1,17025
2,6133,10,1300,2,17026
2,6134,1,1300,1,17027
2,6134,10,1300,3,17028
2,6135,10,1300,5,17029
2,6136,1,1300,3,17030
2,6136,10,1300,5,17031
2,6137,1,1300,1,17032
2,6137,10,1300,4,17033
2,6137,23,1300,40,17034
2,6138,1,1300,1,17035
2,6138,10,1300,3,17036
2,6139,10,1300,3,17037
2,6140,12,1300,1,17038
2,6140,18,1300,1,17039
2,6140,25,1300,1,17040
2,6141,10,1300,2,17041
2,6142,10,1300,1,17042
2,6143,10,1300,4,17043
2,6144,1,1300,1,17044
2,6144,10,1300,5,17045
2,6144,18,1300,1,17046
2,6144,25,1300,1,17047
2,6145,10,1300,2,17048
2,6146,10,1300,6,17049
2,6147,1,1300,1,17050
2,6147,10,1300,1,17051
2,6148,10,1300,2,17052
2,6149,10,1300,2,17053
2,6150,10,1300,2,17054
2,6151,10,1300,1,17055
2,6151,25,1300,1,17056
2,6152,10,1300,1,17057
2,6153,10,1300,1,17058
2,6154,10,1300,5,17059
2,6155,10,1300,3,17060
2,6156,10,1300,4,17061
2,6157,1,1300,1,17062
2,6157,10,1300,9,17063
2,6157,18,1300,1,17064
2,6157,25,1300,5,17065
2,6158,10,1300,10,17066
2,6159,10,1300,8,17067
2,6160,1,1300,1,17068
2,6160,10,1300,3,17069
2,6161,12,1300,1,17070
2,6161,18,1300,3,17071
2,6162,10,1300,6,17072
2,6163,10,1300,9,17073
2,6164,1,1300,1,17074
2,6164,10,1300,13,17075
2,6165,10,1300,6,17076
2,6166,10,1300,1,17077
2,6167,1,1300,1,17078
2,6168,1,1300,1,17079
2,6168,10,1300,3,17080
2,6169,1,1300,3,17081
2,6169,10,1300,54,17082
2,6170,10,1300,1,17083
2,6171,10,1300,2,17084
2,6172,1,1300,1,17085
2,6172,10,1300,1,17086
2,6172,17,1300,1,17087
2,6173,10,1300,7,17088
2,6174,10,1300,4,17089
2,6175,1,1300,1,17090
2,6175,10,1300,8,17091
2,6176,10,1300,1,17092
2,6177,10,1300,6,17093
2,6177,40,1300,2,17094
2,6178,10,1300,1,17095
2,6179,10,1300,1,17096
2,6180,1,1300,1,17097
2,6180,10,1300,1,17098
2,6181,25,1300,1,17099
2,6182,1,1300,1,17100
2,6182,10,1300,22,17101
2,6182,12,1300,1,17102
2,6182,22,1300,12,17103
2,6182,34,1300,8,17104
2,6183,10,1300,1,17105
2,6184,10,1300,4,17106
2,6185,1,1300,1,17107
2,6186,10,1300,4,17108
2,6187,1,1300,1,17109
2,6187,3,1300,8,17110
2,6187,4,1300,27,17111
2,6187,6,1300,4,17112
2,6187,7,1300,3,17113
2,6187,8,1300,6,17114
2,6187,9,1300,1,17115
2,6187,10,1300,9,17116
2,6187,11,1300,1,17117
2,6187,17,1300,2,17118
2,6187,19,1300,4,17119
2,6187,24,1300,20,17120
2,6187,27,1300,4,17121
2,6187,28,1300,28,17122
2,6187,29,1300,3,17123
2,6187,30,1300,10,17124
2,6187,32,1300,9,17125
2,6187,33,1300,9,17126
2,6187,38,1300,10,17127
2,6187,47,1300,1,17128
2,6187,48,1300,4,17129
2,6188,10,1300,1,17130
2,6188,40,1300,20,17131
2,6189,10,1300,1,17132
2,6190,10,1300,5,17133
2,6191,1,1300,1,17134
2,6191,10,1300,8,17135
2,6192,10,1300,2,17136
2,6193,18,1300,1,17137
2,6193,25,1300,1,17138
2,6194,1,1300,1,17139
2,6194,10,1300,3,17140
2,6194,23,1300,50,17141
2,6195,10,1300,1,17142
2,6196,1,1300,2,17143
2,6196,10,1300,3,17144
2,6197,4,1300,15,17145
2,6197,16,1300,2,17146
2,6198,10,1300,6,17147
2,6199,12,1300,1,17148
2,6199,18,1300,1,17149
2,6199,25,1300,6,17150
2,6200,10,1300,1,17151
2,6201,10,1300,5,17152
2,6202,1,1300,3,17153
2,6202,10,1300,3,17154
2,6203,1,1300,1,17155
2,6203,3,1300,6,17156
2,6203,4,1300,117,17157
2,6203,6,1300,4,17158
2,6203,7,1300,15,17159
2,6203,8,1300,14,17160
2,6203,9,1300,3,17161
2,6203,10,1300,7,17162
2,6203,17,1300,3,17163
2,6203,19,1300,18,17164
2,6203,28,1300,33,17165
2,6204,10,1300,6,17166
2,6204,17,1300,1,17167
2,6205,10,1300,3,17168
2,6206,1,1300,1,17169
2,6206,10,1300,1,17170
2,6206,12,1300,1,17171
2,6207,10,1300,1,17172
2,6207,12,1300,2,17173
2,6208,10,1300,1,17174
2,6209,10,1300,2,17175
2,6210,1,1300,1,17176
2,6210,10,1300,3,17177
2,6211,1,1300,1,17178
2,6211,10,1300,1,17179
2,6212,10,1300,1,17180
2,6213,10,1300,1,17181
2,6214,10,1300,10,17182
2,6215,1,1300,3,17183
2,6215,3,1300,4,17184
2,6215,4,1300,100,17185
2,6215,6,1300,7,17186
2,6215,7,1300,10,17187
2,6215,8,1300,10,17188
2,6215,9,1300,3,17189
2,6215,10,1300,18,17190
2,6215,16,1300,4,17191
2,6215,19,1300,5,17192
2,6215,28,1300,28,17193
2,6215,30,1300,9,17194
2,6215,47,1300,4,17195
2,6215,48,1300,7,17196
2,6216,1,1300,2,17197
2,6216,10,1300,3,17198
2,6217,10,1300,5,17199
2,6218,18,1300,1,17200
2,6219,10,1300,6,17201
2,6220,1,1300,1,17202
2,6220,10,1300,41,17203
2,6221,10,1300,6,17204
2,6222,10,1300,1,17205
2,6223,1,1300,1,17206
2,6223,10,1300,2,17207
2,6223,17,1300,1,17208
2,6224,1,1300,2,17209
2,6224,10,1300,6,17210
2,6225,1,1300,1,17211
2,6225,3,1300,2,17212
2,6225,4,1300,6,17213
2,6225,10,1300,2,17214
2,6225,17,1300,1,17215
2,6226,10,1300,2,17216
2,6227,10,1300,5,17217
2,6228,1,1300,1,17218
2,6228,3,1300,2,17219
2,6228,4,1300,2,17220
2,6228,10,1300,2,17221
2,6228,17,1300,1,17222
2,6229,1,1300,1,17223
2,6229,10,1300,26,17224
2,6230,3,1300,2,17225
2,6230,4,1300,5,17226
2,6230,10,1300,2,17227
2,6230,40,1300,7,17228
2,6230,55,1300,3,17229
2,6231,10,1300,6,17230
2,6231,12,1300,1,17231
2,6231,17,1300,2,17232
2,6232,1,1300,1,17233
2,6232,10,1300,2,17234
2,6232,24,1300,20,17235
2,6232,33,1300,30,17236
2,6232,54,1300,30,17237
2,6233,10,1300,7,17238
2,6233,21,1300,50,17239
2,6233,22,1300,72,17240
2,6233,32,1300,15,17241
2,6233,34,1300,40,17242
2,6233,36,1300,33,17243
2,6234,1,1300,1,17244
2,6234,10,1300,1,17245
2,6235,10,1300,3,17246
2,6236,1,1300,1,17247
2,6236,10,1300,2,17248
2,6237,10,1300,1,17249
2,6238,1,1300,1,17250
2,6238,10,1300,1,17251
2,6239,18,1300,7,17252
2,6240,1,1300,2,17253
2,6241,4,1300,4,17254
2,6241,17,1300,1,17255
2,6242,1,1300,1,17256
2,6242,10,1300,2,17257
2,6243,10,1300,4,17258
2,6244,1,1300,1,17259
2,6244,6,1300,1,17260
2,6244,7,1300,5,17261
2,6244,8,1300,4,17262
2,6244,9,1300,1,17263
2,6244,10,1300,1,17264
2,6245,10,1300,1,17265
2,6246,1,1300,1,17266
2,6246,10,1300,1,17267
2,6247,10,1300,1,17268
2,6248,10,1300,7,17269
2,6249,10,1300,2,17270
2,6250,10,1300,1,17271
2,6250,25,1300,1,17272
2,6251,10,1300,3,17273
2,6252,10,1300,1,17274
2,6253,10,1300,1,17275
2,6254,10,1300,2,17276
2,6255,1,1300,2,17277
2,6255,10,1300,5,17278
2,6256,10,1300,1,17279
2,6257,6,1300,2,17280
2,6257,7,1300,3,17281
2,6257,8,1300,3,17282
2,6257,9,1300,3,17283
2,6257,10,1300,3,17284
2,6258,10,1300,3,17285
2,6259,10,1300,3,17286
2,6260,10,1300,3,17287
2,6261,10,1300,1,17288
2,6262,10,1300,7,17289
2,6263,10,1300,12,17290
2,6263,20,1300,24,17291
2,6263,21,1300,3,17292
2,6263,22,1300,5,17293
2,6264,10,1300,5,17294
2,6265,1,1300,1,17295
2,6265,10,1300,1,17296
2,6266,57,1300,6,17297
2,6267,1,1300,1,17298
2,6267,10,1300,5,17299
2,6268,10,1300,2,17300
2,6269,10,1648,3,17301
2,6270,1,1648,1,17302
2,6270,2,1648,2,17303
2,6270,3,1648,1,17304
2,6270,4,1648,9,17305
2,6270,6,1648,1,17306
2,6270,7,1648,3,17307
2,6270,8,1648,3,17308
2,6270,9,1648,1,17309
2,6270,10,1648,10,17310
2,6270,11,1648,1,17311
2,6270,12,1648,2,17312
2,6270,18,1648,4,17313
2,6271,10,1648,1,17314
2,6272,10,1649,6,17315
2,6273,1,1649,1,17316
2,6273,10,1649,11,17317
2,6274,10,1649,1,17318
2,6275,10,1649,3,17319
2,6276,10,1649,1,17320
2,6277,31,1649,12,17321
2,6277,57,1649,12,17322
2,6278,10,1649,5,17323
2,6279,1,1649,1,17324
2,6279,2,1649,6,17325
2,6279,3,1649,10,17326
2,6279,4,1649,8,17327
2,6279,6,1649,4,17328
2,6279,7,1649,6,17329
2,6279,8,1649,6,17330
2,6279,9,1649,4,17331
2,6279,10,1649,27,17332
2,6279,11,1649,1,17333
2,6279,17,1649,1,17334
2,6279,18,1649,3,17335
2,6280,1,1649,1,17336
2,6280,2,1649,4,17337
2,6280,3,1649,3,17338
2,6280,4,1649,13,17339
2,6280,6,1649,2,17340
2,6280,7,1649,6,17341
2,6280,8,1649,6,17342
2,6280,9,1649,2,17343
2,6280,10,1649,1,17344
2,6280,11,1649,1,17345
2,6280,17,1649,1,17346
2,6280,18,1649,4,17347
2,6281,10,1649,9,17348
2,6282,10,1649,5,17349
2,6283,1,1649,1,17350
2,6283,10,1649,3,17351
2,6284,10,1649,2,17352
2,6285,10,1649,4,17353
2,6285,12,1649,1,17354
2,6286,10,1649,7,17355
2,6287,10,1650,3,17356
2,6288,10,1650,1,17357
2,6289,1,1650,11,17358
2,6289,2,1650,1,17359
2,6289,3,1650,1,17360
2,6289,4,1650,7,17361
2,6289,6,1650,1,17362
2,6289,7,1650,3,17363
2,6289,8,1650,3,17364
2,6289,9,1650,2,17365
2,6289,10,1650,15,17366
2,6289,11,1650,1,17367
2,6289,18,1650,4,17368
2,6290,10,1650,1,17369
2,6291,10,1650,8,17370
2,6291,12,1650,1,17371
2,6292,1,1651,1,17372
2,6292,4,1651,4,17373
2,6292,6,1651,3,17374
2,6292,7,1651,3,17375
2,6292,8,1651,3,17376
2,6292,9,1651,1,17377
2,6292,10,1651,10,17378
2,6292,11,1651,1,17379
2,6292,18,1651,3,17380
2,6293,10,1651,3,17381
2,6294,10,1652,2,17382
2,6295,12,1652,1,17383
2,6296,2,1652,3,17384
2,6296,4,1652,9,17385
2,6296,6,1652,3,17386
2,6296,7,1652,5,17387
2,6296,8,1652,4,17388
2,6296,9,1652,2,17389
2,6296,10,1652,5,17390
2,6296,11,1652,1,17391
2,6296,12,1652,1,17392
2,6296,18,1652,3,17393
2,6297,10,1652,16,17394
2,6298,10,1652,3,17395
2,6298,12,1652,1,17396
2,6299,10,1652,1,17397
2,6300,10,1653,2,17398
2,6301,1,1653,1,17399
2,6301,6,1653,4,17400
2,6301,7,1653,6,17401
2,6301,8,1653,6,17402
2,6301,9,1653,1,17403
2,6301,10,1653,21,17404
2,6301,11,1653,1,17405
2,6301,18,1653,2,17406
2,6302,10,1654,6,17407
2,6303,10,1654,2,17408
2,6304,10,1654,1,17409
2,6304,20,1654,10,17410
2,6304,21,1654,4,17411
2,6304,22,1654,15,17412
2,6304,24,1654,25,17413
2,6304,32,1654,5,17414
2,6304,33,1654,45,17415
2,6304,34,1654,15,17416
2,6304,36,1654,25,17417
2,6304,56,1654,5,17418
2,6305,10,1654,1,17419
2,6306,10,1654,1,17420
2,6307,1,1654,1,17421
2,6307,3,1654,2,17422
2,6307,4,1654,6,17423
2,6307,10,1654,2,17424
2,6307,17,1654,1,17425
2,6308,10,1654,3,17426
2,6309,10,1654,1,17427
2,6310,10,1654,7,17428
2,6311,1,1654,1,17429
2,6311,10,1654,1,17430
2,6312,1,1654,1,17431
2,6312,2,1654,7,17432
2,6312,3,1654,8,17433
2,6312,4,1654,7,17434
2,6312,6,1654,4,17435
2,6312,7,1654,7,17436
2,6312,8,1654,9,17437
2,6312,9,1654,1,17438
2,6312,10,1654,1,17439
2,6312,11,1654,1,17440
2,6312,17,1654,2,17441
2,6312,18,1654,1,17442
2,6313,1,1654,1,17443
2,6313,2,1654,15,17444
2,6313,3,1654,25,17445
2,6313,4,1654,45,17446
2,6313,6,1654,2,17447
2,6313,7,1654,5,17448
2,6313,8,1654,5,17449
2,6313,9,1654,6,17450
2,6313,10,1654,6,17451
2,6313,11,1654,2,17452
2,6313,17,1654,2,17453
2,6313,18,1654,2,17454
2,6313,25,1654,2,17455
2,6314,1,1654,1,17456
2,6314,5,1654,2,17457
2,6314,6,1654,1,17458
2,6314,7,1654,4,17459
2,6314,8,1654,3,17460
2,6314,9,1654,2,17461
2,6314,10,1654,80,17462
2,6314,11,1654,1,17463
2,6314,12,1654,1,17464
2,6314,18,1654,2,17465
2,6315,10,1654,13,17466
2,6316,10,1654,16,17467
2,6317,10,1654,5,17468
2,6318,10,1654,2,17469
2,6319,10,1654,1,17470
2,6319,18,1654,1,17471
2,6319,19,1654,6,17472
2,6319,25,1654,1,17473
2,6319,28,1654,18,17474
2,6320,10,1654,1,17475
2,6321,10,1654,1,17476
2,6322,18,1654,1,17477
2,6322,25,1654,1,17478
2,6323,10,1654,5,17479
2,6324,18,1654,2,17480
2,6324,25,1654,1,17481
2,6325,1,1654,1,17482
2,6325,10,1654,3,17483
2,6326,10,1655,3,17484
2,6327,10,1655,4,17485
2,6328,10,1655,1,17486
2,6329,2,1655,4,17487
2,6329,3,1655,5,17488
2,6329,4,1655,8,17489
2,6329,6,1655,3,17490
2,6329,7,1655,5,17491
2,6329,8,1655,4,17492
2,6329,9,1655,1,17493
2,6329,10,1655,10,17494
2,6329,11,1655,1,17495
2,6329,18,1655,3,17496
2,6330,10,1655,4,17497
2,6331,1,1655,1,17498
2,6331,10,1655,19,17499
2,6332,10,1655,4,17500
2,6333,10,1655,2,17501
2,6334,10,1655,1,17502
2,6335,10,1655,2,17503
2,6336,10,1655,3,17504
2,6337,10,1655,6,17505
2,6338,2,1656,2,17506
2,6338,3,1656,3,17507
2,6338,4,1656,4,17508
2,6338,6,1656,3,17509
2,6338,7,1656,6,17510
2,6338,8,1656,6,17511
2,6338,9,1656,2,17512
2,6338,10,1656,2,17513
2,6338,11,1656,1,17514
2,6338,12,1656,1,17515
2,6338,18,1656,2,17516
2,6339,10,1656,8,17517
2,6340,10,1656,3,17518
2,6341,10,1657,1,17519
2,6342,10,1657,2,17520
2,6343,1,1657,3,17521
2,6343,2,1657,2,17522
2,6343,3,1657,3,17523
2,6343,4,1657,4,17524
2,6343,6,1657,1,17525
2,6343,7,1657,3,17526
2,6343,8,1657,3,17527
2,6343,9,1657,2,17528
2,6343,10,1657,15,17529
2,6343,11,1657,1,17530
2,6343,18,1657,1,17531
2,6344,1,1657,1,17532
2,6344,10,1657,1,17533
2,6344,12,1657,1,17534
2,6345,10,1657,1,17535
2,6346,1,1658,1,17536
2,6346,2,1658,2,17537
2,6346,6,1658,1,17538
2,6346,7,1658,3,17539
2,6346,8,1658,3,17540
2,6346,9,1658,1,17541
2,6346,10,1658,1,17542
2,6346,11,1658,1,17543
2,6346,18,1658,1,17544
2,6347,10,1659,2,17545
2,6348,62,1658,25,17546
2,6349,10,1660,6,17547
2,6350,10,1661,2,17548
2,6351,1,1661,1,17549
2,6351,2,1661,6,17550
2,6351,6,1661,3,17551
2,6351,7,1661,5,17552
2,6351,8,1661,6,17553
2,6351,9,1661,3,17554
2,6351,10,1661,45,17555
2,6351,11,1661,1,17556
2,6351,18,1661,4,17557
2,6352,10,1661,4,17558
2,6353,10,1659,2,17559
2,6354,1,1659,1,17560
2,6354,10,1659,5,17561
2,6355,10,1659,3,17562
2,6356,10,1659,2,17563
2,6357,1,1659,1,17564
2,6357,10,1659,1,17565
2,6358,1,1659,1,17566
2,6358,2,1659,7,17567
2,6358,3,1659,8,17568
2,6358,4,1659,15,17569
2,6358,7,1659,8,17570
2,6358,8,1659,12,17571
2,6358,9,1659,5,17572
2,6358,10,1659,31,17573
2,6358,11,1659,1,17574
2,6358,12,1659,1,17575
2,6358,18,1659,5,17576
2,6359,10,1659,7,17577
2,6360,10,1659,9,17578
2,6361,10,1659,2,17579
2,6362,10,1659,1,17580
2,6363,1,1659,1,17581
2,6363,10,1659,1,17582
2,6364,1,1662,1,17583
2,6365,1,1662,1,17584
2,6365,2,1662,1,17585
2,6365,3,1662,2,17586
2,6365,4,1662,4,17587
2,6365,6,1662,4,17588
2,6365,7,1662,4,17589
2,6365,8,1662,4,17590
2,6365,9,1662,3,17591
2,6365,10,1662,17,17592
2,6365,11,1662,1,17593
2,6365,18,1662,2,17594
2,6366,1,1663,1,17595
2,6366,2,1663,3,17596
2,6366,3,1663,3,17597
2,6366,4,1663,6,17598
2,6366,6,1663,4,17599
2,6366,7,1663,5,17600
2,6366,8,1663,5,17601
2,6366,9,1663,3,17602
2,6366,10,1663,16,17603
2,6366,11,1663,1,17604
2,6366,12,1663,1,17605
2,6366,18,1663,2,17606
2,6367,1,1662,1,17607
2,6367,10,1662,2,17608
2,6368,10,1662,4,17609
2,6369,18,1664,3,17610
2,6369,25,1664,5,17611
2,6370,10,1663,5,17612
2,6371,10,1663,5,17613
2,6372,10,1663,1,17614
2,6373,1,1665,2,17615
2,6373,4,1665,7,17616
2,6373,6,1665,2,17617
2,6373,7,1665,3,17618
2,6373,8,1665,3,17619
2,6373,9,1665,1,17620
2,6373,10,1665,5,17621
2,6373,11,1665,1,17622
2,6373,18,1665,1,17623
2,6374,1,1665,1,17624
2,6374,6,1665,1,17625
2,6374,7,1665,2,17626
2,6374,8,1665,2,17627
2,6374,9,1665,1,17628
2,6374,10,1665,7,17629
2,6374,18,1665,1,17630
2,6375,10,1666,3,17631
2,6375,18,1666,1,17632
2,6376,10,1667,1,17633
2,6376,12,1667,1,17634
2,6377,1,1667,1,17635
2,6377,10,1667,20,17636
2,6377,18,1667,2,17637
2,6378,1,1668,1,17638
2,6378,3,1668,1,17639
2,6378,4,1668,8,17640
2,6378,6,1668,1,17641
2,6378,7,1668,4,17642
2,6378,8,1668,4,17643
2,6378,9,1668,1,17644
2,6378,10,1668,14,17645
2,6378,11,1668,1,17646
2,6378,18,1668,2,17647
2,6379,10,1669,1,17648
2,6380,1,1669,1,17649
2,6380,6,1669,2,17650
2,6380,7,1669,2,17651
2,6380,8,1669,2,17652
2,6380,9,1669,1,17653
2,6380,10,1669,7,17654
2,6380,18,1669,1,17655
2,6381,1,1670,2,17656
2,6381,4,1670,13,17657
2,6381,6,1670,5,17658
2,6381,7,1670,3,17659
2,6381,8,1670,3,17660
2,6381,9,1670,1,17661
2,6381,10,1670,10,17662
2,6381,11,1670,1,17663
2,6381,17,1670,1,17664
2,6381,18,1670,2,17665
2,6382,10,1671,5,17666
2,6382,18,1671,1,17667
2,6383,1,1672,1,17668
2,6383,10,1672,4,17669
2,6383,18,1672,1,17670
2,6384,1,1673,1,17671
2,6384,10,1673,4,17672
2,6384,18,1673,1,17673
2,6385,1,1673,1,17674
2,6385,10,1673,4,17675
2,6386,1,1674,1,17676
2,6386,10,1674,6,17677
2,6386,18,1674,1,17678
2,6387,1,1675,1,17679
2,6387,10,1675,11,17680
2,6387,18,1675,1,17681
2,6388,1,1676,1,17682
2,6388,10,1676,10,17683
2,6389,1,1676,1,17684
2,6389,10,1676,5,17685
2,6390,10,1676,4,17686
2,6391,1,1676,1,17687
2,6391,3,1676,2,17688
2,6391,4,1676,15,17689
2,6391,6,1676,4,17690
2,6391,7,1676,2,17691
2,6391,8,1676,2,17692
2,6391,9,1676,3,17693
2,6391,10,1676,9,17694
2,6391,11,1676,1,17695
2,6391,18,1676,2,17696
2,6392,1,1676,1,17697
2,6392,3,1676,4,17698
2,6392,4,1676,17,17699
2,6392,6,1676,2,17700
2,6392,7,1676,6,17701
2,6392,8,1676,6,17702
2,6392,9,1676,3,17703
2,6392,10,1676,4,17704
2,6392,14,1676,5,17705
2,6392,17,1676,2,17706
2,6392,18,1676,1,17707
2,6392,25,1676,1,17708
2,6392,28,1676,5,17709
2,6393,10,1676,5,17710
2,6394,1,1676,1,17711
2,6394,10,1676,1,17712
2,6395,10,1676,1,17713
2,6396,16,1676,1,17714
2,6397,10,1676,1,17715
2,6398,10,1676,1,17716
2,6399,10,1676,1,17717
2,6400,10,1676,1,17718
2,6401,1,1676,1,17719
2,6401,10,1676,1,17720
2,6402,10,1676,2,17721
2,6403,1,1676,1,17722
2,6403,10,1676,3,17723
2,6404,10,1676,5,17724
2,6405,10,1676,1,17725
2,6406,1,1676,2,17726
2,6406,10,1676,18,17727
2,6407,1,1676,1,17728
2,6407,10,1676,3,17729
2,6408,1,1676,1,17730
2,6408,10,1676,2,17731
2,6409,10,1676,1,17732
2,6410,10,1676,1,17733
2,6411,1,1676,1,17734
2,6411,10,1676,2,17735
2,6412,10,1676,2,17736
2,6413,10,1676,11,17737
2,6414,10,1676,4,17738
2,6415,10,1676,1,17739
2,6416,10,1676,34,17740
2,6417,10,1676,2,17741
2,6418,1,1676,1,17742
2,6418,10,1676,8,17743
2,6419,1,1676,1,17744
2,6419,10,1676,5,17745
2,6420,1,1676,1,17746
2,6420,10,1676,4,17747
2,6421,10,1676,1,17748
2,6422,10,1676,4,17749
2,6423,1,1677,1,17750
2,6423,10,1677,1,17751
2,6424,10,1677,2,17752
2,6425,1,1677,1,17753
2,6425,10,1677,6,17754
2,6425,18,1677,1,17755
2,6426,1,1678,2,17756
2,6426,3,1678,5,17757
2,6426,4,1678,41,17758
2,6426,6,1678,4,17759
2,6426,7,1678,4,17760
2,6426,8,1678,6,17761
2,6426,9,1678,3,17762
2,6426,10,1678,22,17763
2,6426,11,1678,2,17764
2,6426,12,1678,1,17765
2,6426,17,1678,2,17766
2,6426,18,1678,1,17767
2,6426,19,1678,7,17768
2,6426,25,1678,2,17769
2,6426,28,1678,6,17770
2,6427,10,1678,2,17771
2,6428,1,1679,1,17772
2,6428,3,1679,3,17773
2,6428,4,1679,9,17774
2,6428,6,1679,1,17775
2,6428,7,1679,1,17776
2,6428,8,1679,2,17777
2,6428,9,1679,1,17778
2,6428,10,1679,4,17779
2,6428,11,1679,1,17780
2,6428,18,1679,2,17781
2,6429,1,1680,1,17782
2,6429,10,1680,4,17783
2,6429,18,1680,2,17784
2,6430,1,1664,1,17785
2,6430,3,1664,6,17786
2,6430,4,1664,15,17787
2,6430,6,1664,4,17788
2,6430,7,1664,4,17789
2,6430,8,1664,4,17790
2,6430,9,1664,3,17791
2,6430,10,1664,12,17792
2,6430,11,1664,1,17793
2,6430,12,1664,1,17794
2,6430,17,1664,2,17795
2,6430,18,1664,2,17796
2,6431,10,1664,6,17797
2,6432,1,1664,5,17798
2,6432,3,1664,11,17799
2,6432,4,1664,80,17800
2,6432,6,1664,7,17801
2,6432,7,1664,11,17802
2,6432,8,1664,11,17803
2,6432,9,1664,8,17804
2,6432,10,1664,49,17805
2,6432,17,1664,4,17806
2,6432,19,1664,10,17807
2,6432,24,1664,15,17808
2,6432,28,1664,12,17809
2,6432,34,1664,10,17810
2,6433,10,1664,2,17811
2,6434,10,1664,2,17812
2,6435,1,1664,6,17813
2,6435,4,1664,23,17814
2,6435,7,1664,4,17815
2,6435,8,1664,6,17816
2,6435,9,1664,5,17817
2,6435,10,1664,19,17818
2,6435,11,1664,1,17819
2,6435,17,1664,2,17820
2,6435,19,1664,3,17821
2,6435,26,1664,6,17822
2,6435,27,1664,3,17823
2,6435,28,1664,6,17824
2,6435,29,1664,2,17825
2,6436,10,1664,3,17826
2,6437,10,1664,2,17827
2,6438,10,1664,4,17828
2,6439,18,1664,5,17829
2,6440,10,1664,2,17830
2,6441,10,1664,7,17831
2,6442,10,1664,2,17832
2,6443,10,1664,1,17833
2,6444,10,1664,1,17834
2,6445,1,1664,3,17835
2,6445,10,1664,4,17836
2,6446,10,1664,5,17837
2,6447,10,1664,4,17838
2,6447,20,1664,46,17839
2,6447,21,1664,9,17840
2,6448,1,1664,1,17841
2,6448,10,1664,5,17842
2,6448,12,1664,1,17843
2,6449,1,1664,1,17844
2,6449,10,1664,4,17845
2,6450,10,1664,3,17846
2,6451,12,1664,1,17847
2,6452,10,1664,1,17848
2,6453,1,1664,1,17849
2,6453,10,1664,5,17850
2,6454,10,1664,2,17851
2,6455,10,1664,1,17852
2,6456,10,1664,1,17853
2,6457,1,1664,5,17854
2,6457,10,1664,3,17855
2,6458,10,1664,4,17856
2,6459,10,1664,1,17857
2,6460,1,1664,1,17858
2,6460,10,1664,12,17859
2,6461,10,1664,1,17860
2,6462,10,1664,4,17861
2,6463,10,1664,6,17862
2,6464,10,1664,1,17863
2,6465,10,1664,1,17864
2,6466,10,1664,2,17865
2,6467,18,1664,1,17866
2,6467,25,1664,1,17867
2,6468,16,1664,1,17868
2,6469,10,1664,1,17869
2,6470,10,1664,4,17870
2,6471,1,1664,2,17871
2,6471,10,1664,3,17872
2,6472,10,1664,7,17873
2,6473,10,1664,2,17874
2,6474,10,1664,1,17875
2,6475,3,1664,15,17876
2,6475,4,1664,58,17877
2,6475,11,1664,1,17878
2,6475,14,1664,1,17879
2,6475,19,1664,1,17880
2,6475,35,1664,4,17881
2,6475,42,1664,2,17882
2,6475,44,1664,4,17883
2,6475,45,1664,2,17884
2,6476,10,1664,1,17885
2,6477,10,1664,27,17886
2,6478,10,1664,1,17887
2,6479,1,1664,1,17888
2,6479,10,1664,1,17889
2,6480,1,1664,2,17890
2,6481,10,1664,2,17891
2,6482,1,1664,2,17892
2,6482,10,1664,1,17893
2,6483,10,1664,2,17894
2,6484,10,1664,1,17895
2,6485,10,1664,3,17896
2,6486,10,1664,1,17897
2,6487,10,1664,1,17898
2,6488,10,1664,1,17899
2,6489,10,1664,4,17900
2,6490,1,1664,1,17901
2,6490,10,1664,1,17902
2,6491,10,1664,29,17903
2,6492,1,1664,1,17904
2,6492,10,1664,4,17905
2,6492,23,1664,18,17906
2,6493,1,1664,1,17907
2,6493,10,1664,19,17908
2,6494,1,1664,1,17909
2,6494,10,1664,13,17910
2,6495,10,1664,1,17911
2,6496,10,1664,2,17912
2,6497,10,1664,2,17913
2,6497,20,1664,21,17914
2,6497,21,1664,4,17915
2,6498,10,1681,6,17916
2,6498,18,1681,1,17917
2,6499,10,1681,1,17918
2,6500,10,1682,1,17919
2,6501,1,1682,1,17920
2,6501,10,1682,5,17921
2,6501,18,1682,1,17922
2,6502,10,1683,3,17923
2,6503,1,1683,1,17924
2,6503,3,1683,15,17925
2,6503,4,1683,28,17926
2,6503,6,1683,3,17927
2,6503,7,1683,3,17928
2,6503,8,1683,3,17929
2,6503,9,1683,4,17930
2,6503,10,1683,18,17931
2,6503,11,1683,1,17932
2,6503,17,1683,2,17933
2,6503,18,1683,1,17934
2,6504,10,1683,7,17935
2,6505,10,1683,3,17936
2,6506,1,1683,1,17937
2,6507,10,1684,7,17938
2,6507,12,1684,1,17939
2,6507,18,1684,1,17940
2,6508,10,1685,4,17941
2,6508,18,1685,2,17942
2,6509,10,1685,3,17943
2,6510,10,1685,10,17944
2,6511,10,1685,1,17945
2,6512,10,1685,1,17946
2,6513,10,1685,3,17947
2,6514,10,1685,1,17948
2,6515,1,1685,1,17949
2,6515,10,1685,4,17950
2,6516,1,1686,1,17951
2,6516,10,1686,7,17952
2,6516,18,1686,1,17953
2,6517,1,1687,2,17954
2,6517,3,1687,3,17955
2,6517,4,1687,11,17956
2,6517,6,1687,3,17957
2,6517,7,1687,4,17958
2,6517,8,1687,4,17959
2,6517,9,1687,3,17960
2,6517,10,1687,18,17961
2,6517,11,1687,1,17962
2,6517,12,1687,1,17963
2,6517,18,1687,3,17964
2,6518,1,1688,1,17965
2,6518,10,1688,6,17966
2,6518,18,1688,2,17967
2,6519,10,1687,3,17968
2,6520,10,1687,1,17969
2,6521,1,1689,1,17970
2,6521,10,1689,4,17971
2,6521,18,1689,3,17972
2,6522,1,1688,1,17973
2,6522,10,1688,7,17974
2,6523,10,1690,2,17975
2,6524,10,1690,6,17976
2,6525,10,1690,5,17977
2,6526,10,1690,4,17978
2,6527,10,1690,1,17979
2,6528,1,1690,4,17980
2,6528,3,1690,24,17981
2,6528,4,1690,80,17982
2,6528,6,1690,8,17983
2,6528,7,1690,10,17984
2,6528,8,1690,10,17985
2,6528,9,1690,4,17986
2,6528,10,1690,46,17987
2,6528,11,1690,2,17988
2,6528,17,1690,5,17989
2,6528,18,1690,3,17990
2,6528,19,1690,18,17991
2,6528,23,1690,4,17992
2,6528,24,1690,28,17993
2,6528,25,1690,4,17994
2,6528,26,1690,8,17995
2,6528,27,1690,8,17996
2,6528,28,1690,27,17997
2,6528,37,1690,10,17998
2,6529,1,1690,1,17999
2,6529,3,1690,4,18000
2,6529,4,1690,16,18001
2,6529,6,1690,4,18002
2,6529,7,1690,6,18003
2,6529,8,1690,6,18004
2,6529,9,1690,6,18005
2,6529,10,1690,11,18006
2,6529,16,1690,1,18007
2,6529,17,1690,1,18008
2,6530,10,1690,1,18009
2,6531,20,1690,20,18010
2,6531,21,1690,2,18011
2,6532,1,1690,2,18012
2,6532,4,1690,36,18013
2,6532,6,1690,2,18014
2,6532,7,1690,6,18015
2,6532,8,1690,6,18016
2,6532,9,1690,4,18017
2,6532,10,1690,3,18018
2,6532,17,1690,3,18019
2,6532,19,1690,10,18020
2,6532,28,1690,16,18021
2,6533,1,1690,1,18022
2,6533,10,1690,1,18023
2,6533,24,1690,85,18024
2,6533,33,1690,20,18025
2,6533,36,1690,11,18026
2,6534,10,1690,27,18027
2,6535,1,1690,1,18028
2,6535,10,1690,1,18029
2,6535,23,1690,20,18030
2,6536,10,1690,10,18031
2,6537,10,1690,3,18032
2,6538,10,1690,5,18033
2,6539,1,1690,1,18034
2,6539,10,1690,1,18035
2,6540,10,1690,1,18036
2,6541,1,1690,1,18037
2,6541,10,1690,23,18038
2,6542,10,1690,8,18039
2,6543,10,1690,3,18040
2,6544,1,1691,2,18041
2,6544,3,1691,6,18042
2,6544,4,1691,19,18043
2,6544,6,1691,2,18044
2,6544,7,1691,2,18045
2,6544,8,1691,2,18046
2,6544,9,1691,2,18047
2,6544,10,1691,9,18048
2,6544,11,1691,1,18049
2,6544,12,1691,1,18050
2,6544,17,1691,1,18051
2,6544,18,1691,3,18052
2,6545,6,1692,3,18053
2,6545,7,1692,3,18054
2,6545,8,1692,3,18055
2,6545,9,1692,1,18056
2,6545,10,1692,8,18057
2,6545,18,1692,2,18058
2,6546,10,1693,2,18059
2,6547,10,1693,4,18060
2,6548,10,1693,2,18061
2,6549,1,1693,2,18062
2,6549,10,1693,30,18063
2,6550,18,1693,8,18064
2,6550,25,1693,1,18065
2,6551,10,1693,1,18066
2,6552,10,1693,1,18067
2,6553,10,1693,1,18068
2,6554,10,1693,1,18069
2,6555,1,1693,2,18070
2,6555,3,1693,4,18071
2,6555,4,1693,16,18072
2,6555,6,1693,4,18073
2,6555,7,1693,4,18074
2,6555,8,1693,6,18075
2,6555,9,1693,4,18076
2,6555,10,1693,23,18077
2,6555,11,1693,1,18078
2,6555,12,1693,1,18079
2,6555,17,1693,1,18080
2,6555,18,1693,2,18081
2,6555,25,1693,1,18082
2,6556,10,1693,1,18083
2,6557,10,1693,2,18084
2,6558,10,1693,16,18085
2,6559,10,1693,5,18086
2,6560,10,1693,5,18087
2,6561,10,1693,1,18088
2,6562,10,1693,2,18089
2,6563,10,1693,4,18090
2,6564,1,1693,2,18091
2,6564,10,1693,1,18092
2,6565,10,1693,5,18093
2,6566,10,1693,6,18094
2,6567,1,1694,2,18095
2,6567,10,1694,8,18096
2,6567,18,1694,1,18097
2,6568,10,1695,5,18098
2,6569,1,1695,1,18099
2,6569,10,1695,1,18100
2,6570,10,1695,6,18101
2,6571,1,1695,1,18102
2,6571,6,1695,4,18103
2,6571,7,1695,4,18104
2,6571,8,1695,5,18105
2,6571,9,1695,3,18106
2,6571,10,1695,23,18107
2,6572,1,1695,4,18108
2,6572,3,1695,25,18109
2,6572,4,1695,108,18110
2,6572,6,1695,11,18111
2,6572,7,1695,10,18112
2,6572,8,1695,15,18113
2,6572,9,1695,5,18114
2,6572,10,1695,50,18115
2,6572,11,1695,1,18116
2,6572,12,1695,1,18117
2,6572,17,1695,3,18118
2,6572,18,1695,1,18119
2,6572,19,1695,2,18120
2,6572,25,1695,3,18121
2,6572,28,1695,4,18122
2,6573,18,1695,8,18123
2,6573,25,1695,8,18124
2,6574,1,1695,1,18125
2,6574,3,1695,8,18126
2,6574,4,1695,24,18127
2,6574,6,1695,6,18128
2,6574,7,1695,6,18129
2,6574,8,1695,6,18130
2,6574,9,1695,4,18131
2,6574,10,1695,25,18132
2,6574,17,1695,2,18133
2,6574,19,1695,5,18134
2,6574,28,1695,7,18135
2,6575,10,1695,1,18136
2,6576,1,1695,3,18137
2,6576,4,1695,13,18138
2,6576,10,1695,46,18139
2,6576,17,1695,2,18140
2,6577,10,1696,3,18141
2,6578,1,1695,1,18142
2,6578,10,1695,7,18143
2,6579,1,1695,1,18144
2,6579,10,1695,3,18145
2,6579,20,1695,180,18146
2,6580,10,1695,1,18147
2,6581,1,1695,1,18148
2,6581,10,1695,1,18149
2,6581,40,1695,5,18150
2,6582,10,1695,4,18151
2,6583,1,1695,1,18152
2,6583,10,1695,3,18153
2,6584,10,1695,1,18154
2,6585,1,1695,1,18155
2,6585,10,1695,2,18156
2,6586,1,1695,1,18157
2,6586,10,1695,6,18158
2,6587,10,1695,1,18159
2,6588,10,1695,2,18160
2,6589,10,1695,3,18161
2,6590,10,1695,12,18162
2,6591,1,1695,1,18163
2,6591,10,1695,2,18164
2,6591,20,1695,38,18165
2,6592,10,1695,3,18166
2,6593,10,1695,5,18167
2,6594,10,1695,2,18168
2,6595,10,1695,1,18169
2,6596,10,1695,2,18170
2,6597,10,1695,1,18171
2,6597,12,1695,1,18172
2,6598,18,1695,5,18173
2,6599,10,1695,1,18174
2,6599,18,1695,1,18175
2,6600,18,1695,2,18176
2,6601,10,1695,1,18177
2,6602,1,1695,2,18178
2,6602,10,1695,2,18179
2,6603,1,1695,1,18180
2,6603,10,1695,2,18181
2,6604,10,1695,2,18182
2,6605,1,1695,1,18183
2,6606,1,1695,1,18184
2,6606,10,1695,9,18185
2,6607,1,1697,1,18186
2,6607,10,1697,2,18187
2,6607,18,1697,1,18188
2,6608,1,1698,1,18189
2,6608,10,1698,4,18190
2,6608,18,1698,1,18191
2,6609,1,1699,3,18192
2,6609,3,1699,3,18193
2,6609,4,1699,26,18194
2,6609,6,1699,1,18195
2,6609,7,1699,2,18196
2,6609,8,1699,1,18197
2,6609,9,1699,1,18198
2,6609,10,1699,10,18199
2,6609,11,1699,1,18200
2,6609,17,1699,2,18201
2,6609,18,1699,1,18202
2,6609,25,1699,1,18203
2,6610,1,1700,1,18204
2,6610,10,1700,2,18205
2,6611,10,1696,1,18206
2,6612,10,1696,5,18207
2,6613,10,1696,4,18208
2,6614,1,1696,2,18209
2,6614,10,1696,22,18210
2,6615,10,1696,5,18211
2,6616,1,1696,2,18212
2,6616,4,1696,51,18213
2,6616,6,1696,4,18214
2,6616,7,1696,5,18215
2,6616,8,1696,5,18216
2,6616,9,1696,4,18217
2,6616,10,1696,20,18218
2,6616,17,1696,3,18219
2,6616,19,1696,1,18220
2,6616,28,1696,14,18221
2,6617,1,1696,2,18222
2,6617,10,1696,2,18223
2,6618,1,1696,1,18224
2,6618,4,1696,26,18225
2,6618,6,1696,3,18226
2,6618,7,1696,4,18227
2,6618,8,1696,4,18228
2,6618,9,1696,3,18229
2,6618,10,1696,8,18230
2,6618,17,1696,2,18231
2,6618,18,1696,1,18232
2,6618,25,1696,1,18233
2,6619,1,1696,1,18234
2,6619,10,1696,5,18235
2,6619,23,1696,31,18236
2,6620,10,1696,4,18237
2,6621,1,1696,3,18238
2,6621,10,1696,7,18239
2,6621,17,1696,2,18240
2,6622,10,1696,3,18241
2,6623,10,1696,1,18242
2,6623,18,1696,1,18243
2,6623,25,1696,1,18244
2,6624,10,1696,8,18245
2,6625,10,1696,2,18246
2,6625,23,1696,30,18247
2,6626,10,1696,1,18248
2,6627,10,1696,3,18249
2,6628,10,1696,6,18250
2,6629,10,1696,1,18251
2,6630,10,1696,1,18252
2,6631,10,1696,1,18253
2,6632,10,1696,4,18254
2,6633,10,1696,1,18255
2,6634,10,1696,1,18256
2,6635,10,1696,4,18257
2,6635,12,1696,1,18258
2,6636,1,1696,2,18259
2,6636,3,1696,9,18260
2,6636,4,1696,96,18261
2,6636,6,1696,7,18262
2,6636,7,1696,17,18263
2,6636,8,1696,18,18264
2,6636,9,1696,5,18265
2,6636,10,1696,47,18266
2,6636,11,1696,1,18267
2,6636,17,1696,4,18268
2,6636,18,1696,2,18269
2,6636,19,1696,3,18270
2,6636,24,1696,6,18271
2,6636,25,1696,1,18272
2,6636,26,1696,3,18273
2,6636,27,1696,5,18274
2,6636,28,1696,14,18275
2,6636,29,1696,5,18276
2,6636,38,1696,2,18277
2,6636,47,1696,1,18278
2,6636,48,1696,2,18279
2,6636,52,1696,1,18280
2,6636,53,1696,4,18281
2,6637,18,1696,3,18282
2,6638,10,1696,1,18283
2,6639,10,1696,2,18284
2,6639,20,1696,50,18285
2,6639,24,1696,29,18286
2,6639,33,1696,2,18287
2,6640,10,1696,9,18288
2,6640,16,1696,1,18289
2,6640,17,1696,1,18290
2,6641,24,1696,49,18291
2,6642,10,1696,2,18292
2,6643,1,1696,1,18293
2,6643,3,1696,13,18294
2,6643,4,1696,68,18295
2,6643,6,1696,8,18296
2,6643,7,1696,19,18297
2,6643,8,1696,16,18298
2,6643,9,1696,4,18299
2,6643,10,1696,25,18300
2,6643,11,1696,2,18301
2,6643,16,1696,3,18302
2,6643,17,1696,1,18303
2,6643,19,1696,1,18304
2,6643,23,1696,7,18305
2,6643,26,1696,2,18306
2,6643,27,1696,2,18307
2,6643,28,1696,24,18308
2,6643,29,1696,4,18309
2,6643,47,1696,3,18310
2,6643,48,1696,1,18311
2,6644,1,1696,1,18312
2,6644,10,1696,2,18313
2,6645,1,1696,1,18314
2,6645,10,1696,3,18315
2,6646,10,1696,1,18316
2,6647,10,1696,2,18317
2,6647,12,1696,2,18318
2,6648,10,1696,1,18319
2,6649,1,1696,1,18320
2,6649,10,1696,1,18321
2,6650,1,1696,1,18322
2,6650,10,1696,4,18323
2,6650,17,1696,1,18324
2,6651,10,1696,11,18325
2,6652,1,1696,1,18326
2,6652,10,1696,6,18327
2,6653,1,1696,1,18328
2,6653,6,1696,1,18329
2,6653,7,1696,2,18330
2,6653,8,1696,3,18331
2,6653,9,1696,3,18332
2,6653,10,1696,19,18333
2,6654,1,1696,1,18334
2,6654,10,1696,11,18335
2,6655,10,1696,4,18336
2,6656,1,1701,1,18337
2,6656,10,1701,5,18338
2,6657,1,1702,1,18339
2,6657,3,1702,1,18340
2,6657,4,1702,6,18341
2,6657,6,1702,2,18342
2,6657,7,1702,3,18343
2,6657,8,1702,3,18344
2,6657,9,1702,1,18345
2,6657,10,1702,6,18346
2,6657,11,1702,1,18347
2,6657,18,1702,2,18348
2,6658,10,1702,1,18349
2,6659,10,1703,3,18350
2,6660,1,1703,1,18351
2,6660,3,1703,4,18352
2,6660,4,1703,16,18353
2,6660,6,1703,3,18354
2,6660,7,1703,4,18355
2,6660,8,1703,4,18356
2,6660,9,1703,2,18357
2,6660,10,1703,19,18358
2,6660,11,1703,1,18359
2,6660,12,1703,1,18360
2,6660,17,1703,1,18361
2,6660,18,1703,4,18362
2,6661,10,1703,2,18363
2,6662,10,1703,1,18364
2,6663,10,1703,4,18365
2,6664,1,1704,1,18366
2,6664,6,1704,2,18367
2,6664,7,1704,1,18368
2,6664,8,1704,1,18369
2,6664,9,1704,2,18370
2,6664,10,1704,6,18371
2,6664,12,1704,1,18372
2,6664,18,1704,1,18373
2,6665,10,1705,4,18374
2,6665,18,1705,1,18375
2,6666,1,1706,1,18376
2,6666,3,1706,2,18377
2,6666,4,1706,7,18378
2,6666,6,1706,1,18379
2,6666,8,1706,1,18380
2,6666,9,1706,1,18381
2,6666,10,1706,7,18382
2,6666,11,1706,1,18383
2,6666,12,1706,1,18384
2,6666,18,1706,2,18385
2,6667,10,1706,1,18386
2,6667,20,1706,4,18387
2,6668,20,1706,10,18388
2,6669,10,1707,4,18389
2,6669,18,1707,1,18390
2,6670,1,1708,1,18391
2,6670,10,1708,5,18392
2,6670,18,1708,2,18393
2,6671,1,1709,1,18394
2,6671,10,1709,6,18395
2,6671,18,1709,1,18396
2,6672,10,1710,5,18397
2,6672,18,1710,2,18398
2,6673,1,1711,1,18399
2,6673,3,1711,1,18400
2,6673,4,1711,4,18401
2,6673,7,1711,1,18402
2,6673,8,1711,1,18403
2,6673,9,1711,1,18404
2,6673,10,1711,1,18405
2,6673,18,1711,2,18406
2,6674,10,1712,1,18407
2,6675,10,1712,3,18408
2,6676,1,1712,1,18409
2,6676,6,1712,3,18410
2,6676,7,1712,2,18411
2,6676,8,1712,2,18412
2,6676,9,1712,1,18413
2,6676,10,1712,8,18414
2,6676,18,1712,2,18415
2,6677,1,1713,1,18416
2,6677,10,1713,14,18417
2,6678,1,1713,1,18418
2,6678,10,1713,6,18419
2,6679,1,1713,3,18420
2,6679,3,1713,9,18421
2,6679,4,1713,53,18422
2,6679,6,1713,5,18423
2,6679,7,1713,6,18424
2,6679,8,1713,8,18425
2,6679,9,1713,2,18426
2,6679,10,1713,27,18427
2,6679,11,1713,1,18428
2,6679,17,1713,3,18429
2,6679,18,1713,2,18430
2,6679,25,1713,2,18431
2,6680,10,1713,1,18432
2,6681,10,1713,2,18433
2,6682,10,1713,6,18434
2,6683,10,1713,3,18435
2,6684,10,1713,3,18436
2,6685,1,1713,1,18437
2,6685,10,1713,6,18438
2,6686,10,1713,4,18439
2,6687,1,1714,1,18440
2,6687,3,1714,4,18441
2,6687,4,1714,8,18442
2,6687,6,1714,1,18443
2,6687,7,1714,2,18444
2,6687,8,1714,2,18445
2,6687,9,1714,1,18446
2,6687,10,1714,10,18447
2,6687,11,1714,1,18448
2,6687,12,1714,1,18449
2,6687,18,1714,4,18450
2,6688,1,1715,1,18451
2,6688,10,1715,2,18452
2,6689,1,1715,1,18453
2,6689,10,1715,2,18454
2,6689,18,1715,1,18455
2,6690,10,1716,7,18456
2,6691,1,1716,1,18457
2,6691,3,1716,3,18458
2,6691,4,1716,10,18459
2,6691,6,1716,1,18460
2,6691,7,1716,4,18461
2,6691,8,1716,4,18462
2,6691,9,1716,2,18463
2,6691,10,1716,11,18464
2,6691,11,1716,1,18465
2,6691,17,1716,2,18466
2,6691,18,1716,2,18467
2,6692,1,1717,1,18468
2,6692,10,1717,5,18469
2,6692,18,1717,1,18470
2,6693,1,1718,1,18471
2,6693,10,1718,3,18472
2,6693,18,1718,1,18473
2,6694,10,1719,4,18474
2,6695,10,1719,2,18475
2,6696,10,1719,1,18476
2,6697,10,1719,1,18477
2,6697,18,1719,2,18478
2,6697,25,1719,1,18479
2,6698,1,1719,2,18480
2,6698,3,1719,9,18481
2,6698,4,1719,21,18482
2,6698,6,1719,1,18483
2,6698,7,1719,3,18484
2,6698,8,1719,3,18485
2,6698,9,1719,4,18486
2,6698,10,1719,25,18487
2,6698,11,1719,1,18488
2,6698,17,1719,2,18489
2,6698,18,1719,5,18490
2,6699,1,1719,1,18491
2,6699,10,1719,25,18492
2,6700,18,1719,7,18493
2,6700,25,1719,14,18494
2,6701,10,1719,3,18495
2,6702,10,1719,3,18496
2,6703,10,1719,1,18497
2,6704,25,1719,1,18498
2,6705,12,1719,1,18499
2,6705,18,1719,1,18500
2,6705,25,1719,1,18501
2,6706,10,1719,2,18502
2,6707,10,1719,6,18503
2,6708,10,1719,5,18504
2,6709,1,1719,1,18505
2,6709,10,1719,9,18506
2,6710,1,1720,1,18507
2,6710,10,1720,2,18508
2,6710,18,1720,1,18509
2,6711,10,1721,1,18510
2,6712,1,1722,2,18511
2,6712,3,1722,2,18512
2,6712,4,1722,5,18513
2,6712,6,1722,1,18514
2,6712,7,1722,1,18515
2,6712,8,1722,2,18516
2,6712,9,1722,2,18517
2,6712,10,1722,7,18518
2,6712,11,1722,1,18519
2,6712,18,1722,1,18520
2,6712,25,1722,1,18521
2,6713,10,1721,3,18522
2,6714,10,1721,1,18523
2,6715,1,1721,4,18524
2,6715,2,1721,3,18525
2,6715,3,1721,4,18526
2,6715,4,1721,9,18527
2,6715,6,1721,4,18528
2,6715,7,1721,3,18529
2,6715,8,1721,3,18530
2,6715,9,1721,6,18531
2,6715,10,1721,18,18532
2,6715,17,1721,2,18533
2,6715,18,1721,3,18534
2,6715,25,1721,2,18535
2,6716,1,1723,2,18536
2,6716,10,1723,7,18537
2,6716,18,1723,2,18538
2,6717,1,1721,2,18539
2,6717,10,1721,1,18540
2,6718,10,1721,5,18541
2,6719,10,1721,1,18542
2,6720,10,1721,7,18543
2,6721,10,1721,5,18544
2,6722,10,1721,5,18545
2,6723,10,1721,1,18546
2,6724,10,1721,1,18547
2,6725,10,1721,1,18548
2,6726,1,1721,1,18549
2,6726,10,1721,4,18550
2,6727,1,1721,3,18551
2,6727,10,1721,22,18552
2,6728,10,1724,4,18553
2,6728,18,1724,1,18554
2,6729,1,1725,2,18555
2,6729,3,1725,8,18556
2,6729,4,1725,14,18557
2,6729,6,1725,3,18558
2,6729,7,1725,3,18559
2,6729,8,1725,2,18560
2,6729,9,1725,2,18561
2,6729,10,1725,7,18562
2,6729,11,1725,1,18563
2,6729,12,1725,1,18564
2,6729,18,1725,2,18565
2,6730,10,1726,8,18566
2,6730,18,1726,1,18567
2,6731,1,1727,1,18568
2,6731,10,1727,7,18569
2,6731,18,1727,1,18570
2,6732,10,1728,6,18571
2,6732,18,1728,1,18572
2,6733,10,1729,2,18573
2,6734,1,1729,8,18574
2,6734,2,1729,3,18575
2,6734,3,1729,9,18576
2,6734,4,1729,47,18577
2,6734,6,1729,2,18578
2,6734,7,1729,8,18579
2,6734,8,1729,12,18580
2,6734,9,1729,3,18581
2,6734,10,1729,26,18582
2,6734,11,1729,1,18583
2,6734,17,1729,2,18584
2,6734,18,1729,6,18585
2,6734,19,1729,6,18586
2,6734,23,1729,3,18587
2,6734,25,1729,1,18588
2,6734,28,1729,11,18589
2,6735,10,1729,2,18590
2,6736,1,1730,1,18591
2,6736,10,1730,6,18592
2,6736,18,1730,1,18593
2,6737,1,1731,1,18594
2,6737,6,1731,1,18595
2,6737,7,1731,1,18596
2,6737,8,1731,2,18597
2,6737,9,1731,2,18598
2,6737,10,1731,6,18599
2,6737,18,1731,1,18600
2,6738,10,1732,4,18601
2,6738,18,1732,1,18602
2,6739,1,1733,1,18603
2,6739,3,1733,2,18604
2,6739,4,1733,9,18605
2,6739,6,1733,2,18606
2,6739,7,1733,3,18607
2,6739,8,1733,3,18608
2,6739,9,1733,1,18609
2,6739,10,1733,11,18610
2,6739,11,1733,1,18611
2,6739,18,1733,3,18612
2,6740,10,1733,3,18613
2,6741,10,1734,6,18614
2,6741,18,1734,1,18615
2,6742,1,1735,1,18616
2,6742,10,1735,8,18617
2,6742,18,1735,1,18618
2,6743,10,1736,9,18619
2,6743,18,1736,1,18620
2,6744,10,1737,17,18621
2,6744,18,1737,1,18622
2,6745,1,1738,1,18623
2,6745,10,1738,6,18624
2,6745,12,1738,1,18625
2,6745,18,1738,1,18626
2,6746,20,1739,20,18627
2,6747,1,1739,1,18628
2,6747,4,1739,4,18629
2,6747,7,1739,1,18630
2,6747,8,1739,1,18631
2,6747,9,1739,1,18632
2,6747,10,1739,13,18633
2,6747,11,1739,1,18634
2,6747,18,1739,2,18635
2,6748,20,1739,16,18636
2,6749,1,1740,1,18637
2,6749,10,1740,6,18638
2,6749,18,1740,1,18639
2,6750,1,1741,1,18640
2,6750,10,1741,6,18641
2,6750,12,1741,1,18642
2,6750,18,1741,1,18643
2,6751,1,1742,1,18644
2,6751,6,1742,2,18645
2,6751,7,1742,2,18646
2,6751,8,1742,2,18647
2,6751,9,1742,1,18648
2,6751,10,1742,6,18649
2,6751,18,1742,1,18650
2,6752,1,1743,1,18651
2,6752,3,1743,2,18652
2,6752,4,1743,4,18653
2,6752,7,1743,2,18654
2,6752,8,1743,2,18655
2,6752,9,1743,1,18656
2,6752,10,1743,16,18657
2,6752,12,1743,2,18658
2,6752,18,1743,3,18659
2,6753,1,1744,1,18660
2,6753,3,1744,3,18661
2,6753,4,1744,11,18662
2,6753,6,1744,1,18663
2,6753,7,1744,1,18664
2,6753,8,1744,1,18665
2,6753,9,1744,1,18666
2,6753,10,1744,6,18667
2,6753,11,1744,1,18668
2,6753,18,1744,2,18669
2,6754,1,1745,1,18670
2,6754,3,1745,5,18671
2,6754,4,1745,9,18672
2,6754,6,1745,3,18673
2,6754,7,1745,2,18674
2,6754,8,1745,4,18675
2,6754,9,1745,3,18676
2,6754,10,1745,5,18677
2,6754,11,1745,1,18678
2,6754,18,1745,2,18679
2,6755,10,1745,1,18680
2,6756,4,1746,6,18681
2,6756,7,1746,4,18682
2,6756,8,1746,5,18683
2,6756,9,1746,1,18684
2,6756,10,1746,1,18685
2,6756,17,1746,1,18686
2,6756,18,1746,1,18687
2,6757,10,1746,4,18688
2,6758,10,1746,5,18689
2,6759,1,1746,1,18690
2,6759,10,1746,12,18691
2,6759,18,1746,1,18692
2,6760,1,1746,1,18693
2,6760,10,1746,2,18694
2,6761,10,1747,1,18695
2,6762,1,1747,3,18696
2,6762,2,1747,1,18697
2,6762,3,1747,2,18698
2,6762,4,1747,11,18699
2,6762,6,1747,1,18700
2,6762,7,1747,3,18701
2,6762,8,1747,3,18702
2,6762,9,1747,2,18703
2,6762,10,1747,15,18704
2,6762,12,1747,1,18705
2,6762,18,1747,3,18706
2,6763,1,1747,1,18707
2,6763,10,1747,7,18708
2,6764,1,1748,1,18709
2,6764,10,1748,6,18710
2,6764,18,1748,1,18711
2,6765,10,1749,4,18712
2,6766,10,1749,2,18713
2,6767,10,1749,2,18714
2,6768,10,1749,5,18715
2,6769,10,1749,2,18716
2,6770,1,1749,1,18717
2,6770,10,1749,32,18718
2,6771,10,1749,3,18719
2,6772,1,1749,2,18720
2,6772,10,1749,23,18721
2,6773,1,1749,1,18722
2,6773,10,1749,6,18723
2,6773,23,1749,46,18724
2,6774,10,1749,1,18725
2,6775,10,1749,20,18726
2,6776,1,1749,2,18727
2,6776,4,1749,25,18728
2,6776,7,1749,4,18729
2,6776,8,1749,4,18730
2,6776,9,1749,2,18731
2,6776,10,1749,8,18732
2,6776,14,1749,2,18733
2,6776,17,1749,2,18734
2,6776,44,1749,10,18735
2,6777,10,1749,42,18736
2,6777,18,1749,2,18737
2,6778,1,1749,2,18738
2,6778,10,1749,47,18739
2,6779,10,1749,6,18740
2,6780,1,1749,5,18741
2,6780,3,1749,21,18742
2,6780,4,1749,31,18743
2,6780,6,1749,6,18744
2,6780,7,1749,10,18745
2,6780,8,1749,10,18746
2,6780,9,1749,4,18747
2,6780,10,1749,42,18748
2,6780,11,1749,1,18749
2,6780,17,1749,2,18750
2,6780,18,1749,5,18751
2,6780,25,1749,2,18752
2,6781,1,1749,3,18753
2,6781,6,1749,2,18754
2,6781,7,1749,7,18755
2,6781,8,1749,6,18756
2,6781,9,1749,12,18757
2,6781,10,1749,39,18758
2,6782,10,1749,6,18759
2,6783,18,1749,6,18760
2,6783,25,1749,2,18761
2,6784,10,1749,1,18762
2,6785,10,1749,3,18763
2,6786,1,1749,1,18764
2,6787,1,1749,1,18765
2,6787,10,1749,1,18766
2,6788,1,1749,1,18767
2,6788,10,1749,1,18768
2,6789,1,1749,1,18769
2,6789,10,1749,8,18770
2,6790,12,1749,1,18771
2,6791,10,1749,3,18772
2,6792,10,1749,1,18773
2,6793,10,1749,11,18774
2,6794,1,1749,1,18775
2,6794,10,1749,25,18776
2,6795,10,1749,6,18777
2,6796,10,1749,1,18778
2,6797,10,1749,1,18779
2,6798,10,1749,5,18780
2,6798,12,1749,1,18781
2,6799,1,1749,1,18782
2,6799,10,1749,3,18783
2,6799,12,1749,1,18784
2,6800,1,1749,13,18785
2,6800,3,1749,26,18786
2,6800,4,1749,130,18787
2,6800,6,1749,5,18788
2,6800,7,1749,14,18789
2,6800,8,1749,12,18790
2,6800,9,1749,2,18791
2,6800,17,1749,5,18792
2,6800,19,1749,11,18793
2,6800,23,1749,37,18794
2,6800,26,1749,8,18795
2,6800,27,1749,8,18796
2,6800,28,1749,51,18797
2,6800,29,1749,8,18798
2,6800,47,1749,2,18799
2,6800,48,1749,10,18800
2,6801,10,1749,3,18801
2,6802,18,1749,5,18802
2,6803,10,1749,6,18803
2,6804,10,1749,11,18804
2,6805,10,1749,2,18805
2,6806,10,1749,1,18806
2,6807,10,1749,5,18807
2,6808,10,1749,5,18808
2,6809,10,1749,2,18809
2,6810,10,1749,2,18810
2,6811,1,1750,1,18811
2,6811,10,1750,8,18812
2,6812,1,1750,3,18813
2,6812,3,1750,4,18814
2,6812,4,1750,12,18815
2,6812,6,1750,2,18816
2,6812,7,1750,4,18817
2,6812,8,1750,4,18818
2,6812,9,1750,4,18819
2,6812,10,1750,12,18820
2,6812,11,1750,1,18821
2,6812,18,1750,3,18822
2,6812,25,1750,1,18823
2,6813,1,1751,1,18824
2,6813,2,1751,2,18825
2,6813,3,1751,2,18826
2,6813,4,1751,4,18827
2,6813,6,1751,3,18828
2,6813,7,1751,3,18829
2,6813,8,1751,3,18830
2,6813,9,1751,2,18831
2,6813,10,1751,4,18832
2,6813,11,1751,1,18833
2,6813,12,1751,1,18834
2,6813,18,1751,4,18835
2,6814,10,1750,2,18836
2,6814,20,1750,17,18837
2,6814,21,1750,2,18838
2,6815,1,1752,1,18839
2,6815,10,1752,8,18840
2,6815,12,1752,1,18841
2,6815,18,1752,1,18842
2,6816,10,1752,1,18843
2,6816,40,1752,35,18844
2,6816,55,1752,5,18845
2,6817,10,1752,1,18846
2,6818,10,1753,2,18847
2,6819,1,1753,1,18848
2,6819,3,1753,3,18849
2,6819,4,1753,7,18850
2,6819,6,1753,3,18851
2,6819,7,1753,2,18852
2,6819,8,1753,2,18853
2,6819,9,1753,2,18854
2,6819,10,1753,4,18855
2,6819,11,1753,1,18856
2,6819,12,1753,1,18857
2,6819,18,1753,1,18858
2,6820,10,1753,7,18859
2,6820,12,1753,1,18860
2,6821,1,1754,1,18861
2,6821,10,1754,3,18862
2,6821,18,1754,1,18863
2,6822,1,1755,1,18864
2,6822,10,1755,6,18865
2,6822,18,1755,1,18866
2,6823,1,1756,1,18867
2,6823,10,1756,6,18868
2,6823,18,1756,1,18869
2,6824,10,1757,5,18870
2,6825,1,1757,2,18871
2,6825,3,1757,4,18872
2,6825,4,1757,13,18873
2,6825,6,1757,3,18874
2,6825,7,1757,2,18875
2,6825,8,1757,3,18876
2,6825,9,1757,2,18877
2,6825,10,1757,6,18878
2,6825,11,1757,1,18879
2,6825,12,1757,1,18880
2,6825,18,1757,2,18881
2,6826,20,1757,20,18882
2,6827,1,1758,1,18883
2,6827,6,1758,2,18884
2,6827,7,1758,2,18885
2,6827,8,1758,2,18886
2,6827,9,1758,1,18887
2,6827,10,1758,6,18888
2,6827,18,1758,2,18889
2,6828,10,1759,7,18890
2,6829,10,1760,1,18891
2,6830,1,1760,1,18892
2,6830,10,1760,8,18893
2,6830,17,1760,1,18894
2,6831,1,1760,1,18895
2,6831,3,1760,5,18896
2,6831,4,1760,9,18897
2,6831,6,1760,3,18898
2,6831,7,1760,4,18899
2,6831,8,1760,5,18900
2,6831,9,1760,3,18901
2,6831,10,1760,6,18902
2,6831,11,1760,1,18903
2,6831,18,1760,2,18904
2,6832,10,1760,1,18905
2,6833,10,1761,6,18906
2,6833,18,1761,1,18907
2,6834,1,1762,1,18908
2,6834,10,1762,4,18909
2,6835,1,1763,3,18910
2,6835,3,1763,6,18911
2,6835,4,1763,15,18912
2,6835,5,1763,1,18913
2,6835,6,1763,2,18914
2,6835,7,1763,3,18915
2,6835,8,1763,4,18916
2,6835,9,1763,2,18917
2,6835,10,1763,7,18918
2,6835,11,1763,1,18919
2,6835,12,1763,1,18920
2,6835,17,1763,1,18921
2,6835,18,1763,2,18922
2,6836,10,1764,2,18923
2,6837,10,1764,3,18924
2,6838,10,1764,1,18925
2,6839,10,1764,1,18926
2,6840,1,1764,1,18927
2,6840,10,1764,11,18928
2,6841,10,1764,11,18929
2,6842,10,1764,1,18930
2,6843,10,1764,3,18931
2,6844,1,1764,2,18932
2,6844,4,1764,7,18933
2,6844,6,1764,2,18934
2,6844,7,1764,2,18935
2,6844,8,1764,2,18936
2,6844,9,1764,2,18937
2,6844,10,1764,8,18938
2,6844,17,1764,1,18939
2,6844,18,1764,1,18940
2,6844,19,1764,2,18941
2,6844,44,1764,10,18942
2,6845,10,1764,3,18943
2,6846,1,1765,1,18944
2,6846,10,1765,5,18945
2,6846,18,1765,1,18946
2,6847,1,1766,2,18947
2,6847,10,1766,4,18948
2,6847,18,1766,1,18949
2,6848,10,1766,2,18950
2,6848,18,1766,1,18951
2,6849,1,1767,1,18952
2,6849,10,1767,2,18953
2,6849,12,1767,1,18954
2,6849,18,1767,1,18955
2,6850,6,1768,2,18956
2,6850,7,1768,2,18957
2,6850,8,1768,2,18958
2,6850,9,1768,1,18959
2,6850,10,1768,5,18960
2,6850,18,1768,2,18961
2,6851,10,1769,1,18962
2,6852,1,1769,1,18963
2,6852,10,1769,2,18964
2,6852,18,1769,1,18965
2,6853,1,1770,1,18966
2,6853,10,1770,6,18967
2,6853,18,1770,1,18968
2,6854,1,1771,1,18969
2,6854,3,1771,2,18970
2,6854,4,1771,6,18971
2,6854,6,1771,2,18972
2,6854,7,1771,2,18973
2,6854,8,1771,2,18974
2,6854,9,1771,1,18975
2,6854,10,1771,6,18976
2,6854,18,1771,2,18977
2,6855,1,1772,1,18978
2,6855,6,1772,1,18979
2,6855,7,1772,2,18980
2,6855,8,1772,2,18981
2,6855,9,1772,1,18982
2,6855,10,1772,4,18983
2,6855,18,1772,2,18984
2,6856,10,1773,1,18985
2,6857,10,1773,3,18986
2,6858,10,1773,4,18987
2,6859,1,1773,1,18988
2,6859,10,1773,11,18989
2,6860,1,1773,1,18990
2,6860,10,1773,6,18991
2,6861,10,1773,1,18992
2,6862,1,1773,3,18993
2,6862,3,1773,16,18994
2,6862,4,1773,55,18995
2,6862,6,1773,4,18996
2,6862,7,1773,5,18997
2,6862,8,1773,5,18998
2,6862,10,1773,14,18999
2,6862,11,1773,1,19000
2,6862,17,1773,2,19001
2,6862,19,1773,7,19002
2,6862,25,1773,1,19003
2,6863,1,1773,1,19004
2,6863,10,1773,1,19005
2,6864,1,1773,2,19006
2,6864,10,1773,27,19007
2,6864,17,1773,1,19008
2,6865,1,1773,1,19009
2,6865,10,1773,1,19010
2,6866,10,1773,1,19011
2,6867,10,1773,1,19012
2,6868,10,1773,1,19013
2,6869,1,1773,1,19014
2,6869,10,1773,1,19015
2,6870,1,1773,3,19016
2,6870,10,1773,4,19017
2,6871,10,1773,5,19018
2,6872,10,1773,4,19019
2,6873,10,1773,3,19020
2,6874,10,1773,6,19021
2,6875,1,1774,1,19022
2,6875,10,1774,5,19023
2,6875,18,1774,1,19024
2,6876,1,1775,1,19025
2,6876,6,1775,1,19026
2,6876,7,1775,1,19027
2,6876,8,1775,1,19028
2,6876,9,1775,1,19029
2,6876,10,1775,3,19030
2,6876,18,1775,1,19031
2,6877,1,1776,2,19032
2,6877,10,1776,5,19033
2,6878,10,1777,3,19034
2,6879,10,1777,3,19035
2,6880,10,1777,6,19036
2,6881,1,1777,1,19037
2,6881,10,1777,7,19038
2,6882,1,1777,2,19039
2,6882,3,1777,3,19040
2,6882,4,1777,37,19041
2,6882,6,1777,3,19042
2,6882,7,1777,3,19043
2,6882,8,1777,6,19044
2,6882,9,1777,4,19045
2,6882,10,1777,19,19046
2,6882,11,1777,1,19047
2,6882,17,1777,1,19048
2,6882,18,1777,3,19049
2,6882,25,1777,1,19050
2,6883,1,1777,1,19051
2,6883,10,1777,12,19052
2,6884,10,1777,4,19053
2,6885,1,1777,1,19054
2,6886,10,1777,1,19055
2,6887,10,1777,1,19056
2,6888,1,1778,1,19057
2,6888,3,1778,2,19058
2,6888,4,1778,7,19059
2,6888,6,1778,1,19060
2,6888,7,1778,2,19061
2,6888,8,1778,2,19062
2,6888,9,1778,2,19063
2,6888,10,1778,8,19064
2,6888,11,1778,2,19065
2,6888,12,1778,1,19066
2,6888,18,1778,2,19067
2,6889,10,1779,2,19068
2,6890,1,1779,1,19069
2,6890,3,1779,2,19070
2,6890,4,1779,6,19071
2,6890,6,1779,3,19072
2,6890,7,1779,3,19073
2,6890,8,1779,1,19074
2,6890,9,1779,1,19075
2,6890,10,1779,7,19076
2,6890,11,1779,1,19077
2,6890,18,1779,3,19078
2,6891,1,1780,1,19079
2,6891,10,1780,7,19080
2,6891,18,1780,1,19081
2,6892,10,1776,1,19082
2,6893,10,1776,18,19083
2,6894,1,1776,1,19084
2,6895,10,1776,3,19085
2,6896,10,1776,5,19086
2,6897,10,1776,1,19087
2,6898,1,1776,1,19088
2,6898,10,1776,33,19089
2,6899,10,1776,4,19090
2,6900,10,1776,2,19091
2,6901,1,1776,1,19092
2,6901,10,1776,16,19093
2,6902,1,1776,1,19094
2,6902,10,1776,8,19095
2,6903,1,1776,1,19096
2,6903,10,1776,4,19097
2,6904,1,1776,1,19098
2,6905,10,1776,7,19099
2,6906,1,1776,1,19100
2,6906,10,1776,4,19101
2,6906,23,1776,26,19102
2,6907,1,1776,1,19103
2,6907,4,1776,15,19104
2,6907,10,1776,2,19105
2,6907,17,1776,1,19106
2,6907,19,1776,13,19107
2,6907,25,1776,1,19108
2,6907,28,1776,8,19109
2,6908,10,1776,1,19110
2,6909,1,1776,8,19111
2,6909,3,1776,46,19112
2,6909,4,1776,152,19113
2,6909,6,1776,8,19114
2,6909,7,1776,15,19115
2,6909,8,1776,15,19116
2,6909,9,1776,11,19117
2,6909,10,1776,55,19118
2,6909,11,1776,2,19119
2,6909,12,1776,1,19120
2,6909,17,1776,5,19121
2,6909,18,1776,1,19122
2,6909,19,1776,8,19123
2,6909,25,1776,3,19124
2,6909,26,1776,8,19125
2,6909,27,1776,11,19126
2,6909,28,1776,12,19127
2,6909,29,1776,7,19128
2,6909,37,1776,6,19129
2,6910,1,1776,2,19130
2,6910,10,1776,18,19131
2,6911,10,1776,4,19132
2,6912,12,1776,5,19133
2,6913,10,1776,1,19134
2,6914,10,1776,2,19135
2,6915,10,1776,1,19136
2,6916,10,1776,2,19137
2,6917,1,1781,1,19138
2,6917,2,1781,1,19139
2,6917,3,1781,2,19140
2,6917,4,1781,2,19141
2,6917,6,1781,1,19142
2,6917,7,1781,1,19143
2,6917,8,1781,1,19144
2,6917,9,1781,1,19145
2,6917,10,1781,3,19146
2,6917,11,1781,1,19147
2,6917,18,1781,1,19148
2,6918,10,1782,5,19149
2,6919,10,1782,2,19150
2,6920,10,1782,1,19151
2,6921,1,1782,2,19152
2,6921,2,1782,1,19153
2,6921,3,1782,13,19154
2,6921,4,1782,14,19155
2,6921,6,1782,2,19156
2,6921,7,1782,4,19157
2,6921,8,1782,4,19158
2,6921,9,1782,1,19159
2,6921,10,1782,9,19160
2,6921,11,1782,1,19161
2,6921,17,1782,1,19162
2,6921,18,1782,1,19163
2,6922,1,1782,1,19164
2,6922,10,1782,1,19165
2,6923,10,1782,3,19166
2,6924,1,1783,1,19167
2,6924,2,1783,2,19168
2,6924,3,1783,1,19169
2,6924,4,1783,1,19170
2,6924,7,1783,3,19171
2,6924,8,1783,1,19172
2,6924,9,1783,2,19173
2,6924,10,1783,2,19174
2,6924,11,1783,1,19175
2,6924,18,1783,1,19176
2,6925,1,1784,1,19177
2,6925,2,1784,1,19178
2,6925,3,1784,2,19179
2,6925,4,1784,6,19180
2,6925,9,1784,1,19181
2,6925,10,1784,6,19182
2,6925,11,1784,1,19183
2,6925,18,1784,2,19184
2,6926,1,1785,1,19185
2,6926,3,1785,2,19186
2,6926,4,1785,7,19187
2,6926,9,1785,1,19188
2,6926,10,1785,6,19189
2,6926,18,1785,1,19190
2,6927,1,1786,1,19191
2,6927,3,1786,1,19192
2,6927,4,1786,4,19193
2,6927,9,1786,1,19194
2,6927,10,1786,6,19195
2,6927,18,1786,1,19196
2,6928,1,1787,1,19197
2,6928,3,1787,23,19198
2,6928,4,1787,47,19199
2,6928,5,1787,11,19200
2,6928,6,1787,6,19201
2,6928,7,1787,7,19202
2,6928,8,1787,7,19203
2,6928,9,1787,4,19204
2,6928,10,1787,11,19205
2,6928,11,1787,1,19206
2,6928,17,1787,2,19207
2,6928,18,1787,1,19208
2,6928,19,1787,10,19209
2,6928,25,1787,2,19210
2,6929,1,1787,5,19211
2,6929,10,1787,21,19212
2,6929,18,1787,4,19213
2,6930,10,1787,13,19214
2,6931,10,1787,1,19215
2,6932,10,1787,1,19216
2,6933,10,1787,1,19217
2,6934,1,1787,1,19218
2,6934,10,1787,8,19219
2,6935,10,1787,1,19220
2,6936,10,1787,4,19221
2,6937,1,1787,1,19222
2,6937,10,1787,8,19223
2,6938,10,1787,1,19224
2,6939,10,1787,3,19225
2,6940,10,1787,1,19226
2,6941,10,1787,3,19227
2,6942,1,1787,1,19228
2,6942,10,1787,3,19229
2,6943,10,1787,11,19230
2,6944,1,1788,2,19231
2,6944,2,1788,3,19232
2,6944,3,1788,3,19233
2,6944,4,1788,4,19234
2,6944,6,1788,4,19235
2,6944,7,1788,3,19236
2,6944,8,1788,2,19237
2,6944,9,1788,2,19238
2,6944,10,1788,6,19239
2,6944,11,1788,1,19240
2,6944,18,1788,4,19241
2,6945,1,1789,1,19242
2,6945,2,1789,1,19243
2,6945,3,1789,1,19244
2,6945,4,1789,3,19245
2,6945,6,1789,1,19246
2,6945,7,1789,2,19247
2,6945,8,1789,2,19248
2,6945,9,1789,1,19249
2,6945,10,1789,1,19250
2,6945,11,1789,1,19251
2,6945,12,1789,1,19252
2,6945,18,1789,2,19253
2,6946,2,1790,2,19254
2,6946,3,1790,2,19255
2,6946,4,1790,4,19256
2,6946,6,1790,3,19257
2,6946,7,1790,3,19258
2,6946,8,1790,3,19259
2,6946,9,1790,1,19260
2,6946,10,1790,9,19261
2,6946,11,1790,1,19262
2,6946,18,1790,3,19263
2,6947,1,1791,1,19264
2,6947,2,1791,3,19265
2,6947,3,1791,2,19266
2,6947,4,1791,6,19267
2,6947,5,1791,1,19268
2,6947,6,1791,3,19269
2,6947,7,1791,2,19270
2,6947,8,1791,4,19271
2,6947,9,1791,2,19272
2,6947,10,1791,14,19273
2,6947,11,1791,1,19274
2,6947,18,1791,2,19275
2,6948,10,1792,1,19276
2,6949,1,1793,1,19277
2,6949,2,1793,3,19278
2,6949,3,1793,2,19279
2,6949,4,1793,3,19280
2,6949,6,1793,2,19281
2,6949,7,1793,1,19282
2,6949,8,1793,2,19283
2,6949,9,1793,1,19284
2,6949,10,1793,1,19285
2,6949,11,1793,1,19286
2,6949,18,1793,3,19287
2,6950,10,1794,1,19288
2,6951,1,1794,1,19289
2,6951,10,1794,6,19290
2,6952,1,1794,1,19291
2,6952,10,1794,5,19292
2,6953,10,1794,2,19293
2,6954,3,1794,1,19294
2,6954,4,1794,2,19295
2,6954,6,1794,3,19296
2,6954,7,1794,3,19297
2,6954,8,1794,3,19298
2,6954,9,1794,2,19299
2,6954,10,1794,18,19300
2,6954,11,1794,1,19301
2,6954,12,1794,1,19302
2,6954,18,1794,5,19303
2,6955,1,1795,1,19304
2,6955,2,1795,2,19305
2,6955,3,1795,2,19306
2,6955,4,1795,3,19307
2,6955,7,1795,1,19308
2,6955,8,1795,1,19309
2,6955,9,1795,1,19310
2,6955,10,1795,1,19311
2,6955,11,1795,1,19312
2,6955,18,1795,3,19313
2,6956,1,1796,1,19314
2,6956,10,1796,5,19315
2,6956,18,1796,3,19316
2,6957,1,1797,1,19317
2,6957,10,1797,1,19318
2,6958,1,1797,1,19319
2,6958,10,1797,1,19320
2,6959,10,1797,1,19321
2,6960,1,1797,1,19322
2,6960,10,1797,14,19323
2,6961,1,1797,1,19324
2,6961,10,1797,5,19325
2,6962,10,1797,5,19326
2,6963,1,1797,2,19327
2,6963,10,1797,1,19328
2,6964,10,1797,1,19329
2,6965,1,1797,2,19330
2,6965,2,1797,7,19331
2,6965,3,1797,4,19332
2,6965,4,1797,22,19333
2,6965,6,1797,3,19334
2,6965,7,1797,7,19335
2,6965,8,1797,7,19336
2,6965,9,1797,2,19337
2,6965,10,1797,17,19338
2,6965,11,1797,2,19339
2,6965,12,1797,1,19340
2,6965,18,1797,3,19341
2,6966,1,1797,3,19342
2,6966,2,1797,18,19343
2,6966,3,1797,8,19344
2,6966,4,1797,26,19345
2,6966,6,1797,5,19346
2,6966,7,1797,12,19347
2,6966,8,1797,9,19348
2,6966,9,1797,9,19349
2,6966,10,1797,27,19350
2,6966,11,1797,2,19351
2,6966,17,1797,3,19352
2,6966,18,1797,2,19353
2,6966,19,1797,1,19354
2,6966,25,1797,5,19355
2,6966,26,1797,6,19356
2,6966,27,1797,5,19357
2,6966,28,1797,8,19358
2,6966,29,1797,3,19359
2,6966,37,1797,3,19360
2,6966,38,1797,6,19361
2,6966,39,1797,5,19362
2,6967,1,1797,3,19363
2,6967,10,1797,3,19364
2,6967,17,1797,1,19365
2,6968,1,1797,1,19366
2,6968,10,1797,3,19367
2,6968,23,1797,20,19368
2,6969,10,1751,1,19369
2,6970,1,1751,1,19370
2,6970,10,1751,5,19371
2,6971,10,1798,1,19372
2,6972,1,1798,1,19373
2,6972,2,1798,4,19374
2,6972,3,1798,3,19375
2,6972,4,1798,4,19376
2,6972,6,1798,4,19377
2,6972,7,1798,3,19378
2,6972,8,1798,3,19379
2,6972,9,1798,1,19380
2,6972,10,1798,11,19381
2,6972,11,1798,1,19382
2,6972,18,1798,6,19383
2,6973,1,1799,1,19384
2,6973,3,1799,1,19385
2,6973,4,1799,4,19386
2,6973,5,1799,1,19387
2,6973,6,1799,2,19388
2,6973,7,1799,1,19389
2,6973,8,1799,1,19390
2,6973,9,1799,1,19391
2,6973,10,1799,3,19392
2,6973,11,1799,1,19393
2,6973,18,1799,3,19394
2,6974,1,1800,1,19395
2,6974,2,1800,1,19396
2,6974,3,1800,2,19397
2,6974,4,1800,4,19398
2,6974,6,1800,1,19399
2,6974,7,1800,1,19400
2,6974,8,1800,2,19401
2,6974,9,1800,1,19402
2,6974,10,1800,1,19403
2,6974,11,1800,1,19404
2,6974,18,1800,3,19405
2,6975,10,1800,1,19406
2,6976,1,1801,1,19407
2,6976,2,1801,3,19408
2,6976,3,1801,2,19409
2,6976,4,1801,2,19410
2,6976,6,1801,2,19411
2,6976,7,1801,4,19412
2,6976,8,1801,4,19413
2,6976,9,1801,2,19414
2,6976,10,1801,15,19415
2,6976,11,1801,1,19416
2,6976,18,1801,4,19417
2,6977,2,1802,5,19418
2,6977,3,1802,3,19419
2,6977,4,1802,5,19420
2,6977,6,1802,3,19421
2,6977,7,1802,1,19422
2,6977,8,1802,2,19423
2,6977,9,1802,1,19424
2,6977,10,1802,4,19425
2,6977,11,1802,1,19426
2,6977,18,1802,3,19427
2,6978,1,1802,1,19428
2,6978,10,1802,1,19429
2,6979,1,1803,3,19430
2,6979,2,1803,1,19431
2,6979,3,1803,2,19432
2,6979,4,1803,4,19433
2,6979,6,1803,2,19434
2,6979,7,1803,2,19435
2,6979,8,1803,2,19436
2,6979,9,1803,1,19437
2,6979,10,1803,23,19438
2,6979,11,1803,2,19439
2,6979,12,1803,3,19440
2,6979,18,1803,3,19441
2,6980,1,1803,1,19442
2,6980,10,1803,1,19443
2,6981,10,1803,1,19444
2,6982,1,1803,1,19445
2,6982,10,1803,10,19446
2,6983,1,1803,1,19447
2,6983,3,1803,10,19448
2,6983,4,1803,35,19449
2,6983,6,1803,6,19450
2,6983,7,1803,6,19451
2,6983,8,1803,6,19452
2,6983,9,1803,4,19453
2,6983,10,1803,14,19454
2,6983,11,1803,2,19455
2,6983,17,1803,2,19456
2,6983,18,1803,2,19457
2,6983,19,1803,2,19458
2,6983,25,1803,4,19459
2,6983,28,1803,9,19460
2,6984,10,1803,4,19461
2,6985,1,1803,1,19462
2,6985,10,1803,1,19463
2,6986,10,1803,4,19464
2,6987,10,1803,1,19465
2,6988,1,1804,1,19466
2,6988,3,1804,2,19467
2,6988,4,1804,4,19468
2,6988,10,1804,3,19469
2,6988,18,1804,3,19470
2,6989,10,1805,4,19471
2,6990,10,1805,9,19472
2,6991,10,1805,1,19473
2,6992,1,1805,1,19474
2,6992,10,1805,1,19475
2,6993,1,1805,1,19476
2,6993,10,1805,1,19477
2,6994,10,1805,1,19478
2,6995,1,1805,2,19479
2,6995,10,1805,1,19480
2,6996,10,1805,2,19481
2,6997,1,1805,1,19482
2,6997,10,1805,1,19483
2,6998,10,1805,6,19484
2,6998,17,1805,1,19485
2,6999,1,1805,4,19486
2,6999,2,1805,12,19487
2,6999,3,1805,18,19488
2,6999,4,1805,207,19489
2,6999,6,1805,16,19490
2,6999,7,1805,27,19491
2,6999,8,1805,27,19492
2,6999,9,1805,16,19493
2,6999,10,1805,27,19494
2,6999,11,1805,1,19495
2,6999,17,1805,11,19496
2,6999,18,1805,1,19497
2,6999,19,1805,12,19498
2,6999,25,1805,2,19499
2,6999,26,1805,4,19500
2,6999,27,1805,13,19501
2,6999,28,1805,41,19502
2,6999,37,1805,3,19503
2,6999,40,1805,8,19504
2,6999,47,1805,3,19505
2,6999,48,1805,9,19506
2,7000,1,1805,1,19507
2,7000,10,1805,3,19508
2,7001,10,1805,1,19509
2,7002,1,1805,3,19510
2,7002,10,1805,1,19511
2,7003,1,1806,1,19512
2,7003,10,1806,1,19513
2,7004,1,1805,3,19514
2,7004,10,1805,5,19515
2,7004,30,1805,13,19516
2,7005,1,1805,1,19517
2,7005,10,1805,12,19518
2,7006,1,1805,5,19519
2,7006,2,1805,8,19520
2,7006,3,1805,4,19521
2,7006,4,1805,14,19522
2,7006,6,1805,16,19523
2,7006,7,1805,22,19524
2,7006,8,1805,23,19525
2,7006,9,1805,19,19526
2,7006,10,1805,72,19527
2,7006,11,1805,1,19528
2,7006,12,1805,1,19529
2,7006,18,1805,8,19530
2,7007,10,1805,5,19531
2,7007,17,1805,2,19532
2,7008,3,1805,1,19533
2,7008,4,1805,8,19534
2,7008,6,1805,1,19535
2,7008,7,1805,6,19536
2,7008,8,1805,6,19537
2,7008,9,1805,1,19538
2,7008,10,1805,3,19539
2,7008,17,1805,1,19540
2,7009,1,1805,1,19541
2,7009,10,1805,2,19542
2,7009,23,1805,16,19543
2,7010,10,1805,2,19544
2,7011,1,1805,1,19545
2,7011,10,1805,1,19546
2,7012,10,1805,3,19547
2,7013,3,1805,10,19548
2,7013,4,1805,45,19549
2,7013,11,1805,1,19550
2,7013,14,1805,2,19551
2,7013,16,1805,2,19552
2,7013,18,1805,4,19553
2,7013,25,1805,2,19554
2,7013,35,1805,4,19555
2,7013,42,1805,2,19556
2,7013,43,1805,5,19557
2,7013,44,1805,9,19558
2,7013,45,1805,7,19559
2,7013,61,1805,1,19560
2,7014,1,1805,10,19561
2,7014,2,1805,12,19562
2,7014,3,1805,31,19563
2,7014,4,1805,189,19564
2,7014,6,1805,10,19565
2,7014,7,1805,61,19566
2,7014,8,1805,56,19567
2,7014,9,1805,8,19568
2,7014,10,1805,26,19569
2,7014,11,1805,1,19570
2,7014,17,1805,10,19571
2,7014,19,1805,2,19572
2,7014,23,1805,10,19573
2,7014,24,1805,32,19574
2,7014,25,1805,4,19575
2,7014,26,1805,4,19576
2,7014,27,1805,12,19577
2,7014,28,1805,28,19578
2,7014,29,1805,8,19579
2,7014,30,1805,22,19580
2,7014,34,1805,20,19581
2,7014,38,1805,4,19582
2,7014,46,1805,1,19583
2,7014,47,1805,4,19584
2,7014,48,1805,10,19585
2,7015,1,1805,2,19586
2,7015,3,1805,22,19587
2,7015,4,1805,98,19588
2,7015,11,1805,1,19589
2,7015,13,1805,2,19590
2,7015,14,1805,14,19591
2,7015,18,1805,1,19592
2,7015,25,1805,2,19593
2,7015,35,1805,9,19594
2,7015,42,1805,12,19595
2,7015,43,1805,18,19596
2,7015,44,1805,34,19597
2,7015,45,1805,8,19598
2,7015,50,1805,5,19599
2,7015,61,1805,35,19600
2,7016,1,1805,2,19601
2,7016,10,1805,39,19602
2,7017,1,1805,1,19603
2,7017,10,1805,4,19604
2,7018,10,1805,8,19605
2,7019,10,1805,13,19606
2,7020,1,1805,1,19607
2,7020,10,1805,2,19608
2,7021,10,1805,4,19609
2,7022,10,1805,11,19610
2,7023,10,1805,7,19611
2,7024,10,1805,11,19612
2,7024,17,1805,1,19613
2,7025,10,1805,15,19614
2,7026,10,1805,1,19615
2,7027,18,1805,2,19616
2,7027,25,1805,1,19617
2,7028,10,1805,1,19618
2,7029,10,1805,5,19619
2,7030,10,1805,8,19620
2,7031,10,1805,1,19621
2,7032,1,1805,1,19622
2,7032,10,1805,12,19623
2,7033,1,1805,4,19624
2,7033,3,1805,3,19625
2,7033,4,1805,71,19626
2,7033,6,1805,2,19627
2,7033,7,1805,2,19628
2,7033,8,1805,2,19629
2,7033,9,1805,2,19630
2,7033,10,1805,10,19631
2,7033,17,1805,5,19632
2,7033,19,1805,9,19633
2,7033,28,1805,10,19634
2,7034,1,1805,2,19635
2,7034,10,1805,10,19636
2,7034,12,1805,1,19637
2,7034,30,1805,21,19638
2,7035,10,1805,2,19639
2,7036,1,1805,2,19640
2,7037,10,1805,10,19641
2,7038,10,1805,1,19642
2,7039,10,1805,4,19643
2,7040,1,1805,2,19644
2,7040,10,1805,1,19645
2,7040,40,1805,7,19646
2,7040,55,1805,5,19647
2,7041,10,1805,1,19648
2,7042,10,1805,5,19649
2,7043,1,1805,1,19650
2,7043,10,1805,2,19651
2,7043,17,1805,4,19652
2,7044,1,1805,1,19653
2,7044,4,1805,1,19654
2,7044,10,1805,1,19655
2,7044,40,1805,1,19656
2,7045,10,1805,1,19657
2,7045,12,1805,1,19658
2,7046,1,1805,4,19659
2,7046,4,1805,11,19660
2,7046,10,1805,3,19661
2,7046,17,1805,2,19662
2,7047,18,1805,2,19663
2,7047,25,1805,3,19664
2,7048,1,1805,1,19665
2,7048,10,1805,8,19666
2,7048,18,1805,4,19667
2,7048,25,1805,2,19668
2,7049,18,1805,1,19669
2,7049,25,1805,1,19670
2,7050,10,1805,1,19671
2,7051,10,1805,1,19672
2,7052,10,1805,1,19673
2,7052,20,1805,35,19674
2,7053,10,1805,1,19675
2,7054,10,1805,14,19676
2,7055,10,1805,5,19677
2,7055,12,1805,1,19678
2,7056,1,1805,3,19679
2,7056,10,1805,2,19680
2,7057,10,1805,1,19681
2,7058,10,1805,1,19682
2,7059,10,1805,1,19683
2,7060,1,1805,1,19684
2,7060,10,1805,1,19685
2,7061,1,1805,1,19686
2,7061,10,1805,4,19687
2,7062,10,1805,19,19688
2,7063,1,1805,1,19689
2,7063,10,1805,1,19690
2,7063,12,1805,1,19691
2,7064,10,1805,3,19692
2,7065,10,1805,1,19693
2,7066,10,1805,2,19694
2,7067,1,1805,1,19695
2,7067,4,1805,58,19696
2,7067,10,1805,5,19697
2,7067,17,1805,2,19698
2,7067,19,1805,2,19699
2,7067,28,1805,8,19700
2,7068,1,1805,1,19701
2,7068,10,1805,1,19702
2,7069,1,1805,2,19703
2,7069,10,1805,47,19704
2,7070,10,1805,3,19705
2,7071,10,1805,2,19706
2,7072,10,1805,2,19707
2,7073,10,1805,16,19708
2,7074,1,1805,1,19709
2,7074,10,1805,2,19710
2,7074,23,1805,65,19711
2,7075,10,1805,1,19712
2,7076,10,1805,4,19713
2,7077,10,1805,2,19714
2,7078,10,1805,1,19715
2,7079,1,1805,3,19716
2,7079,10,1805,3,19717
2,7080,1,1805,2,19718
2,7080,10,1805,1,19719
2,7081,10,1805,2,19720
2,7082,10,1805,5,19721
2,7083,1,1805,1,19722
2,7083,10,1805,7,19723
2,7084,10,1805,4,19724
2,7085,10,1805,1,19725
2,7086,10,1805,1,19726
2,7087,10,1805,1,19727
2,7088,10,1805,1,19728
2,7089,10,1805,1,19729
2,7090,10,1805,1,19730
2,7091,10,1805,2,19731
2,7092,1,1805,1,19732
2,7092,10,1805,1,19733
2,7093,10,1805,2,19734
2,7094,1,1805,1,19735
2,7094,10,1805,2,19736
2,7095,1,1805,1,19737
2,7095,10,1805,1,19738
2,7096,10,1805,1,19739
2,7097,10,1805,1,19740
2,7098,10,1805,1,19741
2,7099,10,1805,6,19742
2,7100,1,1805,1,19743
2,7100,10,1805,2,19744
2,7101,10,1805,1,19745
2,7102,1,1805,1,19746
2,7102,10,1805,1,19747
2,7103,10,1805,5,19748
2,7104,18,1805,2,19749
2,7105,1,1805,1,19750
2,7105,10,1805,11,19751
2,7106,10,1805,5,19752
2,7107,1,1805,1,19753
2,7107,10,1805,1,19754
2,7108,1,1805,1,19755
2,7108,10,1805,2,19756
2,7109,20,1805,4,19757
2,7109,24,1805,28,19758
2,7110,10,1805,1,19759
2,7111,10,1805,1,19760
2,7112,10,1805,6,19761
2,7113,10,1805,1,19762
2,7114,1,1805,1,19763
2,7114,10,1805,5,19764
2,7115,10,1805,4,19765
2,7116,10,1805,1,19766
2,7117,1,1805,1,19767
2,7117,10,1805,1,19768
2,7117,23,1805,21,19769
2,7118,1,1805,1,19770
2,7118,10,1805,1,19771
2,7119,10,1805,1,19772
2,7120,10,1805,4,19773
2,7121,10,1805,1,19774
2,7122,1,1805,1,19775
2,7122,10,1805,3,19776
2,7123,1,1805,1,19777
2,7123,10,1805,1,19778
2,7124,1,1805,1,19779
2,7124,10,1805,3,19780
2,7125,10,1805,2,19781
2,7126,1,1805,1,19782
2,7126,10,1805,1,19783
2,7127,10,1805,1,19784
2,7128,10,1805,2,19785
2,7129,1,1805,1,19786
2,7129,10,1805,2,19787
2,7129,46,1805,1,19788
2,7130,1,1805,2,19789
2,7130,10,1805,56,19790
2,7131,10,1805,6,19791
2,7132,1,1805,1,19792
2,7132,10,1805,2,19793
2,7133,1,1807,1,19794
2,7133,2,1807,1,19795
2,7133,3,1807,1,19796
2,7133,4,1807,4,19797
2,7133,7,1807,1,19798
2,7133,8,1807,1,19799
2,7133,9,1807,1,19800
2,7133,10,1807,6,19801
2,7133,11,1807,1,19802
2,7133,18,1807,2,19803
2,7134,1,1808,6,19804
2,7134,2,1808,1,19805
2,7134,3,1808,2,19806
2,7134,4,1808,4,19807
2,7134,6,1808,1,19808
2,7134,7,1808,1,19809
2,7134,8,1808,1,19810
2,7134,9,1808,1,19811
2,7134,10,1808,2,19812
2,7134,11,1808,1,19813
2,7134,18,1808,2,19814
2,7135,1,1809,1,19815
2,7135,2,1809,2,19816
2,7135,3,1809,1,19817
2,7135,4,1809,5,19818
2,7135,6,1809,2,19819
2,7135,7,1809,3,19820
2,7135,8,1809,3,19821
2,7135,9,1809,3,19822
2,7135,10,1809,5,19823
2,7135,11,1809,1,19824
2,7135,18,1809,4,19825
2,7136,18,1806,1,19826
2,7137,10,1809,1,19827
2,7138,10,1809,1,19828
2,7138,20,1809,32,19829
2,7139,2,1810,2,19830
2,7139,6,1810,1,19831
2,7139,7,1810,1,19832
2,7139,8,1810,1,19833
2,7139,9,1810,1,19834
2,7139,10,1810,6,19835
2,7139,11,1810,1,19836
2,7139,18,1810,2,19837
2,7140,1,1811,1,19838
2,7140,2,1811,3,19839
2,7140,3,1811,2,19840
2,7140,4,1811,4,19841
2,7140,6,1811,2,19842
2,7140,7,1811,2,19843
2,7140,8,1811,2,19844
2,7140,9,1811,1,19845
2,7140,10,1811,3,19846
2,7140,11,1811,1,19847
2,7140,12,1811,1,19848
2,7140,18,1811,2,19849
2,7141,1,1806,1,19850
2,7141,10,1806,3,19851
2,7142,10,1806,1,19852
2,7143,1,1806,1,19853
2,7143,10,1806,1,19854
2,7144,10,1806,1,19855
2,7145,1,1806,1,19856
2,7145,10,1806,15,19857
2,7146,1,1806,1,19858
2,7146,10,1806,9,19859
2,7147,1,1806,1,19860
2,7147,10,1806,15,19861
2,7148,10,1806,4,19862
2,7149,1,1806,3,19863
2,7149,10,1806,1,19864
2,7150,10,1806,6,19865
2,7151,10,1806,1,19866
2,7152,1,1806,7,19867
2,7152,2,1806,27,19868
2,7152,3,1806,15,19869
2,7152,4,1806,104,19870
2,7152,6,1806,20,19871
2,7152,7,1806,31,19872
2,7152,8,1806,40,19873
2,7152,9,1806,8,19874
2,7152,10,1806,15,19875
2,7152,11,1806,3,19876
2,7152,17,1806,5,19877
2,7152,19,1806,2,19878
2,7152,25,1806,3,19879
2,7152,28,1806,10,19880
2,7153,1,1806,2,19881
2,7153,10,1806,31,19882
2,7153,12,1806,2,19883
2,7153,18,1806,3,19884
2,7154,10,1806,4,19885
2,7155,1,1806,1,19886
2,7155,10,1806,2,19887
2,7155,23,1806,32,19888
2,7156,10,1806,5,19889
2,7157,10,1806,1,19890
2,7158,10,1806,3,19891
2,7159,1,1806,1,19892
2,7160,3,1806,3,19893
2,7160,4,1806,9,19894
2,7160,6,1806,4,19895
2,7160,7,1806,11,19896
2,7160,8,1806,11,19897
2,7160,9,1806,2,19898
2,7160,10,1806,5,19899
2,7160,17,1806,1,19900
2,7160,25,1806,1,19901
2,7161,10,1806,2,19902
2,7162,1,1806,1,19903
2,7162,10,1806,7,19904
2,7163,10,1806,1,19905
2,7164,10,1806,4,19906
2,7165,18,1806,1,19907
2,7166,10,1806,1,19908
2,7167,10,1806,2,19909
2,7168,17,1806,1,19910
2,7169,1,1806,1,19911
2,7169,10,1806,2,19912
2,7170,1,1806,1,19913
2,7170,10,1806,3,19914
2,7171,1,1812,1,19915
2,7171,3,1812,3,19916
2,7171,4,1812,6,19917
2,7171,5,1812,2,19918
2,7171,10,1812,1,19919
2,7171,11,1812,1,19920
2,7171,12,1812,1,19921
2,7171,18,1812,3,19922
2,7172,1,1813,1,19923
2,7172,2,1813,4,19924
2,7172,3,1813,4,19925
2,7172,4,1813,7,19926
2,7172,6,1813,2,19927
2,7172,7,1813,2,19928
2,7172,8,1813,2,19929
2,7172,9,1813,2,19930
2,7172,10,1813,15,19931
2,7172,11,1813,1,19932
2,7172,18,1813,4,19933
2,7173,1,1814,1,19934
2,7173,2,1814,3,19935
2,7173,4,1814,5,19936
2,7173,6,1814,2,19937
2,7173,7,1814,2,19938
2,7173,8,1814,3,19939
2,7173,9,1814,1,19940
2,7173,10,1814,6,19941
2,7173,11,1814,1,19942
2,7173,18,1814,3,19943
2,7174,10,1813,1,19944
2,7175,10,1813,5,19945
2,7176,1,1815,2,19946
2,7176,2,1815,2,19947
2,7176,3,1815,2,19948
2,7176,4,1815,4,19949
2,7176,6,1815,2,19950
2,7176,7,1815,1,19951
2,7176,8,1815,1,19952
2,7176,9,1815,1,19953
2,7176,10,1815,4,19954
2,7176,11,1815,1,19955
2,7176,12,1815,1,19956
2,7176,18,1815,1,19957
2,7177,1,1816,1,19958
2,7177,2,1816,4,19959
2,7177,3,1816,3,19960
2,7177,4,1816,4,19961
2,7177,6,1816,3,19962
2,7177,7,1816,2,19963
2,7177,8,1816,2,19964
2,7177,9,1816,2,19965
2,7177,10,1816,4,19966
2,7177,11,1816,1,19967
2,7177,12,1816,1,19968
2,7177,18,1816,4,19969
2,7178,1,1817,1,19970
2,7178,2,1817,2,19971
2,7178,3,1817,2,19972
2,7178,4,1817,4,19973
2,7178,6,1817,2,19974
2,7178,7,1817,2,19975
2,7178,8,1817,2,19976
2,7178,9,1817,1,19977
2,7178,10,1817,1,19978
2,7178,11,1817,1,19979
2,7178,18,1817,3,19980
2,7179,1,1818,1,19981
2,7179,2,1818,2,19982
2,7179,3,1818,3,19983
2,7179,4,1818,5,19984
2,7179,6,1818,2,19985
2,7179,7,1818,2,19986
2,7179,8,1818,1,19987
2,7179,10,1818,6,19988
2,7179,11,1818,1,19989
2,7179,18,1818,4,19990
2,7180,1,1819,1,19991
2,7180,2,1819,3,19992
2,7180,3,1819,2,19993
2,7180,4,1819,4,19994
2,7180,6,1819,1,19995
2,7180,7,1819,2,19996
2,7180,8,1819,2,19997
2,7180,9,1819,1,19998
2,7180,10,1819,2,19999
2,7180,11,1819,1,20000
2,7180,12,1819,1,20001
2,7180,18,1819,3,20002
2,7181,1,1820,1,20003
2,7181,2,1820,1,20004
2,7181,3,1820,1,20005
2,7181,4,1820,3,20006
2,7181,6,1820,2,20007
2,7181,7,1820,3,20008
2,7181,8,1820,3,20009
2,7181,9,1820,1,20010
2,7181,10,1820,2,20011
2,7181,11,1820,1,20012
2,7181,18,1820,3,20013
2,7182,1,1821,1,20014
2,7182,2,1821,2,20015
2,7182,3,1821,3,20016
2,7182,4,1821,5,20017
2,7182,6,1821,2,20018
2,7182,7,1821,2,20019
2,7182,8,1821,2,20020
2,7182,9,1821,2,20021
2,7182,10,1821,10,20022
2,7182,11,1821,1,20023
2,7182,12,1821,1,20024
2,7182,18,1821,3,20025
2,7183,1,1822,1,20026
2,7183,2,1822,1,20027
2,7183,3,1822,3,20028
2,7183,4,1822,6,20029
2,7183,6,1822,1,20030
2,7183,7,1822,1,20031
2,7183,8,1822,2,20032
2,7183,9,1822,1,20033
2,7183,10,1822,5,20034
2,7183,11,1822,1,20035
2,7183,12,1822,1,20036
2,7183,18,1822,2,20037
2,7183,40,1822,1,20038
2,7184,1,1823,1,20039
2,7184,2,1823,2,20040
2,7184,3,1823,1,20041
2,7184,4,1823,2,20042
2,7184,6,1823,1,20043
2,7184,7,1823,2,20044
2,7184,8,1823,2,20045
2,7184,9,1823,1,20046
2,7184,10,1823,7,20047
2,7184,11,1823,1,20048
2,7184,18,1823,2,20049
2,7185,10,1824,3,20050
2,7186,4,1824,5,20051
2,7186,6,1824,2,20052
2,7186,7,1824,3,20053
2,7186,8,1824,3,20054
2,7186,9,1824,2,20055
2,7186,10,1824,8,20056
2,7186,11,1824,1,20057
2,7186,18,1824,2,20058
2,7187,1,1824,1,20059
2,7187,10,1824,1,20060
2,7188,6,1824,1,20061
2,7188,7,1824,3,20062
2,7188,8,1824,3,20063
2,7188,9,1824,1,20064
2,7188,10,1824,13,20065
2,7189,10,1824,1,20066
2,7190,6,1824,1,20067
2,7190,7,1824,3,20068
2,7190,8,1824,3,20069
2,7190,9,1824,1,20070
2,7190,10,1824,7,20071
2,7191,10,1824,9,20072
2,7191,12,1824,2,20073
2,7192,1,1825,1,20074
2,7192,10,1825,6,20075
2,7192,20,1825,8,20076
2,7192,21,1825,4,20077
2,7192,22,1825,10,20078
2,7192,24,1825,10,20079
2,7192,32,1825,5,20080
2,7192,33,1825,25,20081
2,7192,34,1825,10,20082
2,7192,36,1825,10,20083
2,7193,1,1825,1,20084
2,7193,10,1825,1,20085
2,7194,10,1825,2,20086
2,7195,1,1825,1,20087
2,7195,10,1825,1,20088
2,7196,1,1825,1,20089
2,7196,2,1825,4,20090
2,7196,3,1825,4,20091
2,7196,4,1825,3,20092
2,7196,6,1825,2,20093
2,7196,7,1825,4,20094
2,7196,8,1825,5,20095
2,7196,9,1825,2,20096
2,7196,10,1825,13,20097
2,7196,11,1825,1,20098
2,7196,18,1825,2,20099
2,7197,18,1825,1,20100
2,7198,10,1825,5,20101
2,7199,10,1825,1,20102
2,7199,12,1825,1,20103
2,7200,10,1825,1,20104
2,7201,10,1825,8,20105
2,7202,1,1825,1,20106
2,7202,10,1825,1,20107
2,7203,10,1825,3,20108
2,7204,10,1826,3,20109
2,7205,1,1826,2,20110
2,7205,3,1826,3,20111
2,7205,4,1826,6,20112
2,7205,6,1826,3,20113
2,7205,7,1826,3,20114
2,7205,8,1826,3,20115
2,7205,9,1826,1,20116
2,7205,10,1826,32,20117
2,7205,18,1826,3,20118
2,7206,10,1826,8,20119
2,7207,10,1826,1,20120
2,7208,10,1826,2,20121
2,7209,10,1826,6,20122
2,7210,1,1827,3,20123
2,7210,2,1827,2,20124
2,7210,3,1827,3,20125
2,7210,4,1827,4,20126
2,7210,9,1827,1,20127
2,7210,10,1827,8,20128
2,7210,11,1827,1,20129
2,7210,18,1827,1,20130
2,7211,1,1827,1,20131
2,7211,10,1827,1,20132
2,7211,20,1827,5,20133
2,7211,24,1827,25,20134
2,7211,33,1827,41,20135
2,7212,1,1828,1,20136
2,7212,3,1828,2,20137
2,7212,4,1828,2,20138
2,7212,6,1828,1,20139
2,7212,7,1828,2,20140
2,7212,8,1828,2,20141
2,7212,9,1828,1,20142
2,7212,10,1828,1,20143
2,7212,11,1828,1,20144
2,7212,18,1828,2,20145
2,7213,10,1829,4,20146
2,7214,10,1829,1,20147
2,7215,10,1829,3,20148
2,7216,10,1829,2,20149
2,7217,10,1829,1,20150
2,7217,12,1829,1,20151
2,7218,10,1829,1,20152
2,7219,1,1829,1,20153
2,7219,3,1829,3,20154
2,7219,4,1829,4,20155
2,7219,6,1829,3,20156
2,7219,7,1829,4,20157
2,7219,8,1829,4,20158
2,7219,9,1829,3,20159
2,7219,10,1829,6,20160
2,7219,11,1829,1,20161
2,7219,12,1829,1,20162
2,7219,18,1829,3,20163
2,7219,29,1829,3,20164
2,7219,37,1829,2,20165
2,7220,1,1829,1,20166
2,7220,10,1829,16,20167
2,7221,1,1829,2,20168
2,7221,10,1829,11,20169
2,7222,10,1829,5,20170
2,7223,1,1829,2,20171
2,7223,10,1829,1,20172
2,7224,10,1829,3,20173
2,7225,1,1829,1,20174
2,7225,10,1829,5,20175
2,7226,10,1829,1,20176
2,7227,1,1830,1,20177
2,7227,2,1830,1,20178
2,7227,3,1830,1,20179
2,7227,4,1830,2,20180
2,7227,6,1830,2,20181
2,7227,7,1830,5,20182
2,7227,8,1830,5,20183
2,7227,9,1830,1,20184
2,7227,10,1830,6,20185
2,7227,11,1830,1,20186
2,7227,18,1830,3,20187
2,7228,10,1830,3,20188
2,7229,4,1831,1,20189
2,7229,30,1831,7,20190
2,7229,40,1831,3,20191
2,7229,55,1831,7,20192
2,7230,10,1830,8,20193
2,7231,1,1832,1,20194
2,7231,10,1832,2,20195
2,7231,18,1832,2,20196
2,7232,10,1833,1,20197
2,7233,10,1833,1,20198
2,7234,10,1833,8,20199
2,7235,1,1833,3,20200
2,7235,10,1833,13,20201
2,7235,17,1833,8,20202
2,7236,15,1833,5,20203
2,7236,19,1833,2,20204
2,7236,26,1833,6,20205
2,7236,27,1833,7,20206
2,7236,28,1833,8,20207
2,7236,29,1833,3,20208
2,7236,49,1833,4,20209
2,7237,10,1833,1,20210
2,7237,12,1833,1,20211
2,7238,10,1833,2,20212
2,7239,10,1833,2,20213
2,7240,10,1833,1,20214
2,7241,1,1833,2,20215
2,7241,10,1833,22,20216
2,7242,1,1833,1,20217
2,7242,2,1833,6,20218
2,7242,3,1833,20,20219
2,7242,4,1833,95,20220
2,7242,6,1833,10,20221
2,7242,7,1833,8,20222
2,7242,8,1833,8,20223
2,7242,9,1833,3,20224
2,7242,10,1833,13,20225
2,7242,11,1833,2,20226
2,7242,17,1833,3,20227
2,7242,19,1833,4,20228
2,7242,23,1833,15,20229
2,7242,25,1833,2,20230
2,7242,26,1833,4,20231
2,7242,27,1833,6,20232
2,7242,28,1833,12,20233
2,7242,29,1833,10,20234
2,7242,38,1833,8,20235
2,7242,49,1833,3,20236
2,7243,1,1833,1,20237
2,7243,10,1833,2,20238
2,7243,23,1833,15,20239
2,7244,1,1833,1,20240
2,7244,10,1833,2,20241
2,7245,1,1833,4,20242
2,7245,2,1833,12,20243
2,7245,3,1833,40,20244
2,7245,4,1833,64,20245
2,7245,5,1833,22,20246
2,7245,6,1833,8,20247
2,7245,7,1833,8,20248
2,7245,8,1833,8,20249
2,7245,9,1833,3,20250
2,7245,10,1833,21,20251
2,7245,11,1833,2,20252
2,7245,12,1833,1,20253
2,7245,17,1833,3,20254
2,7245,18,1833,1,20255
2,7245,19,1833,18,20256
2,7245,37,1833,10,20257
2,7246,1,1833,3,20258
2,7246,2,1833,6,20259
2,7246,3,1833,20,20260
2,7246,4,1833,62,20261
2,7246,6,1833,4,20262
2,7246,7,1833,6,20263
2,7246,8,1833,8,20264
2,7246,9,1833,4,20265
2,7246,10,1833,26,20266
2,7246,11,1833,2,20267
2,7246,12,1833,2,20268
2,7246,17,1833,4,20269
2,7246,25,1833,5,20270
2,7247,1,1833,1,20271
2,7247,10,1833,9,20272
2,7247,12,1833,1,20273
2,7247,18,1833,1,20274
2,7247,25,1833,2,20275
2,7248,1,1833,1,20276
2,7248,10,1833,13,20277
2,7249,10,1833,6,20278
2,7250,1,1833,1,20279
2,7250,4,1833,15,20280
2,7250,10,1833,4,20281
2,7250,40,1833,15,20282
2,7251,10,1833,2,20283
2,7251,12,1833,1,20284
2,7252,10,1833,21,20285
2,7253,2,1833,4,20286
2,7253,3,1833,12,20287
2,7253,4,1833,10,20288
2,7253,6,1833,15,20289
2,7253,7,1833,7,20290
2,7253,8,1833,8,20291
2,7253,9,1833,2,20292
2,7253,10,1833,4,20293
2,7253,11,1833,1,20294
2,7253,17,1833,1,20295
2,7254,1,1833,1,20296
2,7254,10,1833,1,20297
2,7255,10,1833,6,20298
2,7255,12,1833,1,20299
2,7256,10,1833,7,20300
2,7257,1,1833,2,20301
2,7257,10,1833,2,20302
2,7258,1,1833,1,20303
2,7258,10,1833,9,20304
2,7259,10,1833,5,20305
2,7260,1,1833,2,20306
2,7260,10,1833,2,20307
2,7261,1,1833,2,20308
2,7261,10,1833,4,20309
2,7262,1,1833,2,20310
2,7262,10,1833,2,20311
2,7263,1,1833,1,20312
2,7264,1,1833,1,20313
2,7264,10,1833,3,20314
2,7264,22,1833,5,20315
2,7264,24,1833,15,20316
2,7264,33,1833,10,20317
2,7264,34,1833,5,20318
2,7264,41,1833,5,20319
2,7264,54,1833,10,20320
2,7264,56,1833,5,20321
2,7264,58,1833,5,20322
2,7265,1,1833,3,20323
2,7265,10,1833,4,20324
2,7266,1,1833,1,20325
2,7266,10,1833,1,20326
2,7267,10,1833,1,20327
2,7267,22,1833,10,20328
2,7267,24,1833,27,20329
2,7267,32,1833,3,20330
2,7267,33,1833,27,20331
2,7267,34,1833,10,20332
2,7267,36,1833,3,20333
2,7267,41,1833,5,20334
2,7267,54,1833,10,20335
2,7267,56,1833,5,20336
2,7267,58,1833,10,20337
2,7268,10,1833,2,20338
2,7269,10,1833,1,20339
2,7270,10,1833,4,20340
2,7271,10,1833,1,20341
2,7272,1,1833,1,20342
2,7272,10,1833,1,20343
2,7272,25,1833,2,20344
2,7273,10,1833,13,20345
2,7274,10,1833,6,20346
2,7275,10,1834,7,20347
2,7276,31,1834,40,20348
2,7276,57,1834,40,20349
2,7276,58,1834,80,20350
2,7277,10,1834,4,20351
2,7278,1,1834,1,20352
2,7279,1,1834,4,20353
2,7279,3,1834,4,20354
2,7279,4,1834,6,20355
2,7279,6,1834,4,20356
2,7279,7,1834,3,20357
2,7279,8,1834,3,20358
2,7279,9,1834,2,20359
2,7279,10,1834,13,20360
2,7279,11,1834,1,20361
2,7279,12,1834,3,20362
2,7279,18,1834,4,20363
2,7280,10,1834,8,20364
2,7281,10,1834,11,20365
2,7282,1,1834,1,20366
2,7282,10,1834,8,20367
2,7283,1,1831,1,20368
2,7283,2,1831,4,20369
2,7283,3,1831,14,20370
2,7283,4,1831,47,20371
2,7283,5,1831,1,20372
2,7283,6,1831,10,20373
2,7283,7,1831,7,20374
2,7283,8,1831,13,20375
2,7283,9,1831,5,20376
2,7283,10,1831,26,20377
2,7283,11,1831,1,20378
2,7283,17,1831,1,20379
2,7283,19,1831,8,20380
2,7283,25,1831,1,20381
2,7283,26,1831,6,20382
2,7283,27,1831,11,20383
2,7283,28,1831,17,20384
2,7283,29,1831,10,20385
2,7284,1,1831,1,20386
2,7284,2,1831,15,20387
2,7284,3,1831,21,20388
2,7284,4,1831,24,20389
2,7284,6,1831,9,20390
2,7284,7,1831,5,20391
2,7284,8,1831,5,20392
2,7284,9,1831,3,20393
2,7284,10,1831,7,20394
2,7284,11,1831,1,20395
2,7284,17,1831,2,20396
2,7284,25,1831,2,20397
2,7285,1,1831,1,20398
2,7285,10,1831,1,20399
2,7286,3,1831,8,20400
2,7286,4,1831,9,20401
2,7286,11,1831,1,20402
2,7286,35,1831,8,20403
2,7287,10,1831,3,20404
2,7288,1,1831,1,20405
2,7288,10,1831,40,20406
2,7288,22,1831,15,20407
2,7288,24,1831,15,20408
2,7288,33,1831,15,20409
2,7288,34,1831,25,20410
2,7289,1,1831,2,20411
2,7289,10,1831,13,20412
2,7289,12,1831,1,20413
2,7289,18,1831,1,20414
2,7290,1,1831,1,20415
2,7290,3,1831,13,20416
2,7290,4,1831,27,20417
2,7290,6,1831,4,20418
2,7290,7,1831,4,20419
2,7290,8,1831,4,20420
2,7290,9,1831,2,20421
2,7290,10,1831,5,20422
2,7290,17,1831,3,20423
2,7290,19,1831,6,20424
2,7290,26,1831,5,20425
2,7290,27,1831,6,20426
2,7290,28,1831,8,20427
2,7290,29,1831,5,20428
2,7290,37,1831,3,20429
2,7290,47,1831,2,20430
2,7290,48,1831,2,20431
2,7291,10,1831,1,20432
2,7291,12,1831,1,20433
2,7291,18,1831,5,20434
2,7291,25,1831,11,20435
2,7292,1,1831,1,20436
2,7292,10,1831,3,20437
2,7292,30,1831,3,20438
2,7293,10,1831,1,20439
2,7294,10,1831,1,20440
2,7295,10,1831,5,20441
2,7296,10,1831,7,20442
2,7297,4,1831,2,20443
2,7297,10,1831,1,20444
2,7297,17,1831,1,20445
2,7298,1,1831,1,20446
2,7298,3,1831,24,20447
2,7298,4,1831,20,20448
2,7298,6,1831,5,20449
2,7298,7,1831,8,20450
2,7298,8,1831,5,20451
2,7298,9,1831,2,20452
2,7298,10,1831,15,20453
2,7298,11,1831,4,20454
2,7298,17,1831,2,20455
2,7298,25,1831,1,20456
2,7298,30,1831,15,20457
2,7299,10,1831,1,20458
2,7300,1,1831,2,20459
2,7300,10,1831,2,20460
2,7301,1,1831,1,20461
2,7301,10,1831,5,20462
2,7302,10,1831,1,20463
2,7303,1,1831,1,20464
2,7303,10,1831,17,20465
2,7304,1,1831,2,20466
2,7304,10,1831,2,20467
2,7305,10,1831,7,20468
2,7306,10,1831,5,20469
2,7307,1,1831,1,20470
2,7307,10,1831,2,20471
2,7307,22,1831,3,20472
2,7307,34,1831,3,20473
2,7307,56,1831,3,20474
2,7308,10,1831,4,20475
2,7308,18,1831,1,20476
2,7308,25,1831,3,20477
2,7309,10,1831,1,20478
2,7310,26,1831,5,20479
2,7310,27,1831,7,20480
2,7310,37,1831,2,20481
2,7310,47,1831,2,20482
2,7310,48,1831,5,20483
2,7311,1,1831,1,20484
2,7311,10,1831,8,20485
2,7311,12,1831,1,20486
2,7311,40,1831,1,20487
2,7312,10,1831,12,20488
2,7313,10,1831,4,20489
2,7313,17,1831,1,20490
2,7314,1,1831,1,20491
2,7314,10,1831,1,20492
2,7315,10,1831,9,20493
2,7316,10,1831,3,20494
2,7317,10,1831,1,20495
2,7318,10,1831,8,20496
2,7319,1,1831,1,20497
2,7319,10,1831,1,20498
2,7320,10,1831,7,20499
2,7321,10,1831,4,20500
2,7322,1,1831,1,20501
2,7322,10,1831,1,20502
2,7323,10,1831,1,20503
2,7324,1,1831,3,20504
2,7324,10,1831,9,20505
2,7325,10,1831,8,20506
2,7326,1,1831,1,20507
2,7326,10,1831,1,20508
2,7326,23,1831,20,20509
2,7327,1,1831,1,20510
2,7327,10,1831,3,20511
2,7328,1,1831,1,20512
2,7328,10,1831,6,20513
2,7329,10,1831,1,20514
2,7330,1,1831,1,20515
2,7330,10,1831,7,20516
2,7331,10,1831,7,20517
2,7332,1,1831,1,20518
2,7332,10,1831,3,20519
2,7332,23,1831,17,20520
2,7333,1,1831,1,20521
2,7333,10,1831,3,20522
2,7334,10,1831,1,20523
2,7335,10,1831,2,20524
2,7336,10,1831,9,20525
2,7337,10,1831,2,20526
2,7338,1,1831,1,20527
2,7339,1,1831,1,20528
2,7340,1,1831,3,20529
2,7340,10,1831,5,20530
2,7340,17,1831,1,20531
2,7341,10,1831,7,20532
2,7342,10,1831,2,20533
2,7343,1,1831,1,20534
2,7344,1,1831,5,20535
2,7344,10,1831,2,20536
2,7345,1,1831,1,20537
2,7345,10,1831,4,20538
2,7345,12,1831,1,20539
2,7346,10,1831,10,20540
2,7347,10,1831,1,20541
2,7348,23,1831,6,20542
2,7349,1,1831,1,20543
2,7349,10,1831,1,20544
2,7349,24,1831,30,20545
2,7349,33,1831,31,20546
2,7350,1,1831,2,20547
2,7350,10,1831,6,20548
2,7351,10,1831,1,20549
2,7352,10,1831,1,20550
2,7353,10,1831,1,20551
2,7353,12,1831,1,20552
2,7353,18,1831,2,20553
2,7353,25,1831,3,20554
2,7354,1,1831,6,20555
2,7355,3,1831,4,20556
2,7355,4,1831,13,20557
2,7355,6,1831,4,20558
2,7355,7,1831,6,20559
2,7355,8,1831,4,20560
2,7355,9,1831,4,20561
2,7355,10,1831,5,20562
2,7355,11,1831,1,20563
2,7355,17,1831,2,20564
2,7355,19,1831,4,20565
2,7355,26,1831,7,20566
2,7355,27,1831,5,20567
2,7355,28,1831,11,20568
2,7355,37,1831,6,20569
2,7356,10,1831,5,20570
2,7357,10,1831,4,20571
2,7357,22,1831,20,20572
2,7357,24,1831,12,20573
2,7357,33,1831,12,20574
2,7357,34,1831,15,20575
2,7358,1,1831,1,20576
2,7358,10,1831,7,20577
2,7359,1,1831,1,20578
2,7359,10,1831,2,20579
2,7360,1,1831,4,20580
2,7361,1,1831,1,20581
2,7361,10,1831,4,20582
2,7362,1,1831,1,20583
2,7362,10,1831,2,20584
2,7362,30,1831,6,20585
2,7363,10,1831,2,20586
2,7364,10,1831,1,20587
2,7365,10,1831,1,20588
2,7366,1,1831,1,20589
2,7366,10,1831,1,20590
2,7367,1,1831,1,20591
2,7367,10,1831,4,20592
2,7368,10,1831,6,20593
2,7369,3,1831,4,20594
2,7369,4,1831,8,20595
2,7369,10,1831,1,20596
2,7369,17,1831,1,20597
2,7369,19,1831,4,20598
2,7369,25,1831,1,20599
2,7369,28,1831,3,20600
2,7369,47,1831,4,20601
2,7370,1,1831,1,20602
2,7370,10,1831,1,20603
2,7370,30,1831,4,20604
2,7371,10,1831,1,20605
2,7372,10,1831,5,20606
2,7372,12,1831,2,20607
2,7373,1,1831,1,20608
2,7373,10,1831,1,20609
2,7374,10,1831,5,20610
2,7375,10,1831,8,20611
2,7376,10,1831,15,20612
2,7377,10,1831,1,20613
2,7378,1,1831,1,20614
2,7378,10,1831,4,20615
2,7379,10,1835,2,20616
2,7380,10,1835,5,20617
2,7381,10,1835,5,20618
2,7382,15,1835,2,20619
2,7382,19,1835,3,20620
2,7382,26,1835,4,20621
2,7382,27,1835,7,20622
2,7382,28,1835,7,20623
2,7382,37,1835,2,20624
2,7382,49,1835,3,20625
2,7383,10,1835,1,20626
2,7384,10,1835,2,20627
2,7385,1,1835,3,20628
2,7385,10,1835,14,20629
2,7386,10,1835,2,20630
2,7386,12,1835,1,20631
2,7387,1,1835,2,20632
2,7387,2,1835,5,20633
2,7387,3,1835,5,20634
2,7387,4,1835,14,20635
2,7387,6,1835,11,20636
2,7387,7,1835,5,20637
2,7387,8,1835,5,20638
2,7387,9,1835,2,20639
2,7387,10,1835,19,20640
2,7387,11,1835,1,20641
2,7387,17,1835,1,20642
2,7387,26,1835,2,20643
2,7387,27,1835,4,20644
2,7387,38,1835,2,20645
2,7387,42,1835,2,20646
2,7387,45,1835,6,20647
2,7388,1,1835,4,20648
2,7388,3,1835,10,20649
2,7388,4,1835,50,20650
2,7388,6,1835,5,20651
2,7388,7,1835,9,20652
2,7388,8,1835,9,20653
2,7388,9,1835,3,20654
2,7388,10,1835,74,20655
2,7388,11,1835,2,20656
2,7388,17,1835,3,20657
2,7388,18,1835,1,20658
2,7388,25,1835,1,20659
2,7389,10,1836,6,20660
2,7390,1,1837,1,20661
2,7390,10,1837,1,20662
2,7391,10,1835,1,20663
2,7392,1,1835,1,20664
2,7392,2,1835,7,20665
2,7392,3,1835,13,20666
2,7392,4,1835,49,20667
2,7392,6,1835,6,20668
2,7392,7,1835,9,20669
2,7392,8,1835,10,20670
2,7392,9,1835,4,20671
2,7392,10,1835,5,20672
2,7392,11,1835,1,20673
2,7392,15,1835,3,20674
2,7392,17,1835,3,20675
2,7392,18,1835,1,20676
2,7392,19,1835,5,20677
2,7392,25,1835,4,20678
2,7392,26,1835,3,20679
2,7392,27,1835,9,20680
2,7392,28,1835,15,20681
2,7392,37,1835,3,20682
2,7392,48,1835,3,20683
2,7393,10,1835,1,20684
2,7394,10,1835,2,20685
2,7395,10,1835,1,20686
2,7395,18,1835,1,20687
2,7395,25,1835,11,20688
2,7396,10,1835,1,20689
2,7396,55,1835,1,20690
2,7397,1,1835,1,20691
2,7397,10,1835,1,20692
2,7398,40,1835,10,20693
2,7398,55,1835,10,20694
2,7399,10,1835,1,20695
2,7400,1,1835,1,20696
2,7401,10,1835,2,20697
2,7402,1,1835,1,20698
2,7402,10,1835,5,20699
2,7403,1,1835,1,20700
2,7403,10,1835,1,20701
2,7404,10,1835,7,20702
2,7405,10,1835,1,20703
2,7406,10,1838,2,20704
2,7407,10,1838,1,20705
2,7408,10,1838,2,20706
2,7409,10,1838,5,20707
2,7410,10,1838,14,20708
2,7410,12,1838,2,20709
2,7411,1,1838,1,20710
2,7411,10,1838,9,20711
2,7412,1,1838,1,20712
2,7412,2,1838,2,20713
2,7412,3,1838,2,20714
2,7412,4,1838,4,20715
2,7412,6,1838,3,20716
2,7412,7,1838,2,20717
2,7412,8,1838,3,20718
2,7412,9,1838,1,20719
2,7412,10,1838,14,20720
2,7412,11,1838,1,20721
2,7412,12,1838,3,20722
2,7412,18,1838,4,20723
2,7413,1,1838,1,20724
2,7413,3,1838,9,20725
2,7413,4,1838,18,20726
2,7413,6,1838,1,20727
2,7413,7,1838,2,20728
2,7413,8,1838,2,20729
2,7413,9,1838,1,20730
2,7413,10,1838,23,20731
2,7413,11,1838,1,20732
2,7413,18,1838,4,20733
2,7414,10,1838,12,20734
2,7415,10,1838,11,20735
2,7416,1,1838,1,20736
2,7416,3,1838,13,20737
2,7416,4,1838,23,20738
2,7416,5,1838,1,20739
2,7416,6,1838,3,20740
2,7416,7,1838,1,20741
2,7416,8,1838,3,20742
2,7416,9,1838,1,20743
2,7416,10,1838,4,20744
2,7416,11,1838,1,20745
2,7416,17,1838,2,20746
2,7416,25,1838,1,20747
2,7417,1,1838,1,20748
2,7417,10,1838,7,20749
2,7418,1,1838,1,20750
2,7418,10,1838,1,20751
2,7419,1,1838,1,20752
2,7419,10,1838,4,20753
2,7420,10,1838,3,20754
2,7421,1,1838,1,20755
2,7421,10,1838,5,20756
2,7422,1,1839,1,20757
2,7422,2,1839,2,20758
2,7422,3,1839,3,20759
2,7422,4,1839,3,20760
2,7422,6,1839,1,20761
2,7422,7,1839,3,20762
2,7422,8,1839,2,20763
2,7422,9,1839,1,20764
2,7422,10,1839,1,20765
2,7422,11,1839,1,20766
2,7422,12,1839,1,20767
2,7422,18,1839,3,20768
2,7423,10,1836,1,20769
2,7424,10,1836,2,20770
2,7425,1,1836,1,20771
2,7425,2,1836,2,20772
2,7425,3,1836,6,20773
2,7425,4,1836,12,20774
2,7425,6,1836,4,20775
2,7425,7,1836,4,20776
2,7425,8,1836,4,20777
2,7425,9,1836,2,20778
2,7425,10,1836,5,20779
2,7425,11,1836,1,20780
2,7425,12,1836,1,20781
2,7425,18,1836,2,20782
2,7425,29,1836,2,20783
2,7425,37,1836,2,20784
2,7426,10,1836,1,20785
2,7427,10,1836,1,20786
2,7428,10,1836,7,20787
2,7429,25,1836,1,20788
2,7430,1,1840,2,20789
2,7430,2,1840,1,20790
2,7430,3,1840,2,20791
2,7430,4,1840,2,20792
2,7430,6,1840,2,20793
2,7430,7,1840,2,20794
2,7430,8,1840,2,20795
2,7430,9,1840,1,20796
2,7430,10,1840,2,20797
2,7430,11,1840,1,20798
2,7430,18,1840,3,20799
2,7431,1,1840,1,20800
2,7431,10,1840,4,20801
2,7432,10,1841,1,20802
2,7433,1,1841,2,20803
2,7433,2,1841,6,20804
2,7433,3,1841,3,20805
2,7433,4,1841,7,20806
2,7433,6,1841,4,20807
2,7433,7,1841,3,20808
2,7433,8,1841,3,20809
2,7433,9,1841,2,20810
2,7433,10,1841,11,20811
2,7433,11,1841,1,20812
2,7433,18,1841,2,20813
2,7434,3,1841,1,20814
2,7434,4,1841,1,20815
2,7434,10,1841,3,20816
2,7435,6,1841,10,20817
2,7435,7,1841,15,20818
2,7435,8,1841,15,20819
2,7435,9,1841,2,20820
2,7435,10,1841,1,20821
2,7436,1,1842,1,20822
2,7436,2,1842,4,20823
2,7436,3,1842,4,20824
2,7436,4,1842,6,20825
2,7436,6,1842,4,20826
2,7436,7,1842,4,20827
2,7436,8,1842,4,20828
2,7436,9,1842,1,20829
2,7436,10,1842,16,20830
2,7436,11,1842,1,20831
2,7436,18,1842,4,20832
2,7436,25,1842,1,20833
2,7437,10,1842,4,20834
2,7438,1,1842,1,20835
2,7438,10,1842,1,20836
2,7439,10,1842,1,20837
2,7440,1,1843,4,20838
2,7440,2,1843,4,20839
2,7440,3,1843,2,20840
2,7440,4,1843,6,20841
2,7440,10,1843,12,20842
2,7440,11,1843,1,20843
2,7440,18,1843,3,20844
2,7441,10,1843,1,20845
2,7442,1,1844,1,20846
2,7442,2,1844,2,20847
2,7442,3,1844,6,20848
2,7442,4,1844,13,20849
2,7442,6,1844,3,20850
2,7442,7,1844,2,20851
2,7442,8,1844,2,20852
2,7442,9,1844,1,20853
2,7442,10,1844,9,20854
2,7442,11,1844,1,20855
2,7442,18,1844,3,20856
2,7443,2,1837,10,20857
2,7443,3,1837,12,20858
2,7443,4,1837,52,20859
2,7443,6,1837,14,20860
2,7443,7,1837,7,20861
2,7443,8,1837,7,20862
2,7443,9,1837,3,20863
2,7443,10,1837,2,20864
2,7443,11,1837,1,20865
2,7443,17,1837,2,20866
2,7443,18,1837,2,20867
2,7443,19,1837,5,20868
2,7443,25,1837,1,20869
2,7443,26,1837,9,20870
2,7443,27,1837,6,20871
2,7443,28,1837,10,20872
2,7443,29,1837,4,20873
2,7443,37,1837,3,20874
2,7444,1,1837,1,20875
2,7444,2,1837,3,20876
2,7444,3,1837,7,20877
2,7444,4,1837,9,20878
2,7444,7,1837,5,20879
2,7444,8,1837,6,20880
2,7444,9,1837,3,20881
2,7444,10,1837,9,20882
2,7444,11,1837,1,20883
2,7444,12,1837,1,20884
2,7444,17,1837,1,20885
2,7444,18,1837,2,20886
2,7445,1,1837,8,20887
2,7445,2,1837,19,20888
2,7445,3,1837,22,20889
2,7445,4,1837,21,20890
2,7445,6,1837,8,20891
2,7445,7,1837,10,20892
2,7445,8,1837,18,20893
2,7445,9,1837,5,20894
2,7445,10,1837,51,20895
2,7445,11,1837,1,20896
2,7445,17,1837,1,20897
2,7445,18,1837,4,20898
2,7445,25,1837,3,20899
2,7446,10,1837,3,20900
2,7447,10,1837,10,20901
2,7448,10,1837,10,20902
2,7449,10,1837,14,20903
2,7449,12,1837,1,20904
2,7450,1,1837,1,20905
2,7450,4,1837,4,20906
2,7450,6,1837,2,20907
2,7450,7,1837,2,20908
2,7450,8,1837,2,20909
2,7450,9,1837,1,20910
2,7450,10,1837,1,20911
2,7450,17,1837,1,20912
2,7450,18,1837,2,20913
2,7451,1,1837,3,20914
2,7452,10,1837,4,20915
2,7453,1,1837,1,20916
2,7453,2,1837,1,20917
2,7453,3,1837,2,20918
2,7453,4,1837,7,20919
2,7453,5,1837,1,20920
2,7453,7,1837,2,20921
2,7453,8,1837,1,20922
2,7453,9,1837,1,20923
2,7453,10,1837,1,20924
2,7453,11,1837,1,20925
2,7453,17,1837,1,20926
2,7453,18,1837,1,20927
2,7453,19,1837,1,20928
2,7453,25,1837,2,20929
2,7454,10,1845,2,20930
2,7454,40,1845,1,20931
2,7455,1,1837,1,20932
2,7455,4,1837,6,20933
2,7455,10,1837,7,20934
2,7455,17,1837,1,20935
2,7456,10,1837,2,20936
2,7457,1,1837,1,20937
2,7457,10,1837,1,20938
2,7458,10,1837,1,20939
2,7459,1,1837,1,20940
2,7459,4,1837,6,20941
2,7459,10,1837,7,20942
2,7459,17,1837,1,20943
2,7460,1,1837,1,20944
2,7460,10,1837,10,20945
2,7461,10,1837,1,20946
2,7462,1,1837,1,20947
2,7462,4,1837,2,20948
2,7462,10,1837,3,20949
2,7462,17,1837,1,20950
2,7463,10,1837,2,20951
2,7464,10,1837,4,20952
2,7464,18,1837,1,20953
2,7464,40,1837,1,20954
2,7465,10,1837,3,20955
2,7466,10,1837,2,20956
2,7467,10,1837,1,20957
2,7468,10,1837,10,20958
2,7469,1,1846,1,20959
2,7469,3,1846,2,20960
2,7469,4,1846,4,20961
2,7469,6,1846,2,20962
2,7469,7,1846,2,20963
2,7469,8,1846,2,20964
2,7469,9,1846,1,20965
2,7469,10,1846,4,20966
2,7469,12,1846,1,20967
2,7469,18,1846,3,20968
2,7470,10,1847,3,20969
2,7471,10,1847,4,20970
2,7471,12,1847,1,20971
2,7472,10,1847,2,20972
2,7473,2,1847,1,20973
2,7473,4,1847,6,20974
2,7473,6,1847,4,20975
2,7473,7,1847,3,20976
2,7473,8,1847,3,20977
2,7473,9,1847,2,20978
2,7473,10,1847,3,20979
2,7473,18,1847,4,20980
2,7474,1,1847,1,20981
2,7474,3,1847,4,20982
2,7474,4,1847,19,20983
2,7474,6,1847,2,20984
2,7474,7,1847,3,20985
2,7474,8,1847,3,20986
2,7474,9,1847,2,20987
2,7474,10,1847,8,20988
2,7474,11,1847,1,20989
2,7474,17,1847,3,20990
2,7475,1,1847,1,20991
2,7475,2,1847,3,20992
2,7475,3,1847,14,20993
2,7475,4,1847,30,20994
2,7475,5,1847,3,20995
2,7475,6,1847,10,20996
2,7475,7,1847,10,20997
2,7475,8,1847,10,20998
2,7475,9,1847,2,20999
2,7475,10,1847,5,21000
2,7475,11,1847,1,21001
2,7475,16,1847,3,21002
2,7475,17,1847,3,21003
2,7475,18,1847,1,21004
2,7475,25,1847,4,21005
2,7476,1,1847,2,21006
2,7476,2,1847,2,21007
2,7476,3,1847,12,21008
2,7476,4,1847,77,21009
2,7476,6,1847,10,21010
2,7476,7,1847,15,21011
2,7476,8,1847,15,21012
2,7476,9,1847,3,21013
2,7476,10,1847,12,21014
2,7476,11,1847,1,21015
2,7476,16,1847,5,21016
2,7476,17,1847,2,21017
2,7476,18,1847,2,21018
2,7476,19,1847,5,21019
2,7476,25,1847,7,21020
2,7476,26,1847,2,21021
2,7476,27,1847,6,21022
2,7476,28,1847,8,21023
2,7476,29,1847,6,21024
2,7476,37,1847,2,21025
2,7476,38,1847,6,21026
2,7476,39,1847,2,21027
2,7477,1,1847,1,21028
2,7477,10,1847,1,21029
2,7478,1,1847,1,21030
2,7478,4,1847,4,21031
2,7478,10,1847,3,21032
2,7478,17,1847,1,21033
2,7479,10,1847,3,21034
2,7480,1,1847,1,21035
2,7481,10,1847,1,21036
2,7482,1,1847,1,21037
2,7482,4,1847,2,21038
2,7482,10,1847,3,21039
2,7482,16,1847,1,21040
2,7482,17,1847,1,21041
2,7483,10,1847,1,21042
2,7484,4,1847,4,21043
2,7484,10,1847,2,21044
2,7484,16,1847,1,21045
2,7484,17,1847,1,21046
2,7485,10,1847,1,21047
2,7486,10,1847,7,21048
2,7486,20,1847,8,21049
2,7486,21,1847,4,21050
2,7487,1,1847,1,21051
2,7487,10,1847,1,21052
2,7487,12,1847,1,21053
2,7487,17,1847,1,21054
2,7488,10,1847,1,21055
2,7489,4,1847,1,21056
2,7489,10,1847,3,21057
2,7489,40,1847,1,21058
2,7490,1,1847,1,21059
2,7490,4,1847,5,21060
2,7490,10,1847,2,21061
2,7490,17,1847,1,21062
2,7491,10,1847,1,21063
2,7492,1,1848,1,21064
2,7492,3,1848,4,21065
2,7492,4,1848,8,21066
2,7492,6,1848,2,21067
2,7492,7,1848,2,21068
2,7492,8,1848,2,21069
2,7492,9,1848,1,21070
2,7492,10,1848,5,21071
2,7492,18,1848,5,21072
2,7493,10,1848,1,21073
2,7494,1,1849,1,21074
2,7494,10,1849,3,21075
2,7495,1,1849,2,21076
2,7495,2,1849,2,21077
2,7495,4,1849,5,21078
2,7495,6,1849,1,21079
2,7495,7,1849,2,21080
2,7495,8,1849,2,21081
2,7495,9,1849,1,21082
2,7495,10,1849,2,21083
2,7495,11,1849,1,21084
2,7495,18,1849,3,21085
2,7496,10,1849,1,21086
2,7497,1,1850,1,21087
2,7497,10,1850,1,21088
2,7498,10,1850,3,21089
2,7499,1,1850,1,21090
2,7499,2,1850,2,21091
2,7499,3,1850,3,21092
2,7499,4,1850,5,21093
2,7499,5,1850,2,21094
2,7499,6,1850,4,21095
2,7499,7,1850,5,21096
2,7499,8,1850,5,21097
2,7499,9,1850,3,21098
2,7499,10,1850,14,21099
2,7499,11,1850,1,21100
2,7499,12,1850,2,21101
2,7499,18,1850,2,21102
2,7500,2,1850,16,21103
2,7500,3,1850,15,21104
2,7500,4,1850,20,21105
2,7500,10,1850,1,21106
2,7500,11,1850,1,21107
2,7500,17,1850,2,21108
2,7500,18,1850,2,21109
2,7500,25,1850,2,21110
2,7501,10,1850,5,21111
2,7502,1,1850,1,21112
2,7502,4,1850,5,21113
2,7502,10,1850,2,21114
2,7502,17,1850,1,21115
2,7503,1,1850,1,21116
2,7503,10,1850,1,21117
2,7504,2,1850,20,21118
2,7504,3,1850,15,21119
2,7504,4,1850,20,21120
2,7504,6,1850,20,21121
2,7504,7,1850,20,21122
2,7504,8,1850,25,21123
2,7504,9,1850,3,21124
2,7504,10,1850,2,21125
2,7504,11,1850,1,21126
2,7504,17,1850,1,21127
2,7504,25,1850,2,21128
2,7504,29,1850,10,21129
2,7504,37,1850,2,21130
2,7504,40,1850,5,21131
2,7505,10,1850,1,21132
2,7506,1,1850,1,21133
2,7506,2,1850,1,21134
2,7506,3,1850,15,21135
2,7506,4,1850,20,21136
2,7506,6,1850,10,21137
2,7506,7,1850,15,21138
2,7506,8,1850,15,21139
2,7506,9,1850,2,21140
2,7506,10,1850,4,21141
2,7506,11,1850,1,21142
2,7506,16,1850,2,21143
2,7506,17,1850,2,21144
2,7506,25,1850,1,21145
2,7507,10,1850,1,21146
2,7508,10,1850,2,21147
2,7509,1,1850,30,21148
2,7509,6,1850,1,21149
2,7509,10,1850,1,21150
2,7509,21,1850,3,21151
2,7509,24,1850,30,21152
2,7509,32,1850,3,21153
2,7509,36,1850,3,21154
2,7509,58,1850,1,21155
2,7510,10,1850,6,21156
2,7511,1,1850,1,21157
2,7511,3,1850,4,21158
2,7511,4,1850,5,21159
2,7511,6,1850,2,21160
2,7511,7,1850,2,21161
2,7511,8,1850,2,21162
2,7511,9,1850,1,21163
2,7511,10,1850,1,21164
2,7511,17,1850,1,21165
2,7511,19,1850,1,21166
2,7511,25,1850,2,21167
2,7512,10,1850,1,21168
2,7513,1,1850,1,21169
2,7513,10,1850,2,21170
2,7514,1,1850,1,21171
2,7514,10,1850,4,21172
2,7515,10,1850,5,21173
2,7516,1,1850,1,21174
2,7516,10,1850,4,21175
2,7516,18,1850,1,21176
2,7516,25,1850,1,21177
2,7517,10,1850,5,21178
2,7518,10,1850,1,21179
2,7519,10,1850,1,21180
2,7520,10,1850,4,21181
2,7521,10,1851,1,21182
2,7522,10,1851,4,21183
2,7523,1,1851,1,21184
2,7523,3,1851,2,21185
2,7523,4,1851,4,21186
2,7523,10,1851,5,21187
2,7523,17,1851,1,21188
2,7523,40,1851,1,21189
2,7524,1,1851,3,21190
2,7524,2,1851,3,21191
2,7524,3,1851,4,21192
2,7524,4,1851,7,21193
2,7524,6,1851,2,21194
2,7524,7,1851,2,21195
2,7524,8,1851,2,21196
2,7524,9,1851,2,21197
2,7524,10,1851,11,21198
2,7524,11,1851,1,21199
2,7524,18,1851,4,21200
2,7525,1,1845,1,21201
2,7525,4,1845,4,21202
2,7525,10,1845,2,21203
2,7525,16,1845,1,21204
2,7525,17,1845,1,21205
2,7526,10,1851,1,21206
2,7527,10,1851,2,21207
2,7528,10,1852,1,21208
2,7529,1,1852,1,21209
2,7529,2,1852,3,21210
2,7529,3,1852,3,21211
2,7529,4,1852,3,21212
2,7529,6,1852,1,21213
2,7529,7,1852,4,21214
2,7529,8,1852,4,21215
2,7529,9,1852,2,21216
2,7529,10,1852,17,21217
2,7529,11,1852,1,21218
2,7529,18,1852,3,21219
2,7530,10,1852,1,21220
2,7531,1,1853,1,21221
2,7531,2,1853,1,21222
2,7531,3,1853,1,21223
2,7531,4,1853,4,21224
2,7531,5,1853,1,21225
2,7531,6,1853,1,21226
2,7531,7,1853,2,21227
2,7531,8,1853,2,21228
2,7531,9,1853,1,21229
2,7531,10,1853,8,21230
2,7531,11,1853,1,21231
2,7531,18,1853,3,21232
2,7532,1,1854,1,21233
2,7532,2,1854,2,21234
2,7532,3,1854,2,21235
2,7532,4,1854,2,21236
2,7532,5,1854,2,21237
2,7532,6,1854,2,21238
2,7532,7,1854,2,21239
2,7532,8,1854,2,21240
2,7532,9,1854,1,21241
2,7532,10,1854,3,21242
2,7532,11,1854,1,21243
2,7532,12,1854,2,21244
2,7532,18,1854,3,21245
2,7533,10,1855,5,21246
2,7534,10,1855,2,21247
2,7535,1,1855,1,21248
2,7535,2,1855,10,21249
2,7535,3,1855,10,21250
2,7535,4,1855,20,21251
2,7535,6,1855,5,21252
2,7535,7,1855,8,21253
2,7535,8,1855,9,21254
2,7535,9,1855,3,21255
2,7535,10,1855,15,21256
2,7535,11,1855,1,21257
2,7535,17,1855,2,21258
2,7535,18,1855,1,21259
2,7535,25,1855,4,21260
2,7536,3,1855,2,21261
2,7536,4,1855,8,21262
2,7536,7,1855,1,21263
2,7536,8,1855,1,21264
2,7536,9,1855,1,21265
2,7536,10,1855,3,21266
2,7536,17,1855,1,21267
2,7536,18,1855,1,21268
2,7537,10,1855,6,21269
2,7538,10,1855,1,21270
2,7539,10,1855,1,21271
2,7540,10,1845,4,21272
2,7541,10,1845,9,21273
2,7541,12,1845,1,21274
2,7542,2,1845,17,21275
2,7542,3,1845,17,21276
2,7542,4,1845,24,21277
2,7542,6,1845,4,21278
2,7542,7,1845,4,21279
2,7542,8,1845,4,21280
2,7542,9,1845,1,21281
2,7542,10,1845,1,21282
2,7542,11,1845,1,21283
2,7542,17,1845,2,21284
2,7542,18,1845,3,21285
2,7542,25,1845,3,21286
2,7542,29,1845,5,21287
2,7542,37,1845,2,21288
2,7543,2,1845,3,21289
2,7543,3,1845,10,21290
2,7543,4,1845,20,21291
2,7543,6,1845,2,21292
2,7543,7,1845,2,21293
2,7543,8,1845,1,21294
2,7543,9,1845,1,21295
2,7543,10,1845,1,21296
2,7543,11,1845,1,21297
2,7543,17,1845,1,21298
2,7543,18,1845,4,21299
2,7543,25,1845,1,21300
2,7544,4,1845,3,21301
2,7544,7,1845,4,21302
2,7544,8,1845,3,21303
2,7544,9,1845,2,21304
2,7544,10,1845,14,21305
2,7544,12,1845,1,21306
2,7544,18,1845,2,21307
2,7545,10,1845,1,21308
2,7546,1,1845,1,21309
2,7547,10,1845,1,21310
2,7548,10,1845,1,21311
2,7549,1,1856,1,21312
2,7549,2,1856,2,21313
2,7549,3,1856,3,21314
2,7549,4,1856,6,21315
2,7549,6,1856,3,21316
2,7549,7,1856,3,21317
2,7549,8,1856,3,21318
2,7549,9,1856,2,21319
2,7549,10,1856,15,21320
2,7549,11,1856,1,21321
2,7549,18,1856,2,21322
2,7550,10,1856,2,21323
2,7551,1,1857,1,21324
2,7551,2,1857,1,21325
2,7551,4,1857,5,21326
2,7551,7,1857,1,21327
2,7551,8,1857,1,21328
2,7551,9,1857,1,21329
2,7551,10,1857,10,21330
2,7551,11,1857,1,21331
2,7551,18,1857,3,21332
2,7552,2,1858,2,21333
2,7552,3,1858,2,21334
2,7552,4,1858,7,21335
2,7552,6,1858,3,21336
2,7552,7,1858,1,21337
2,7552,8,1858,1,21338
2,7552,9,1858,1,21339
2,7552,10,1858,8,21340
2,7552,11,1858,1,21341
2,7552,18,1858,3,21342
2,7553,10,1858,2,21343
2,7554,10,1859,1,21344
2,7555,10,1859,1,21345
2,7556,2,1859,2,21346
2,7556,3,1859,1,21347
2,7556,4,1859,3,21348
2,7556,6,1859,2,21349
2,7556,7,1859,3,21350
2,7556,8,1859,3,21351
2,7556,9,1859,1,21352
2,7556,10,1859,2,21353
2,7556,11,1859,1,21354
2,7556,18,1859,3,21355
2,7557,10,1859,2,21356
2,7558,10,1860,7,21357
2,7558,12,1860,1,21358
2,7559,10,1860,1,21359
2,7560,10,1860,1,21360
2,7561,1,1860,1,21361
2,7561,2,1860,2,21362
2,7561,3,1860,2,21363
2,7561,4,1860,6,21364
2,7561,7,1860,3,21365
2,7561,8,1860,3,21366
2,7561,9,1860,1,21367
2,7561,10,1860,7,21368
2,7561,11,1860,1,21369
2,7561,18,1860,2,21370
2,7562,10,1860,2,21371
2,7563,3,1861,3,21372
2,7563,4,1861,4,21373
2,7563,6,1861,1,21374
2,7563,7,1861,2,21375
2,7563,8,1861,2,21376
2,7563,9,1861,1,21377
2,7563,10,1861,5,21378
2,7563,18,1861,2,21379
2,7564,10,1862,1,21380
2,7565,1,1862,1,21381
2,7565,2,1862,2,21382
2,7565,3,1862,4,21383
2,7565,4,1862,18,21384
2,7565,6,1862,2,21385
2,7565,7,1862,4,21386
2,7565,8,1862,4,21387
2,7565,9,1862,1,21388
2,7565,10,1862,8,21389
2,7565,11,1862,1,21390
2,7565,18,1862,2,21391
2,7566,10,1862,1,21392
2,7567,18,1862,1,21393
2,7568,10,1862,1,21394
2,7569,1,1862,1,21395
2,7569,4,1862,4,21396
2,7569,10,1862,4,21397
2,7569,16,1862,1,21398
2,7569,17,1862,1,21399
2,7570,10,1862,5,21400
2,7571,2,1863,1,21401
2,7571,3,1863,2,21402
2,7571,4,1863,4,21403
2,7571,6,1863,2,21404
2,7571,7,1863,2,21405
2,7571,8,1863,2,21406
2,7571,9,1863,1,21407
2,7571,10,1863,13,21408
2,7571,11,1863,1,21409
2,7571,18,1863,2,21410
2,7572,1,1864,1,21411
2,7572,10,1864,6,21412
2,7572,17,1864,1,21413
2,7573,1,1864,4,21414
2,7573,3,1864,2,21415
2,7573,4,1864,6,21416
2,7573,10,1864,4,21417
2,7573,11,1864,1,21418
2,7573,18,1864,2,21419
2,7573,35,1864,2,21420
2,7574,1,1865,1,21421
2,7574,2,1865,2,21422
2,7574,3,1865,2,21423
2,7574,4,1865,4,21424
2,7574,6,1865,2,21425
2,7574,7,1865,2,21426
2,7574,8,1865,2,21427
2,7574,9,1865,1,21428
2,7574,10,1865,4,21429
2,7574,11,1865,1,21430
2,7574,18,1865,2,21431
2,7575,1,1865,1,21432
2,7576,1,1866,1,21433
2,7576,2,1866,1,21434
2,7576,3,1866,2,21435
2,7576,4,1866,2,21436
2,7576,6,1866,3,21437
2,7576,7,1866,2,21438
2,7576,8,1866,2,21439
2,7576,9,1866,1,21440
2,7576,10,1866,7,21441
2,7576,11,1866,1,21442
2,7576,18,1866,2,21443
2,7577,10,1866,3,21444
2,7578,10,1867,12,21445
2,7579,10,1867,1,21446
2,7580,1,1867,1,21447
2,7580,2,1867,6,21448
2,7580,3,1867,3,21449
2,7580,4,1867,6,21450
2,7580,6,1867,2,21451
2,7580,7,1867,2,21452
2,7580,8,1867,2,21453
2,7580,9,1867,1,21454
2,7580,10,1867,12,21455
2,7580,11,1867,2,21456
2,7580,18,1867,3,21457
2,7581,10,1867,1,21458
2,7582,10,1867,1,21459
2,7583,1,1867,1,21460
2,7583,4,1867,4,21461
2,7583,10,1867,2,21462
2,7583,17,1867,1,21463
2,7583,18,1867,1,21464
2,7584,10,1868,2,21465
2,7585,10,1868,1,21466
2,7586,1,1868,3,21467
2,7586,10,1868,15,21468
2,7587,10,1868,1,21469
2,7588,10,1868,1,21470
2,7589,1,1868,2,21471
2,7589,10,1868,4,21472
2,7590,2,1868,2,21473
2,7590,3,1868,6,21474
2,7590,4,1868,19,21475
2,7590,6,1868,3,21476
2,7590,7,1868,4,21477
2,7590,8,1868,3,21478
2,7590,9,1868,5,21479
2,7590,10,1868,4,21480
2,7590,11,1868,1,21481
2,7590,12,1868,1,21482
2,7590,18,1868,4,21483
2,7591,1,1868,1,21484
2,7591,10,1868,9,21485
2,7592,10,1868,5,21486
2,7593,10,1868,1,21487
2,7594,10,1868,5,21488
2,7595,1,1868,1,21489
2,7595,10,1868,2,21490
2,7595,16,1868,1,21491
2,7595,17,1868,1,21492
2,7596,18,1868,2,21493
2,7597,1,1868,1,21494
2,7597,10,1868,1,21495
2,7598,10,1868,1,21496
2,7599,3,1869,2,21497
2,7599,4,1869,7,21498
2,7599,6,1869,1,21499
2,7599,7,1869,2,21500
2,7599,8,1869,2,21501
2,7599,9,1869,1,21502
2,7599,10,1869,6,21503
2,7599,11,1869,1,21504
2,7599,18,1869,1,21505
2,7600,18,1870,1,21506
2,7601,3,1870,2,21507
2,7601,4,1870,6,21508
2,7601,6,1870,1,21509
2,7601,7,1870,1,21510
2,7601,8,1870,1,21511
2,7601,9,1870,1,21512
2,7601,10,1870,6,21513
2,7601,11,1870,1,21514
2,7601,18,1870,1,21515
2,7602,1,1871,1,21516
2,7602,10,1871,3,21517
2,7603,10,1871,4,21518
2,7604,1,1871,2,21519
2,7604,2,1871,2,21520
2,7604,3,1871,3,21521
2,7604,4,1871,7,21522
2,7604,6,1871,5,21523
2,7604,7,1871,3,21524
2,7604,8,1871,3,21525
2,7604,9,1871,3,21526
2,7604,10,1871,5,21527
2,7604,11,1871,1,21528
2,7604,18,1871,2,21529
2,7604,25,1871,1,21530
2,7605,1,1872,1,21531
2,7605,3,1872,1,21532
2,7605,4,1872,3,21533
2,7605,5,1872,2,21534
2,7605,6,1872,2,21535
2,7605,7,1872,4,21536
2,7605,8,1872,4,21537
2,7605,9,1872,1,21538
2,7605,10,1872,4,21539
2,7605,11,1872,1,21540
2,7605,18,1872,1,21541
2,7606,10,1873,1,21542
2,7607,10,1873,4,21543
2,7608,1,1873,2,21544
2,7608,10,1873,2,21545
2,7609,10,1873,1,21546
2,7610,3,1873,2,21547
2,7610,4,1873,8,21548
2,7610,6,1873,3,21549
2,7610,7,1873,3,21550
2,7610,8,1873,3,21551
2,7610,9,1873,2,21552
2,7610,10,1873,8,21553
2,7610,11,1873,1,21554
2,7610,18,1873,1,21555
2,7611,3,1874,2,21556
2,7611,4,1874,6,21557
2,7611,6,1874,1,21558
2,7611,7,1874,1,21559
2,7611,9,1874,1,21560
2,7611,10,1874,5,21561
2,7611,11,1874,1,21562
2,7611,18,1874,2,21563
2,7612,3,1875,2,21564
2,7612,4,1875,8,21565
2,7612,6,1875,2,21566
2,7612,7,1875,2,21567
2,7612,8,1875,2,21568
2,7612,9,1875,1,21569
2,7612,10,1875,8,21570
2,7612,11,1875,1,21571
2,7612,18,1875,2,21572
2,7613,2,1876,1,21573
2,7613,3,1876,3,21574
2,7613,4,1876,3,21575
2,7613,6,1876,1,21576
2,7613,7,1876,1,21577
2,7613,8,1876,1,21578
2,7613,9,1876,1,21579
2,7613,10,1876,1,21580
2,7613,11,1876,1,21581
2,7613,18,1876,1,21582
2,7614,1,1877,1,21583
2,7614,3,1877,2,21584
2,7614,4,1877,8,21585
2,7614,6,1877,1,21586
2,7614,7,1877,3,21587
2,7614,8,1877,3,21588
2,7614,9,1877,3,21589
2,7614,10,1877,3,21590
2,7614,11,1877,1,21591
2,7614,18,1877,2,21592
2,7615,10,1877,4,21593
2,7616,10,1878,1,21594
2,7617,1,1878,2,21595
2,7617,10,1878,2,21596
2,7618,22,1878,15,21597
2,7618,24,1878,24,21598
2,7618,32,1878,4,21599
2,7618,34,1878,15,21600
2,7619,1,1878,1,21601
2,7619,10,1878,5,21602
2,7620,1,1878,1,21603
2,7620,10,1878,1,21604
2,7621,10,1878,5,21605
2,7622,1,1878,2,21606
2,7622,10,1878,6,21607
2,7623,10,1878,3,21608
2,7624,1,1878,2,21609
2,7624,2,1878,2,21610
2,7624,3,1878,1,21611
2,7624,4,1878,10,21612
2,7624,6,1878,1,21613
2,7624,7,1878,2,21614
2,7624,8,1878,2,21615
2,7624,9,1878,1,21616
2,7624,10,1878,4,21617
2,7624,11,1878,1,21618
2,7624,17,1878,1,21619
2,7625,1,1878,2,21620
2,7625,10,1878,42,21621
2,7625,12,1878,1,21622
2,7625,18,1878,2,21623
2,7626,1,1878,1,21624
2,7626,2,1878,24,21625
2,7626,3,1878,26,21626
2,7626,4,1878,62,21627
2,7626,6,1878,5,21628
2,7626,7,1878,10,21629
2,7626,8,1878,10,21630
2,7626,9,1878,5,21631
2,7626,10,1878,11,21632
2,7626,11,1878,2,21633
2,7626,17,1878,3,21634
2,7626,18,1878,3,21635
2,7626,19,1878,2,21636
2,7626,24,1878,6,21637
2,7626,25,1878,5,21638
2,7626,26,1878,4,21639
2,7626,27,1878,4,21640
2,7626,28,1878,8,21641
2,7626,37,1878,2,21642
2,7627,10,1878,3,21643
2,7628,10,1878,2,21644
2,7629,10,1878,1,21645
2,7630,1,1878,1,21646
2,7630,10,1878,1,21647
2,7630,17,1878,1,21648
2,7631,1,1878,1,21649
2,7631,10,1878,2,21650
2,7632,10,1878,3,21651
2,7633,10,1879,3,21652
2,7634,4,1879,5,21653
2,7634,7,1879,2,21654
2,7634,8,1879,2,21655
2,7634,9,1879,1,21656
2,7634,10,1879,1,21657
2,7634,12,1879,1,21658
2,7634,18,1879,3,21659
2,7635,10,1879,1,21660
2,7635,18,1879,1,21661
2,7636,1,1880,1,21662
2,7636,3,1880,3,21663
2,7636,4,1880,14,21664
2,7636,6,1880,1,21665
2,7636,7,1880,2,21666
2,7636,8,1880,2,21667
2,7636,9,1880,2,21668
2,7636,10,1880,16,21669
2,7636,11,1880,1,21670
2,7636,18,1880,3,21671
2,7637,3,1881,2,21672
2,7637,4,1881,8,21673
2,7637,6,1881,1,21674
2,7637,7,1881,2,21675
2,7637,8,1881,2,21676
2,7637,9,1881,1,21677
2,7637,10,1881,6,21678
2,7637,11,1881,1,21679
2,7637,18,1881,2,21680
2,7638,1,1882,1,21681
2,7638,3,1882,5,21682
2,7638,4,1882,5,21683
2,7638,6,1882,2,21684
2,7638,7,1882,2,21685
2,7638,8,1882,3,21686
2,7638,9,1882,1,21687
2,7638,10,1882,8,21688
2,7638,11,1882,1,21689
2,7638,18,1882,3,21690
2,7639,3,1883,2,21691
2,7639,4,1883,10,21692
2,7639,6,1883,1,21693
2,7639,7,1883,3,21694
2,7639,8,1883,2,21695
2,7639,9,1883,1,21696
2,7639,10,1883,7,21697
2,7639,11,1883,1,21698
2,7639,18,1883,2,21699
2,7640,3,1884,7,21700
2,7640,4,1884,13,21701
2,7640,6,1884,2,21702
2,7640,7,1884,2,21703
2,7640,8,1884,2,21704
2,7640,9,1884,2,21705
2,7640,10,1884,7,21706
2,7640,11,1884,1,21707
2,7640,18,1884,2,21708
2,7641,10,1885,1,21709
2,7642,1,1885,1,21710
2,7642,10,1885,2,21711
2,7643,18,1885,4,21712
2,7644,1,1885,1,21713
2,7644,10,1885,3,21714
2,7645,10,1885,1,21715
2,7646,10,1885,1,21716
2,7646,18,1885,3,21717
2,7647,10,1885,1,21718
2,7648,1,1885,2,21719
2,7648,10,1885,17,21720
2,7648,18,1885,2,21721
2,7648,25,1885,1,21722
2,7649,1,1886,1,21723
2,7649,2,1886,4,21724
2,7649,3,1886,3,21725
2,7649,4,1886,6,21726
2,7649,6,1886,1,21727
2,7649,7,1886,2,21728
2,7649,8,1886,3,21729
2,7649,9,1886,1,21730
2,7649,10,1886,2,21731
2,7649,11,1886,1,21732
2,7649,18,1886,3,21733
2,7650,10,1885,2,21734
2,7650,18,1885,2,21735
2,7650,25,1885,1,21736
2,7651,1,1885,1,21737
2,7651,10,1885,2,21738
2,7652,10,1885,1,21739
2,7652,18,1885,10,21740
2,7652,25,1885,8,21741
2,7653,3,1885,6,21742
2,7653,4,1885,21,21743
2,7653,6,1885,3,21744
2,7653,7,1885,3,21745
2,7653,8,1885,3,21746
2,7653,9,1885,2,21747
2,7653,10,1885,17,21748
2,7653,11,1885,1,21749
2,7653,18,1885,7,21750
2,7653,25,1885,1,21751
2,7654,3,1887,4,21752
2,7654,4,1887,10,21753
2,7654,6,1887,2,21754
2,7654,7,1887,2,21755
2,7654,8,1887,2,21756
2,7654,9,1887,1,21757
2,7654,10,1887,7,21758
2,7654,11,1887,1,21759
2,7654,18,1887,2,21760
2,7655,10,1888,1,21761
2,7656,1,1888,1,21762
2,7656,10,1888,4,21763
2,7657,10,1888,1,21764
2,7658,1,1888,1,21765
2,7658,10,1888,4,21766
2,7659,1,1888,1,21767
2,7659,2,1888,2,21768
2,7659,3,1888,5,21769
2,7659,4,1888,10,21770
2,7659,6,1888,2,21771
2,7659,7,1888,8,21772
2,7659,8,1888,8,21773
2,7659,9,1888,2,21774
2,7659,10,1888,10,21775
2,7659,11,1888,2,21776
2,7659,18,1888,3,21777
2,7660,1,1888,1,21778
2,7660,10,1888,4,21779
2,7661,10,1888,1,21780
2,7661,18,1888,2,21781
2,7662,10,1889,1,21782
2,7663,3,1889,4,21783
2,7663,4,1889,16,21784
2,7663,6,1889,1,21785
2,7663,7,1889,3,21786
2,7663,8,1889,2,21787
2,7663,9,1889,2,21788
2,7663,10,1889,11,21789
2,7663,11,1889,1,21790
2,7663,18,1889,1,21791
2,7664,1,1890,1,21792
2,7664,3,1890,2,21793
2,7664,4,1890,6,21794
2,7664,6,1890,2,21795
2,7664,7,1890,3,21796
2,7664,8,1890,4,21797
2,7664,9,1890,1,21798
2,7664,10,1890,12,21799
2,7664,11,1890,1,21800
2,7664,18,1890,3,21801
2,7665,2,1891,2,21802
2,7665,3,1891,2,21803
2,7665,4,1891,6,21804
2,7665,6,1891,2,21805
2,7665,7,1891,3,21806
2,7665,8,1891,3,21807
2,7665,9,1891,1,21808
2,7665,10,1891,6,21809
2,7665,11,1891,1,21810
2,7665,12,1891,1,21811
2,7665,18,1891,2,21812
2,7666,3,1892,2,21813
2,7666,4,1892,6,21814
2,7666,6,1892,1,21815
2,7666,7,1892,3,21816
2,7666,8,1892,3,21817
2,7666,9,1892,1,21818
2,7666,10,1892,7,21819
2,7666,11,1892,1,21820
2,7666,18,1892,1,21821
2,7667,1,1893,1,21822
2,7667,3,1893,2,21823
2,7667,4,1893,2,21824
2,7667,10,1893,5,21825
2,7667,18,1893,2,21826
2,7668,10,1894,1,21827
2,7669,10,1894,1,21828
2,7670,1,1894,1,21829
2,7670,2,1894,5,21830
2,7670,3,1894,6,21831
2,7670,4,1894,16,21832
2,7670,6,1894,2,21833
2,7670,7,1894,3,21834
2,7670,8,1894,3,21835
2,7670,9,1894,2,21836
2,7670,10,1894,6,21837
2,7670,11,1894,1,21838
2,7670,18,1894,4,21839
2,7671,10,1894,1,21840
2,7672,10,1894,2,21841
2,7673,10,1895,8,21842
2,7673,17,1895,2,21843
2,7674,10,1895,8,21844
2,7674,17,1895,3,21845
2,7675,1,1895,1,21846
2,7675,10,1895,11,21847
2,7676,10,1895,2,21848
2,7677,10,1895,2,21849
2,7678,1,1895,1,21850
2,7678,10,1895,9,21851
2,7678,23,1895,28,21852
2,7679,1,1895,1,21853
2,7679,2,1895,9,21854
2,7679,3,1895,4,21855
2,7679,4,1895,55,21856
2,7679,6,1895,6,21857
2,7679,7,1895,20,21858
2,7679,8,1895,23,21859
2,7679,9,1895,6,21860
2,7679,10,1895,16,21861
2,7679,11,1895,1,21862
2,7679,17,1895,6,21863
2,7679,19,1895,6,21864
2,7679,26,1895,5,21865
2,7679,27,1895,8,21866
2,7679,28,1895,15,21867
2,7679,37,1895,3,21868
2,7679,47,1895,1,21869
2,7679,48,1895,5,21870
2,7680,10,1895,6,21871
2,7681,10,1895,3,21872
2,7682,1,1895,2,21873
2,7682,10,1895,7,21874
2,7682,17,1895,2,21875
2,7683,10,1895,1,21876
2,7684,1,1895,1,21877
2,7684,10,1895,13,21878
2,7684,18,1895,8,21879
2,7684,25,1895,1,21880
2,7685,10,1895,2,21881
2,7686,6,1895,5,21882
2,7686,7,1895,5,21883
2,7686,8,1895,5,21884
2,7686,9,1895,2,21885
2,7686,10,1895,2,21886
2,7686,14,1895,10,21887
2,7686,19,1895,24,21888
2,7686,20,1895,40,21889
2,7686,22,1895,25,21890
2,7686,24,1895,154,21891
2,7686,32,1895,30,21892
2,7686,33,1895,45,21893
2,7686,34,1895,75,21894
2,7686,36,1895,30,21895
2,7687,1,1895,2,21896
2,7687,10,1895,15,21897
2,7687,17,1895,1,21898
2,7688,1,1895,1,21899
2,7688,2,1895,11,21900
2,7688,3,1895,26,21901
2,7688,4,1895,185,21902
2,7688,6,1895,10,21903
2,7688,7,1895,14,21904
2,7688,8,1895,14,21905
2,7688,9,1895,9,21906
2,7688,10,1895,32,21907
2,7688,11,1895,2,21908
2,7688,17,1895,4,21909
2,7688,18,1895,1,21910
2,7688,19,1895,1,21911
2,7688,25,1895,1,21912
2,7688,26,1895,12,21913
2,7688,27,1895,7,21914
2,7688,28,1895,8,21915
2,7688,30,1895,18,21916
2,7688,37,1895,6,21917
2,7688,40,1895,30,21918
2,7688,47,1895,2,21919
2,7688,48,1895,4,21920
2,7689,1,1895,4,21921
2,7689,2,1895,12,21922
2,7689,3,1895,12,21923
2,7689,4,1895,23,21924
2,7689,6,1895,5,21925
2,7689,7,1895,6,21926
2,7689,8,1895,7,21927
2,7689,9,1895,8,21928
2,7689,10,1895,65,21929
2,7689,11,1895,2,21930
2,7689,12,1895,2,21931
2,7689,18,1895,5,21932
2,7689,25,1895,1,21933
2,7690,1,1895,2,21934
2,7690,10,1895,1,21935
2,7691,10,1895,1,21936
2,7692,10,1895,1,21937
2,7693,10,1895,5,21938
2,7694,10,1895,1,21939
2,7694,17,1895,1,21940
2,7695,10,1895,2,21941
2,7695,17,1895,1,21942
2,7696,1,1895,4,21943
2,7696,10,1895,37,21944
2,7696,12,1895,2,21945
2,7697,1,1895,4,21946
2,7697,10,1895,1,21947
2,7698,10,1895,2,21948
2,7699,18,1895,10,21949
2,7699,25,1895,19,21950
2,7700,18,1895,1,21951
2,7700,25,1895,1,21952
2,7701,10,1895,2,21953
2,7702,10,1895,6,21954
2,7703,10,1895,1,21955
2,7704,10,1895,1,21956
2,7705,10,1895,1,21957
2,7706,10,1895,8,21958
2,7707,10,1895,3,21959
2,7708,10,1895,10,21960
2,7709,18,1895,8,21961
2,7709,25,1895,2,21962
2,7710,10,1895,5,21963
2,7711,10,1895,7,21964
2,7712,1,1895,1,21965
2,7712,10,1895,2,21966
2,7713,10,1895,3,21967
2,7714,10,1895,1,21968
2,7714,23,1895,38,21969
2,7715,10,1895,1,21970
2,7716,10,1895,4,21971
2,7717,1,1895,2,21972
2,7717,4,1895,141,21973
2,7717,7,1895,15,21974
2,7717,8,1895,15,21975
2,7717,9,1895,8,21976
2,7717,10,1895,7,21977
2,7717,17,1895,5,21978
2,7717,19,1895,9,21979
2,7717,28,1895,20,21980
2,7717,56,1895,11,21981
2,7718,10,1895,2,21982
2,7719,10,1895,6,21983
2,7720,1,1895,1,21984
2,7720,10,1895,1,21985
2,7720,17,1895,1,21986
2,7721,10,1895,1,21987
2,7722,10,1895,8,21988
2,7723,10,1895,1,21989
2,7724,10,1895,7,21990
2,7725,10,1895,3,21991
2,7725,30,1895,12,21992
2,7726,10,1895,5,21993
2,7727,10,1895,1,21994
2,7728,1,1895,1,21995
2,7728,10,1895,1,21996
2,7729,10,1895,1,21997
2,7730,10,1895,1,21998
2,7731,1,1895,1,21999
2,7731,10,1895,4,22000
2,7732,10,1895,3,22001
2,7733,1,1895,2,22002
2,7733,10,1895,5,22003
2,7734,10,1895,3,22004
2,7735,1,1895,1,22005
2,7735,10,1895,38,22006
2,7736,1,1895,1,22007
2,7736,4,1895,26,22008
2,7736,10,1895,10,22009
2,7736,17,1895,2,22010
2,7736,19,1895,7,22011
2,7736,28,1895,12,22012
2,7737,10,1895,1,22013
2,7738,10,1895,1,22014
2,7738,17,1895,1,22015
2,7739,10,1895,1,22016
2,7740,10,1895,4,22017
2,7741,1,1895,1,22018
2,7741,10,1895,2,22019
2,7742,10,1895,2,22020
2,7742,18,1895,1,22021
2,7742,22,1895,18,22022
2,7742,24,1895,28,22023
2,7742,32,1895,5,22024
2,7742,33,1895,76,22025
2,7742,34,1895,14,22026
2,7742,36,1895,10,22027
2,7742,40,1895,40,22028
2,7742,54,1895,18,22029
2,7742,58,1895,15,22030
2,7743,10,1895,1,22031
2,7744,10,1895,1,22032
2,7745,10,1895,7,22033
2,7746,10,1895,1,22034
2,7747,10,1895,4,22035
2,7748,1,1895,2,22036
2,7748,4,1895,22,22037
2,7748,7,1895,5,22038
2,7748,8,1895,5,22039
2,7748,9,1895,2,22040
2,7748,10,1895,1,22041
2,7748,17,1895,4,22042
2,7748,19,1895,5,22043
2,7748,25,1895,1,22044
2,7748,28,1895,7,22045
2,7749,10,1895,2,22046
2,7750,10,1895,2,22047
2,7750,17,1895,3,22048
2,7751,18,1895,2,22049
2,7751,25,1895,1,22050
2,7752,10,1895,1,22051
2,7753,18,1895,1,22052
2,7753,25,1895,2,22053
2,7754,10,1895,3,22054
2,7755,10,1895,3,22055
2,7756,1,1895,1,22056
2,7756,4,1895,1,22057
2,7756,10,1895,1,22058
2,7756,40,1895,1,22059
2,7757,1,1895,1,22060
2,7757,10,1895,41,22061
2,7758,10,1895,1,22062
2,7759,10,1895,1,22063
2,7760,10,1895,7,22064
2,7761,10,1895,1,22065
2,7762,10,1895,1,22066
2,7763,10,1895,1,22067
2,7764,10,1895,1,22068
2,7765,1,1895,1,22069
2,7765,10,1895,2,22070
2,7766,10,1895,4,22071
2,7767,10,1895,5,22072
2,7768,18,1895,3,22073
2,7768,25,1895,1,22074
2,7769,10,1895,2,22075
2,7770,1,1895,1,22076
2,7770,10,1895,1,22077
2,7771,10,1895,1,22078
2,7772,25,1895,11,22079
2,7773,1,1895,1,22080
2,7773,10,1895,1,22081
2,7774,10,1895,5,22082
2,7775,10,1895,1,22083
2,7776,1,1895,1,22084
2,7776,10,1895,4,22085
2,7776,23,1895,42,22086
2,7777,10,1895,1,22087
2,7778,10,1895,1,22088
2,7778,20,1895,20,22089
2,7778,24,1895,60,22090
2,7778,32,1895,2,22091
2,7778,33,1895,20,22092
2,7778,36,1895,2,22093
2,7779,10,1895,1,22094
2,7780,1,1895,1,22095
2,7780,10,1895,7,22096
2,7781,10,1895,1,22097
2,7781,17,1895,1,22098
2,7782,1,1895,1,22099
2,7782,10,1895,1,22100
2,7783,10,1895,4,22101
2,7784,1,1895,1,22102
2,7784,10,1895,3,22103
2,7785,10,1895,4,22104
2,7786,1,1895,1,22105
2,7786,10,1895,4,22106
2,7787,1,1895,1,22107
2,7787,10,1895,1,22108
2,7788,3,1895,6,22109
2,7788,4,1895,22,22110
2,7788,11,1895,1,22111
2,7788,16,1895,3,22112
2,7788,35,1895,8,22113
2,7788,42,1895,2,22114
2,7788,43,1895,4,22115
2,7788,45,1895,4,22116
2,7789,10,1895,3,22117
2,7790,10,1895,4,22118
2,7791,1,1895,1,22119
2,7792,10,1895,3,22120
2,7793,1,1895,1,22121
2,7793,10,1895,3,22122
2,7794,1,1895,1,22123
2,7794,10,1895,1,22124
2,7794,17,1895,1,22125
2,7795,4,1895,1,22126
2,7795,18,1895,1,22127
2,7796,10,1895,1,22128
2,7797,25,1895,1,22129
2,7798,10,1895,2,22130
2,7799,1,1895,1,22131
2,7799,10,1895,1,22132
2,7800,10,1895,1,22133
2,7801,10,1895,2,22134
2,7802,10,1895,3,22135
2,7803,10,1895,1,22136
2,7804,10,1895,1,22137
2,7805,10,1895,3,22138
2,7806,10,1895,1,22139
2,7807,1,1895,1,22140
2,7807,10,1895,4,22141
2,7808,10,1895,1,22142
2,7808,20,1895,2,22143
2,7808,21,1895,2,22144
2,7808,24,1895,54,22145
2,7808,32,1895,14,22146
2,7809,10,1895,1,22147
2,7810,10,1895,5,22148
2,7811,10,1895,1,22149
2,7812,1,1895,1,22150
2,7812,10,1895,3,22151
2,7813,18,1895,5,22152
2,7814,10,1895,1,22153
2,7815,10,1895,1,22154
2,7816,10,1895,7,22155
2,7817,1,1895,2,22156
2,7817,10,1895,7,22157
2,7817,17,1895,1,22158
2,7817,20,1895,2,22159
2,7817,21,1895,2,22160
2,7817,22,1895,2,22161
2,7817,33,1895,54,22162
2,7817,34,1895,2,22163
2,7817,36,1895,14,22164
2,7817,54,1895,10,22165
2,7817,58,1895,10,22166
2,7818,6,1895,1,22167
2,7818,7,1895,1,22168
2,7818,8,1895,1,22169
2,7818,9,1895,1,22170
2,7818,10,1895,1,22171
2,7818,24,1895,28,22172
2,7818,32,1895,8,22173
2,7818,33,1895,44,22174
2,7818,34,1895,1,22175
2,7818,36,1895,18,22176
2,7819,1,1895,2,22177
2,7819,10,1895,42,22178
2,7820,10,1895,1,22179
2,7821,10,1895,4,22180
2,7822,1,1895,1,22181
2,7822,10,1895,15,22182
2,7823,18,1895,4,22183
2,7824,10,1895,1,22184
2,7825,1,1895,2,22185
2,7825,10,1895,19,22186
2,7826,10,1895,1,22187
2,7827,1,1895,1,22188
2,7827,10,1895,2,22189
2,7828,1,1895,5,22190
2,7828,10,1895,5,22191
2,7829,10,1895,4,22192
2,7830,1,1895,1,22193
2,7830,10,1895,4,22194
2,7831,10,1895,7,22195
2,7832,1,1895,1,22196
2,7832,10,1895,1,22197
2,7832,17,1895,1,22198
2,7833,10,1895,1,22199
2,7834,1,1895,1,22200
2,7834,10,1895,1,22201
2,7835,1,1895,1,22202
2,7835,10,1895,4,22203
2,7836,10,1895,3,22204
2,7837,25,1895,3,22205
2,7838,10,1895,1,22206
2,7839,1,1895,2,22207
2,7839,10,1895,13,22208
2,7839,17,1895,1,22209
2,7840,10,1895,1,22210
2,7841,10,1895,5,22211
2,7842,1,1895,1,22212
2,7842,10,1895,1,22213
2,7843,1,1895,2,22214
2,7843,10,1895,6,22215
2,7843,17,1895,1,22216
2,7843,30,1895,26,22217
2,7844,10,1895,3,22218
2,7845,1,1895,1,22219
2,7845,10,1895,1,22220
2,7846,10,1895,2,22221
2,7847,6,1895,2,22222
2,7847,7,1895,2,22223
2,7847,8,1895,4,22224
2,7847,9,1895,1,22225
2,7848,10,1895,1,22226
2,7849,1,1895,1,22227
2,7849,10,1895,7,22228
2,7850,1,1895,2,22229
2,7850,10,1895,13,22230
2,7850,17,1895,3,22231
2,7851,10,1895,3,22232
2,7852,10,1895,4,22233
2,7853,10,1895,2,22234
2,7854,10,1895,1,22235
2,7855,10,1895,1,22236
2,7856,10,1895,1,22237
2,7857,10,1895,2,22238
2,7858,10,1895,1,22239
2,7859,10,1895,4,22240
2,7860,25,1895,1,22241
2,7861,10,1895,2,22242
2,7862,10,1895,2,22243
2,7863,10,1895,3,22244
2,7864,10,1895,3,22245
2,7865,10,1895,1,22246
2,7866,10,1895,1,22247
2,7866,17,1895,1,22248
2,7867,10,1895,5,22249
2,7868,1,1895,1,22250
2,7868,10,1895,18,22251
2,7869,10,1895,1,22252
2,7870,1,1895,1,22253
2,7870,2,1895,14,22254
2,7870,3,1895,10,22255
2,7870,4,1895,60,22256
2,7870,6,1895,4,22257
2,7870,7,1895,8,22258
2,7870,8,1895,8,22259
2,7870,9,1895,7,22260
2,7870,10,1895,6,22261
2,7870,11,1895,1,22262
2,7870,17,1895,4,22263
2,7870,18,1895,1,22264
2,7870,19,1895,2,22265
2,7870,25,1895,1,22266
2,7870,26,1895,3,22267
2,7870,27,1895,5,22268
2,7870,28,1895,58,22269
2,7870,37,1895,4,22270
2,7870,44,1895,58,22271
2,7871,7,1896,2,22272
2,7871,8,1896,2,22273
2,7871,9,1896,1,22274
2,7871,10,1896,5,22275
2,7871,18,1896,2,22276
2,7872,1,1895,1,22277
2,7872,10,1895,22,22278
2,7873,3,1897,7,22279
2,7873,4,1897,17,22280
2,7873,6,1897,3,22281
2,7873,7,1897,4,22282
2,7873,8,1897,4,22283
2,7873,9,1897,1,22284
2,7873,10,1897,9,22285
2,7873,11,1897,1,22286
2,7873,18,1897,1,22287
2,7874,1,1898,2,22288
2,7874,2,1898,5,22289
2,7874,3,1898,4,22290
2,7874,4,1898,12,22291
2,7874,6,1898,4,22292
2,7874,7,1898,6,22293
2,7874,8,1898,6,22294
2,7874,9,1898,2,22295
2,7874,10,1898,14,22296
2,7874,11,1898,1,22297
2,7874,12,1898,1,22298
2,7874,18,1898,4,22299
2,7875,1,1897,1,22300
2,7875,10,1897,4,22301
2,7876,6,1899,3,22302
2,7876,7,1899,3,22303
2,7876,8,1899,3,22304
2,7876,9,1899,1,22305
2,7876,10,1899,10,22306
2,7876,18,1899,2,22307
2,7877,1,1900,1,22308
2,7877,6,1900,1,22309
2,7877,7,1900,1,22310
2,7877,8,1900,2,22311
2,7877,9,1900,1,22312
2,7877,10,1900,8,22313
2,7877,11,1900,1,22314
2,7877,18,1900,2,22315
2,7878,1,1901,1,22316
2,7878,6,1901,2,22317
2,7878,7,1901,3,22318
2,7878,8,1901,6,22319
2,7878,9,1901,1,22320
2,7878,10,1901,6,22321
2,7878,18,1901,2,22322
2,7879,10,1898,1,22323
2,7880,1,1898,2,22324
2,7880,10,1898,8,22325
2,7881,6,1902,1,22326
2,7881,7,1902,3,22327
2,7881,8,1902,3,22328
2,7881,9,1902,1,22329
2,7881,10,1902,1,22330
2,7881,18,1902,3,22331
2,7882,1,1903,1,22332
2,7882,10,1903,5,22333
2,7883,10,1903,1,22334
2,7884,6,1903,3,22335
2,7884,7,1903,3,22336
2,7884,8,1903,3,22337
2,7884,9,1903,2,22338
2,7884,10,1903,28,22339
2,7884,12,1903,1,22340
2,7884,18,1903,1,22341
2,7885,10,1903,2,22342
2,7886,1,1904,1,22343
2,7886,6,1904,1,22344
2,7886,7,1904,1,22345
2,7886,8,1904,2,22346
2,7886,9,1904,1,22347
2,7886,10,1904,6,22348
2,7886,18,1904,2,22349
2,7887,10,1904,2,22350
2,7887,20,1904,37,22351
2,7887,22,1904,15,22352
2,7887,24,1904,20,22353
2,7887,34,1904,15,22354
2,7888,20,1904,12,22355
2,7888,21,1904,12,22356
2,7889,1,1905,4,22357
2,7889,6,1905,1,22358
2,7889,7,1905,2,22359
2,7889,8,1905,2,22360
2,7889,9,1905,1,22361
2,7889,10,1905,4,22362
2,7889,18,1905,3,22363
2,7890,1,1906,1,22364
2,7890,6,1906,1,22365
2,7890,7,1906,2,22366
2,7890,8,1906,2,22367
2,7890,9,1906,1,22368
2,7890,10,1906,3,22369
2,7890,12,1906,1,22370
2,7890,18,1906,1,22371
2,7891,1,1906,4,22372
2,7891,10,1906,4,22373
2,7892,6,1907,1,22374
2,7892,7,1907,1,22375
2,7892,8,1907,1,22376
2,7892,9,1907,1,22377
2,7892,10,1907,6,22378
2,7892,12,1907,1,22379
2,7892,18,1907,1,22380
2,7893,1,1908,1,22381
2,7893,10,1908,5,22382
2,7893,12,1908,1,22383
2,7894,1,1908,3,22384
2,7894,6,1908,3,22385
2,7894,7,1908,2,22386
2,7894,8,1908,2,22387
2,7894,9,1908,2,22388
2,7894,10,1908,16,22389
2,7894,18,1908,2,22390
2,7895,10,1908,1,22391
2,7896,10,1908,1,22392
2,7897,1,1909,1,22393
2,7897,10,1909,6,22394
2,7897,12,1909,1,22395
2,7898,1,1909,1,22396
2,7898,6,1909,1,22397
2,7898,7,1909,3,22398
2,7898,8,1909,3,22399
2,7898,9,1909,1,22400
2,7898,10,1909,6,22401
2,7898,12,1909,1,22402
2,7898,18,1909,2,22403
2,7899,1,1909,1,22404
2,7900,10,1910,1,22405
2,7901,10,1910,16,22406
2,7902,1,1910,1,22407
2,7902,10,1910,1,22408
2,7903,1,1910,7,22409
2,7903,2,1910,2,22410
2,7903,3,1910,2,22411
2,7903,4,1910,8,22412
2,7903,6,1910,1,22413
2,7903,7,1910,4,22414
2,7903,8,1910,4,22415
2,7903,9,1910,4,22416
2,7903,10,1910,42,22417
2,7903,11,1910,1,22418
2,7903,12,1910,5,22419
2,7903,18,1910,7,22420
2,7904,10,1910,1,22421
2,7905,1,1910,1,22422
2,7905,10,1910,1,22423
2,7906,1,1910,2,22424
2,7906,10,1910,1,22425
2,7907,6,1911,2,22426
2,7907,7,1911,3,22427
2,7907,8,1911,2,22428
2,7907,9,1911,1,22429
2,7907,10,1911,16,22430
2,7907,18,1911,3,22431
2,7908,10,1912,1,22432
2,7909,3,1912,4,22433
2,7909,4,1912,10,22434
2,7909,11,1912,1,22435
2,7909,16,1912,1,22436
2,7909,18,1912,1,22437
2,7909,35,1912,4,22438
2,7910,1,1913,1,22439
2,7910,6,1913,3,22440
2,7910,7,1913,6,22441
2,7910,8,1913,6,22442
2,7910,9,1913,2,22443
2,7910,10,1913,3,22444
2,7910,18,1913,3,22445
2,7911,1,1912,1,22446
2,7912,1,1914,1,22447
2,7912,6,1914,1,22448
2,7912,7,1914,2,22449
2,7912,8,1914,2,22450
2,7912,9,1914,1,22451
2,7912,10,1914,1,22452
2,7912,18,1914,1,22453
2,7913,6,1915,1,22454
2,7913,7,1915,3,22455
2,7913,8,1915,4,22456
2,7913,9,1915,1,22457
2,7913,10,1915,19,22458
2,7913,18,1915,2,22459
2,7914,1,1913,1,22460
2,7914,10,1913,4,22461
2,7914,12,1913,1,22462
2,7914,18,1913,1,22463
2,7915,10,1916,1,22464
2,7916,1,1916,1,22465
2,7916,3,1916,2,22466
2,7916,4,1916,4,22467
2,7916,6,1916,2,22468
2,7916,7,1916,2,22469
2,7916,8,1916,2,22470
2,7916,9,1916,1,22471
2,7916,10,1916,10,22472
2,7916,11,1916,1,22473
2,7916,12,1916,1,22474
2,7916,18,1916,3,22475
2,7917,10,1916,1,22476
2,7918,1,1917,1,22477
2,7918,2,1917,1,22478
2,7918,6,1917,2,22479
2,7918,7,1917,2,22480
2,7918,8,1917,2,22481
2,7918,9,1917,1,22482
2,7918,10,1917,5,22483
2,7918,11,1917,1,22484
2,7918,18,1917,1,22485
2,7919,1,1918,1,22486
2,7919,6,1918,2,22487
2,7919,7,1918,3,22488
2,7919,8,1918,3,22489
2,7919,9,1918,2,22490
2,7919,10,1918,5,22491
2,7919,12,1918,1,22492
2,7919,18,1918,2,22493
2,7920,10,1919,1,22494
2,7921,10,1919,8,22495
2,7922,1,1919,2,22496
2,7922,3,1919,2,22497
2,7922,4,1919,5,22498
2,7922,6,1919,2,22499
2,7922,7,1919,2,22500
2,7922,8,1919,2,22501
2,7922,9,1919,1,22502
2,7922,10,1919,3,22503
2,7922,11,1919,1,22504
2,7922,12,1919,1,22505
2,7922,18,1919,2,22506
2,7923,10,1919,2,22507
2,7923,18,1919,1,22508
2,7924,1,1920,1,22509
2,7924,3,1920,2,22510
2,7924,4,1920,4,22511
2,7924,7,1920,2,22512
2,7924,8,1920,2,22513
2,7924,9,1920,2,22514
2,7924,10,1920,8,22515
2,7924,11,1920,1,22516
2,7924,18,1920,2,22517
2,7925,10,1920,1,22518
2,7926,1,1920,1,22519
2,7926,10,1920,1,22520
2,7927,1,1921,1,22521
2,7927,6,1921,1,22522
2,7927,7,1921,2,22523
2,7927,8,1921,2,22524
2,7927,9,1921,1,22525
2,7927,10,1921,6,22526
2,7927,18,1921,2,22527
2,7928,1,1922,1,22528
2,7928,6,1922,2,22529
2,7928,7,1922,3,22530
2,7928,8,1922,3,22531
2,7928,9,1922,1,22532
2,7928,10,1922,10,22533
2,7928,12,1922,1,22534
2,7928,18,1922,3,22535
2,7929,1,1923,1,22536
2,7929,6,1923,1,22537
2,7929,7,1923,1,22538
2,7929,8,1923,1,22539
2,7929,9,1923,1,22540
2,7929,10,1923,9,22541
2,7929,12,1923,2,22542
2,7929,18,1923,1,22543
2,7930,10,1924,1,22544
2,7931,1,1924,1,22545
2,7931,10,1924,1,22546
2,7932,1,1924,1,22547
2,7932,10,1924,1,22548
2,7933,10,1924,1,22549
2,7934,1,1924,1,22550
2,7934,10,1924,1,22551
2,7934,23,1924,18,22552
2,7935,10,1924,15,22553
2,7936,1,1924,1,22554
2,7936,10,1924,12,22555
2,7937,1,1924,3,22556
2,7937,10,1924,1,22557
2,7938,10,1924,2,22558
2,7939,10,1924,6,22559
2,7940,10,1924,8,22560
2,7941,10,1924,2,22561
2,7941,18,1924,1,22562
2,7941,25,1924,1,22563
2,7941,40,1924,12,22564
2,7942,1,1924,1,22565
2,7942,2,1924,26,22566
2,7942,3,1924,25,22567
2,7942,4,1924,68,22568
2,7942,7,1924,25,22569
2,7942,8,1924,25,22570
2,7942,9,1924,5,22571
2,7942,10,1924,10,22572
2,7942,11,1924,1,22573
2,7942,17,1924,4,22574
2,7942,18,1924,3,22575
2,7942,19,1924,4,22576
2,7942,25,1924,2,22577
2,7942,26,1924,2,22578
2,7942,27,1924,8,22579
2,7942,28,1924,17,22580
2,7942,29,1924,7,22581
2,7942,38,1924,4,22582
2,7943,10,1924,9,22583
2,7944,1,1924,1,22584
2,7944,2,1924,2,22585
2,7944,3,1924,8,22586
2,7944,4,1924,14,22587
2,7944,6,1924,2,22588
2,7944,7,1924,4,22589
2,7944,8,1924,4,22590
2,7944,9,1924,2,22591
2,7944,10,1924,1,22592
2,7944,11,1924,1,22593
2,7944,17,1924,2,22594
2,7944,19,1924,2,22595
2,7944,26,1924,5,22596
2,7944,27,1924,3,22597
2,7944,28,1924,6,22598
2,7944,29,1924,4,22599
2,7945,10,1924,13,22600
2,7945,12,1924,2,22601
2,7946,6,1924,3,22602
2,7946,7,1924,3,22603
2,7946,8,1924,3,22604
2,7946,9,1924,2,22605
2,7946,10,1924,26,22606
2,7946,18,1924,4,22607
2,7947,1,1924,2,22608
2,7947,10,1924,27,22609
2,7947,12,1924,1,22610
2,7948,10,1924,1,22611
2,7949,1,1924,1,22612
2,7949,10,1924,2,22613
2,7950,10,1924,4,22614
2,7951,10,1924,1,22615
2,7952,10,1924,1,22616
2,7953,1,1924,2,22617
2,7954,1,1924,2,22618
2,7954,10,1924,1,22619
2,7955,1,1924,1,22620
2,7955,10,1924,2,22621
2,7956,10,1924,2,22622
2,7957,10,1924,1,22623
2,7958,1,1924,1,22624
2,7959,10,1924,1,22625
2,7960,10,1924,1,22626
2,7961,1,1925,1,22627
2,7961,4,1925,13,22628
2,7961,6,1925,2,22629
2,7961,7,1925,1,22630
2,7961,8,1925,1,22631
2,7961,9,1925,1,22632
2,7961,10,1925,8,22633
2,7961,18,1925,3,22634
2,7962,10,1924,2,22635
2,7963,10,1924,3,22636
2,7964,1,1924,1,22637
2,7964,10,1924,1,22638
2,7964,18,1924,1,22639
2,7965,12,1924,1,22640
2,7966,10,1925,1,22641
2,7967,10,1925,9,22642
2,7968,1,1925,1,22643
2,7968,10,1925,1,22644
2,7969,1,1926,1,22645
2,7969,6,1926,2,22646
2,7969,7,1926,2,22647
2,7969,8,1926,2,22648
2,7969,9,1926,1,22649
2,7969,10,1926,21,22650
2,7969,18,1926,2,22651
2,7970,10,1926,1,22652
2,7971,6,1927,2,22653
2,7971,7,1927,4,22654
2,7971,8,1927,4,22655
2,7971,9,1927,1,22656
2,7971,10,1927,6,22657
2,7971,18,1927,3,22658
2,7972,1,1928,6,22659
2,7972,2,1928,2,22660
2,7972,5,1928,2,22661
2,7972,6,1928,3,22662
2,7972,7,1928,2,22663
2,7972,8,1928,2,22664
2,7972,9,1928,1,22665
2,7972,10,1928,4,22666
2,7972,11,1928,1,22667
2,7972,18,1928,2,22668
2,7973,1,1929,1,22669
2,7973,2,1929,10,22670
2,7973,3,1929,10,22671
2,7973,4,1929,24,22672
2,7973,6,1929,6,22673
2,7973,7,1929,8,22674
2,7973,8,1929,10,22675
2,7973,9,1929,4,22676
2,7973,10,1929,11,22677
2,7973,11,1929,1,22678
2,7973,17,1929,2,22679
2,7973,18,1929,3,22680
2,7973,25,1929,1,22681
2,7974,10,1929,2,22682
2,7975,1,1929,1,22683
2,7975,10,1929,18,22684
2,7976,1,1929,1,22685
2,7976,10,1929,1,22686
2,7976,40,1929,25,22687
2,7977,10,1929,1,22688
2,7978,10,1929,3,22689
2,7979,18,1930,1,22690
2,7980,1,1931,1,22691
2,7980,6,1931,2,22692
2,7980,7,1931,4,22693
2,7980,8,1931,4,22694
2,7980,9,1931,1,22695
2,7980,10,1931,6,22696
2,7980,12,1931,1,22697
2,7980,18,1931,2,22698
2,7981,1,1932,1,22699
2,7981,10,1932,1,22700
2,7982,6,1932,1,22701
2,7982,7,1932,2,22702
2,7982,8,1932,2,22703
2,7982,9,1932,1,22704
2,7982,10,1932,1,22705
2,7982,18,1932,2,22706
2,7983,10,1933,6,22707
2,7983,11,1933,1,22708
2,7983,18,1933,4,22709
2,7984,1,1934,9,22710
2,7984,6,1934,4,22711
2,7984,7,1934,4,22712
2,7984,8,1934,4,22713
2,7984,9,1934,2,22714
2,7984,10,1934,10,22715
2,7984,12,1934,1,22716
2,7984,18,1934,3,22717
2,7985,10,1935,1,22718
2,7985,11,1935,2,22719
2,7986,1,1936,1,22720
2,7986,6,1936,2,22721
2,7986,7,1936,2,22722
2,7986,8,1936,2,22723
2,7986,9,1936,1,22724
2,7986,10,1936,1,22725
2,7986,18,1936,1,22726
2,7987,10,1937,1,22727
2,7988,1,1937,2,22728
2,7988,6,1937,1,22729
2,7988,7,1937,1,22730
2,7988,8,1937,1,22731
2,7988,9,1937,1,22732
2,7988,10,1937,5,22733
2,7988,18,1937,2,22734
2,7989,10,1937,3,22735
2,7990,1,1938,1,22736
2,7990,6,1938,2,22737
2,7990,7,1938,2,22738
2,7990,8,1938,2,22739
2,7990,9,1938,1,22740
2,7990,10,1938,1,22741
2,7990,12,1938,1,22742
2,7990,18,1938,1,22743
2,7991,10,1301,2,22744
2,7992,9,1301,1,22745
2,7992,10,1301,9,22746
2,7992,22,1301,30,22747
2,7992,24,1301,264,22748
2,7992,32,1301,4,22749
2,7992,33,1301,29,22750
2,7992,34,1301,60,22751
2,7993,1,1301,1,22752
2,7993,17,1301,1,22753
2,7994,1,1301,1,22754
2,7994,10,1301,1,22755
2,7995,10,1301,2,22756
2,7996,1,1301,1,22757
2,7996,10,1301,1,22758
2,7997,4,1301,38,22759
2,7997,10,1301,1,22760
2,7998,10,1301,3,22761
2,7999,1,1301,1,22762
2,7999,10,1301,4,22763
2,7999,23,1301,27,22764
2,8000,10,1301,1,22765
2,8001,1,1301,1,22766
2,8001,10,1301,2,22767
2,8002,2,1301,2,22768
2,8002,4,1301,51,22769
2,8002,7,1301,5,22770
2,8002,8,1301,5,22771
2,8002,9,1301,3,22772
2,8002,10,1301,3,22773
2,8002,11,1301,1,22774
2,8002,17,1301,3,22775
2,8002,19,1301,1,22776
2,8002,26,1301,1,22777
2,8002,27,1301,5,22778
2,8002,28,1301,5,22779
2,8002,29,1301,10,22780
2,8003,3,1301,81,22781
2,8003,6,1301,21,22782
2,8003,9,1301,6,22783
2,8003,10,1301,16,22784
2,8003,17,1301,3,22785
2,8003,18,1301,1,22786
2,8003,27,1301,7,22787
2,8003,29,1301,9,22788
2,8003,30,1301,6,22789
2,8003,38,1301,5,22790
2,8003,47,1301,4,22791
2,8003,48,1301,12,22792
2,8004,1,1301,1,22793
2,8004,10,1301,9,22794
2,8004,17,1301,2,22795
2,8005,1,1301,2,22796
2,8005,10,1301,2,22797
2,8005,17,1301,2,22798
2,8006,1,1301,2,22799
2,8007,12,1301,1,22800
2,8008,10,1301,5,22801
2,8008,17,1301,1,22802
2,8009,2,1301,17,22803
2,8009,4,1301,103,22804
2,8009,7,1301,28,22805
2,8009,8,1301,33,22806
2,8009,9,1301,4,22807
2,8009,10,1301,1,22808
2,8009,11,1301,1,22809
2,8009,17,1301,6,22810
2,8009,19,1301,22,22811
2,8009,23,1301,10,22812
2,8009,28,1301,14,22813
2,8009,29,1301,9,22814
2,8009,30,1301,14,22815
2,8009,38,1301,8,22816
2,8009,39,1301,4,22817
2,8010,1,1301,1,22818
2,8010,10,1301,7,22819
2,8010,16,1301,2,22820
2,8011,1,1301,1,22821
2,8011,2,1301,3,22822
2,8011,3,1301,1,22823
2,8011,4,1301,57,22824
2,8011,7,1301,5,22825
2,8011,8,1301,9,22826
2,8011,9,1301,4,22827
2,8011,10,1301,3,22828
2,8011,17,1301,3,22829
2,8011,18,1301,1,22830
2,8011,19,1301,1,22831
2,8011,26,1301,4,22832
2,8011,27,1301,4,22833
2,8011,28,1301,8,22834
2,8011,29,1301,6,22835
2,8011,30,1301,7,22836
2,8011,55,1301,3,22837
2,8012,1,1301,1,22838
2,8012,10,1301,1,22839
2,8012,23,1301,57,22840
2,8013,10,1301,1,22841
2,8014,10,1301,4,22842
2,8014,17,1301,1,22843
2,8015,1,1301,1,22844
2,8015,4,1301,20,22845
2,8015,6,1301,1,22846
2,8015,7,1301,6,22847
2,8015,8,1301,5,22848
2,8015,9,1301,2,22849
2,8015,10,1301,6,22850
2,8015,17,1301,2,22851
2,8015,18,1301,1,22852
2,8016,10,1301,1,22853
2,8017,1,1301,1,22854
2,8017,10,1301,5,22855
2,8017,30,1301,10,22856
2,8017,46,1301,2,22857
2,8018,1,1301,1,22858
2,8018,4,1301,46,22859
2,8018,10,1301,11,22860
2,8018,17,1301,2,22861
2,8018,19,1301,2,22862
2,8018,28,1301,18,22863
2,8019,1,1301,1,22864
2,8019,10,1301,1,22865
2,8019,23,1301,8,22866
2,8020,1,1301,1,22867
2,8020,10,1301,4,22868
2,8021,1,1301,1,22869
2,8021,4,1301,31,22870
2,8021,7,1301,8,22871
2,8021,8,1301,8,22872
2,8021,9,1301,1,22873
2,8021,10,1301,1,22874
2,8021,17,1301,2,22875
2,8021,19,1301,1,22876
2,8022,1,1301,2,22877
2,8022,4,1301,154,22878
2,8022,7,1301,46,22879
2,8022,8,1301,48,22880
2,8022,9,1301,5,22881
2,8022,10,1301,26,22882
2,8022,11,1301,2,22883
2,8022,17,1301,8,22884
2,8022,18,1301,2,22885
2,8022,19,1301,17,22886
2,8022,23,1301,6,22887
2,8022,25,1301,2,22888
2,8022,26,1301,9,22889
2,8022,27,1301,7,22890
2,8022,28,1301,20,22891
2,8022,29,1301,12,22892
2,8022,30,1301,8,22893
2,8022,46,1301,1,22894
2,8023,6,1301,6,22895
2,8023,7,1301,12,22896
2,8023,8,1301,12,22897
2,8023,9,1301,2,22898
2,8023,10,1301,8,22899
2,8023,22,1301,20,22900
2,8023,24,1301,140,22901
2,8023,32,1301,38,22902
2,8023,33,1301,38,22903
2,8023,34,1301,20,22904
2,8023,36,1301,51,22905
2,8024,1,1301,3,22906
2,8024,10,1301,100,22907
2,8024,12,1301,1,22908
2,8025,10,1301,16,22909
2,8026,10,1301,1,22910
2,8027,1,1301,1,22911
2,8028,1,1301,1,22912
2,8028,10,1301,7,22913
2,8029,1,1301,16,22914
2,8029,2,1301,14,22915
2,8029,4,1301,22,22916
2,8029,6,1301,8,22917
2,8029,7,1301,10,22918
2,8029,8,1301,17,22919
2,8029,9,1301,8,22920
2,8029,10,1301,129,22921
2,8029,11,1301,1,22922
2,8029,12,1301,2,22923
2,8029,18,1301,7,22924
2,8030,10,1301,4,22925
2,8030,17,1301,1,22926
2,8031,1,1301,2,22927
2,8031,10,1301,2,22928
2,8032,25,1301,1,22929
2,8033,10,1301,1,22930
2,8034,1,1301,2,22931
2,8034,10,1301,54,22932
2,8035,10,1301,8,22933
2,8036,1,1301,4,22934
2,8036,10,1301,4,22935
2,8037,10,1301,8,22936
2,8038,10,1301,1,22937
2,8039,10,1301,1,22938
2,8040,1,1301,2,22939
2,8040,10,1301,2,22940
2,8041,10,1301,1,22941
2,8042,10,1301,2,22942
2,8043,10,1301,8,22943
2,8044,1,1301,2,22944
2,8044,4,1301,61,22945
2,8044,10,1301,3,22946
2,8044,17,1301,4,22947
2,8044,19,1301,1,22948
2,8044,28,1301,8,22949
2,8044,41,1301,8,22950
2,8045,10,1301,1,22951
2,8046,17,1301,1,22952
2,8047,1,1301,1,22953
2,8047,10,1301,1,22954
2,8048,1,1301,1,22955
2,8048,4,1301,54,22956
2,8048,10,1301,6,22957
2,8048,14,1301,2,22958
2,8048,17,1301,2,22959
2,8048,30,1301,15,22960
2,8048,44,1301,9,22961
2,8049,10,1301,3,22962
2,8050,1,1301,1,22963
2,8050,10,1301,4,22964
2,8051,10,1301,6,22965
2,8051,17,1301,1,22966
2,8052,18,1301,3,22967
2,8052,25,1301,2,22968
2,8053,10,1301,4,22969
2,8054,1,1301,1,22970
2,8054,3,1301,2,22971
2,8054,4,1301,54,22972
2,8054,6,1301,4,22973
2,8054,7,1301,8,22974
2,8054,8,1301,9,22975
2,8054,9,1301,5,22976
2,8054,10,1301,6,22977
2,8054,17,1301,3,22978
2,8054,19,1301,2,22979
2,8054,26,1301,2,22980
2,8054,27,1301,2,22981
2,8054,28,1301,9,22982
2,8054,29,1301,1,22983
2,8054,37,1301,1,22984
2,8055,10,1301,1,22985
2,8056,10,1301,1,22986
2,8056,25,1301,1,22987
2,8057,1,1301,1,22988
2,8057,10,1301,3,22989
2,8058,10,1301,2,22990
2,8059,10,1301,1,22991
2,8060,1,1301,1,22992
2,8060,10,1301,1,22993
2,8061,10,1301,1,22994
2,8062,10,1301,1,22995
2,8063,10,1301,1,22996
2,8064,10,1301,2,22997
2,8065,10,1301,1,22998
2,8066,10,1301,5,22999
2,8067,1,1301,5,23000
2,8067,10,1301,35,23001
2,8067,12,1301,1,23002
2,8068,10,1301,1,23003
2,8069,1,1301,1,23004
2,8069,10,1301,6,23005
2,8070,1,1301,5,23006
2,8071,10,1301,2,23007
2,8072,10,1301,1,23008
2,8073,1,1301,1,23009
2,8073,3,1301,15,23010
2,8073,4,1301,5,23011
2,8073,10,1301,2,23012
2,8073,15,1301,10,23013
2,8073,17,1301,1,23014
2,8073,19,1301,5,23015
2,8073,28,1301,65,23016
2,8073,37,1301,5,23017
2,8073,38,1301,5,23018
2,8073,39,1301,8,23019
2,8073,48,1301,10,23020
2,8074,1,1301,1,23021
2,8074,10,1301,5,23022
2,8075,10,1301,1,23023
2,8076,10,1301,1,23024
2,8077,10,1301,1,23025
2,8078,10,1301,1,23026
2,8079,1,1301,1,23027
2,8079,10,1301,1,23028
2,8080,10,1301,2,23029
2,8081,1,1301,1,23030
2,8081,10,1301,1,23031
2,8082,1,1301,1,23032
2,8082,3,1301,12,23033
2,8082,4,1301,10,23034
2,8082,6,1301,4,23035
2,8082,7,1301,4,23036
2,8082,8,1301,4,23037
2,8082,9,1301,2,23038
2,8082,10,1301,1,23039
2,8082,17,1301,1,23040
2,8082,40,1301,12,23041
2,8083,10,1301,3,23042
2,8084,10,1301,1,23043
2,8085,1,1301,1,23044
2,8085,10,1301,1,23045
2,8086,1,1301,3,23046
2,8086,10,1301,1,23047
2,8087,1,1301,1,23048
2,8087,10,1301,4,23049
2,8088,10,1301,1,23050
2,8089,10,1301,1,23051
2,8090,1,1301,2,23052
2,8090,10,1301,1,23053
2,8090,30,1301,8,23054
2,8090,40,1301,1,23055
2,8091,10,1301,1,23056
2,8092,1,1301,1,23057
2,8092,10,1301,2,23058
2,8093,1,1301,2,23059
2,8093,10,1301,6,23060
2,8094,1,1301,1,23061
2,8094,10,1301,4,23062
2,8095,1,1301,1,23063
2,8095,10,1301,1,23064
2,8096,1,1301,1,23065
2,8096,10,1301,3,23066
2,8097,1,1301,1,23067
2,8097,10,1301,2,23068
2,8097,17,1301,1,23069
2,8098,10,1301,2,23070
2,8099,10,1301,1,23071
2,8100,10,1301,1,23072
2,8101,10,1301,1,23073
2,8102,10,1301,1,23074
2,8103,1,1301,1,23075
2,8104,1,1301,1,23076
2,8104,10,1301,1,23077
2,8104,17,1301,1,23078
2,8105,1,1301,1,23079
2,8105,10,1301,6,23080
2,8106,10,1301,14,23081
2,8107,10,1301,1,23082
2,8108,10,1301,1,23083
2,8109,10,1301,1,23084
2,8110,10,1301,1,23085
2,8111,1,1301,1,23086
2,8111,10,1301,15,23087
2,8112,10,1301,1,23088
2,8113,10,1301,3,23089
2,8114,1,1301,1,23090
2,8114,10,1301,1,23091
2,8115,10,1301,1,23092
2,8116,1,1301,1,23093
2,8116,10,1301,8,23094
2,8117,10,1301,3,23095
2,8118,1,1301,2,23096
2,8118,10,1301,3,23097
2,8119,10,1301,1,23098
2,8120,10,1301,2,23099
2,8121,1,1301,1,23100
2,8121,10,1301,5,23101
2,8122,10,1301,3,23102
2,8123,10,1301,9,23103
2,8124,10,1301,1,23104
2,8125,10,1301,3,23105
2,8126,1,1301,1,23106
2,8126,10,1301,1,23107
2,8127,10,1301,3,23108
2,8127,22,1301,10,23109
2,8127,34,1301,20,23110
2,8128,10,1301,2,23111
2,8129,1,1939,1,23112
2,8129,6,1939,1,23113
2,8129,7,1939,2,23114
2,8129,8,1939,2,23115
2,8129,9,1939,1,23116
2,8129,10,1939,2,23117
2,8129,18,1939,2,23118
2,8130,10,1939,1,23119
2,8131,6,1940,2,23120
2,8131,7,1940,2,23121
2,8131,8,1940,3,23122
2,8131,9,1940,1,23123
2,8131,10,1940,19,23124
2,8131,18,1940,2,23125
2,8132,10,1941,6,23126
2,8133,1,1942,1,23127
2,8133,6,1942,1,23128
2,8133,7,1942,1,23129
2,8133,8,1942,1,23130
2,8133,9,1942,1,23131
2,8133,10,1942,1,23132
2,8133,18,1942,2,23133
2,8134,1,1943,1,23134
2,8134,6,1943,2,23135
2,8134,7,1943,3,23136
2,8134,8,1943,3,23137
2,8134,9,1943,1,23138
2,8134,10,1943,22,23139
2,8134,12,1943,1,23140
2,8134,18,1943,3,23141
2,8135,1,1944,1,23142
2,8135,6,1944,5,23143
2,8135,7,1944,5,23144
2,8135,8,1944,4,23145
2,8135,9,1944,1,23146
2,8135,10,1944,9,23147
2,8135,18,1944,3,23148
2,8136,10,1945,1,23149
2,8137,1,1945,1,23150
2,8137,3,1945,3,23151
2,8137,4,1945,6,23152
2,8137,6,1945,3,23153
2,8137,7,1945,3,23154
2,8137,8,1945,3,23155
2,8137,9,1945,1,23156
2,8137,10,1945,13,23157
2,8137,11,1945,1,23158
2,8137,18,1945,5,23159
2,8138,1,1946,7,23160
2,8138,6,1946,3,23161
2,8138,7,1946,5,23162
2,8138,8,1946,5,23163
2,8138,9,1946,2,23164
2,8138,10,1946,9,23165
2,8138,18,1946,1,23166
2,8139,10,1941,1,23167
2,8140,2,1941,3,23168
2,8140,4,1941,23,23169
2,8140,6,1941,3,23170
2,8140,7,1941,6,23171
2,8140,8,1941,5,23172
2,8140,9,1941,2,23173
2,8140,10,1941,1,23174
2,8140,11,1941,1,23175
2,8140,12,1941,1,23176
2,8140,18,1941,5,23177
2,8141,10,1941,1,23178
2,8142,10,1941,1,23179
2,8143,25,1941,2,23180
2,8144,1,1941,1,23181
2,8144,10,1941,3,23182
2,8145,10,1941,1,23183
2,8146,6,1947,2,23184
2,8146,7,1947,5,23185
2,8146,8,1947,5,23186
2,8146,9,1947,1,23187
2,8146,10,1947,1,23188
2,8146,18,1947,2,23189
2,8147,1,1948,1,23190
2,8147,6,1948,1,23191
2,8147,7,1948,2,23192
2,8147,8,1948,2,23193
2,8147,9,1948,1,23194
2,8147,10,1948,12,23195
2,8147,11,1948,1,23196
2,8147,18,1948,4,23197
2,8148,10,1949,1,23198
2,8149,2,1949,3,23199
2,8149,3,1949,2,23200
2,8149,4,1949,10,23201
2,8149,6,1949,1,23202
2,8149,7,1949,2,23203
2,8149,8,1949,2,23204
2,8149,9,1949,1,23205
2,8149,10,1949,13,23206
2,8149,11,1949,1,23207
2,8149,18,1949,3,23208
2,8150,1,1950,1,23209
2,8150,6,1950,2,23210
2,8150,7,1950,2,23211
2,8150,8,1950,2,23212
2,8150,9,1950,1,23213
2,8150,10,1950,5,23214
2,8150,18,1950,2,23215
2,8151,10,1951,1,23216
2,8152,1,1951,1,23217
2,8152,2,1951,6,23218
2,8152,3,1951,3,23219
2,8152,4,1951,9,23220
2,8152,6,1951,5,23221
2,8152,7,1951,5,23222
2,8152,8,1951,5,23223
2,8152,9,1951,2,23224
2,8152,10,1951,3,23225
2,8152,11,1951,1,23226
2,8152,12,1951,2,23227
2,8152,18,1951,3,23228
2,8153,10,1951,1,23229
2,8154,1,1951,1,23230
2,8155,10,1951,6,23231
2,8156,1,1952,2,23232
2,8156,2,1952,1,23233
2,8156,6,1952,2,23234
2,8156,7,1952,2,23235
2,8156,8,1952,2,23236
2,8156,9,1952,1,23237
2,8156,10,1952,2,23238
2,8156,11,1952,1,23239
2,8157,1,1952,1,23240
2,8157,10,1952,1,23241
2,8158,1,1953,1,23242
2,8158,10,1953,1,23243
2,8159,6,1953,1,23244
2,8159,7,1953,1,23245
2,8159,8,1953,1,23246
2,8159,9,1953,1,23247
2,8159,10,1953,2,23248
2,8159,18,1953,2,23249
2,8160,1,1954,2,23250
2,8160,10,1954,2,23251
2,8160,12,1954,2,23252
2,8160,18,1954,2,23253
2,8161,10,1955,1,23254
2,8162,1,1955,4,23255
2,8162,2,1955,2,23256
2,8162,6,1955,2,23257
2,8162,7,1955,2,23258
2,8162,8,1955,2,23259
2,8162,9,1955,1,23260
2,8162,10,1955,15,23261
2,8162,11,1955,1,23262
2,8162,18,1955,2,23263
2,8163,1,1302,1,23264
2,8163,2,1302,35,23265
2,8163,3,1302,20,23266
2,8163,4,1302,55,23267
2,8163,6,1302,8,23268
2,8163,7,1302,7,23269
2,8163,8,1302,7,23270
2,8163,9,1302,3,23271
2,8163,10,1302,10,23272
2,8163,11,1302,1,23273
2,8163,17,1302,3,23274
2,8163,18,1302,1,23275
2,8163,19,1302,6,23276
2,8163,25,1302,4,23277
2,8163,26,1302,4,23278
2,8163,29,1302,4,23279
2,8163,38,1302,4,23280
2,8164,1,1956,3,23281
2,8164,6,1956,2,23282
2,8164,7,1956,2,23283
2,8164,8,1956,2,23284
2,8164,9,1956,1,23285
2,8164,10,1956,3,23286
2,8164,12,1956,1,23287
2,8164,18,1956,1,23288
2,8165,1,1302,1,23289
2,8165,10,1302,1,23290
2,8166,10,1302,13,23291
2,8167,10,1302,1,23292
2,8168,1,1302,2,23293
2,8168,10,1302,4,23294
2,8169,10,1302,1,23295
2,8170,1,1302,1,23296
2,8170,10,1302,2,23297
2,8171,1,1302,4,23298
2,8171,2,1302,5,23299
2,8171,3,1302,11,23300
2,8171,4,1302,16,23301
2,8171,6,1302,9,23302
2,8171,7,1302,8,23303
2,8171,8,1302,6,23304
2,8171,9,1302,6,23305
2,8171,10,1302,244,23306
2,8171,11,1302,2,23307
2,8171,12,1302,33,23308
2,8171,18,1302,5,23309
2,8172,10,1302,1,23310
2,8172,18,1302,2,23311
2,8172,25,1302,1,23312
2,8173,1,1302,1,23313
2,8173,10,1302,1,23314
2,8174,10,1302,1,23315
2,8175,1,1302,1,23316
2,8175,10,1302,1,23317
2,8176,10,1302,1,23318
2,8177,1,1302,1,23319
2,8177,10,1302,1,23320
2,8178,10,1302,5,23321
2,8179,10,1302,1,23322
2,8180,10,1302,3,23323
2,8181,10,1302,1,23324
2,8182,1,1302,1,23325
2,8182,10,1302,1,23326
2,8183,10,1302,1,23327
2,8184,10,1302,3,23328
2,8185,10,1302,4,23329
2,8186,10,1957,1,23330
2,8187,1,1957,1,23331
2,8187,3,1957,5,23332
2,8187,4,1957,22,23333
2,8187,6,1957,2,23334
2,8187,7,1957,2,23335
2,8187,8,1957,2,23336
2,8187,9,1957,2,23337
2,8187,10,1957,29,23338
2,8187,11,1957,1,23339
2,8187,12,1957,1,23340
2,8187,17,1957,2,23341
2,8187,18,1957,1,23342
2,8187,19,1957,2,23343
2,8187,28,1957,7,23344
2,8188,1,1957,1,23345
2,8189,10,1957,8,23346
2,8189,12,1957,1,23347
2,8189,18,1957,1,23348
2,8190,1,1957,1,23349
2,8190,10,1957,3,23350
2,8191,10,1957,1,23351
2,8192,18,1957,1,23352
2,8193,10,1957,1,23353
2,8194,1,1957,1,23354
2,8194,4,1957,13,23355
2,8194,10,1957,1,23356
2,8194,17,1957,1,23357
2,8194,25,1957,1,23358
2,8195,10,1957,1,23359
2,8196,1,1958,1,23360
2,8196,2,1958,3,23361
2,8196,6,1958,2,23362
2,8196,7,1958,3,23363
2,8196,8,1958,3,23364
2,8196,9,1958,1,23365
2,8196,10,1958,7,23366
2,8196,11,1958,1,23367
2,8196,12,1958,1,23368
2,8196,18,1958,3,23369
2,8197,21,1958,1,23370
2,8198,2,1959,2,23371
2,8198,3,1959,3,23372
2,8198,4,1959,2,23373
2,8198,6,1959,1,23374
2,8198,7,1959,1,23375
2,8198,8,1959,1,23376
2,8198,9,1959,1,23377
2,8198,10,1959,12,23378
2,8198,11,1959,1,23379
2,8198,18,1959,3,23380
2,8199,10,1959,5,23381
2,8200,10,1959,5,23382
2,8201,2,1960,1,23383
2,8201,3,1960,3,23384
2,8201,4,1960,6,23385
2,8201,6,1960,2,23386
2,8201,7,1960,2,23387
2,8201,8,1960,2,23388
2,8201,9,1960,2,23389
2,8201,10,1960,2,23390
2,8201,11,1960,1,23391
2,8201,12,1960,1,23392
2,8201,18,1960,4,23393
2,8202,2,1961,1,23394
2,8202,6,1961,1,23395
2,8202,7,1961,1,23396
2,8202,8,1961,1,23397
2,8202,9,1961,1,23398
2,8202,10,1961,8,23399
2,8202,11,1961,1,23400
2,8202,18,1961,3,23401
2,8203,6,1962,1,23402
2,8203,7,1962,1,23403
2,8203,8,1962,1,23404
2,8203,9,1962,1,23405
2,8203,10,1962,6,23406
2,8203,18,1962,1,23407
2,8204,2,1963,1,23408
2,8204,3,1963,3,23409
2,8204,4,1963,4,23410
2,8204,7,1963,3,23411
2,8204,8,1963,3,23412
2,8204,9,1963,2,23413
2,8204,10,1963,11,23414
2,8204,11,1963,1,23415
2,8204,18,1963,2,23416
2,8205,7,1964,1,23417
2,8205,8,1964,1,23418
2,8205,9,1964,1,23419
2,8205,10,1964,4,23420
2,8205,18,1964,1,23421
2,8206,2,1965,2,23422
2,8206,3,1965,2,23423
2,8206,4,1965,2,23424
2,8206,6,1965,2,23425
2,8206,7,1965,2,23426
2,8206,8,1965,2,23427
2,8206,9,1965,1,23428
2,8206,10,1965,8,23429
2,8206,11,1965,1,23430
2,8206,12,1965,1,23431
2,8206,18,1965,2,23432
2,8207,6,1966,1,23433
2,8207,7,1966,1,23434
2,8207,8,1966,1,23435
2,8207,9,1966,1,23436
2,8207,10,1966,5,23437
2,8207,18,1966,1,23438
2,8208,2,1967,2,23439
2,8208,3,1967,2,23440
2,8208,4,1967,8,23441
2,8208,6,1967,2,23442
2,8208,7,1967,2,23443
2,8208,8,1967,2,23444
2,8208,9,1967,1,23445
2,8208,10,1967,7,23446
2,8208,11,1967,1,23447
2,8208,18,1967,3,23448
2,8209,10,1967,2,23449
2,8210,1,1968,1,23450
2,8210,10,1968,6,23451
2,8210,30,1968,31,23452
2,8211,10,1968,2,23453
2,8211,46,1968,1,23454
2,8212,1,1968,1,23455
2,8212,10,1968,1,23456
2,8213,18,1968,3,23457
2,8214,10,1968,1,23458
2,8215,1,1968,4,23459
2,8215,4,1968,8,23460
2,8215,10,1968,10,23461
2,8215,17,1968,2,23462
2,8216,1,1968,1,23463
2,8216,10,1968,14,23464
2,8217,10,1968,8,23465
2,8218,1,1968,1,23466
2,8218,10,1968,7,23467
2,8219,10,1968,27,23468
2,8220,10,1968,5,23469
2,8221,1,1968,2,23470
2,8221,10,1968,7,23471
2,8221,23,1968,28,23472
2,8222,1,1968,4,23473
2,8222,2,1968,44,23474
2,8222,3,1968,73,23475
2,8222,4,1968,240,23476
2,8222,6,1968,18,23477
2,8222,7,1968,33,23478
2,8222,8,1968,25,23479
2,8222,9,1968,7,23480
2,8222,10,1968,24,23481
2,8222,11,1968,2,23482
2,8222,17,1968,6,23483
2,8222,18,1968,3,23484
2,8222,19,1968,7,23485
2,8222,25,1968,2,23486
2,8222,26,1968,7,23487
2,8222,29,1968,9,23488
2,8222,30,1968,5,23489
2,8222,38,1968,1,23490
2,8222,46,1968,1,23491
2,8223,10,1968,1,23492
2,8224,2,1968,4,23493
2,8224,3,1968,3,23494
2,8224,4,1968,13,23495
2,8224,10,1968,3,23496
2,8224,11,1968,1,23497
2,8224,17,1968,1,23498
2,8225,1,1968,1,23499
2,8226,1,1968,2,23500
2,8226,2,1968,12,23501
2,8226,3,1968,18,23502
2,8226,4,1968,134,23503
2,8226,6,1968,7,23504
2,8226,7,1968,19,23505
2,8226,8,1968,20,23506
2,8226,9,1968,5,23507
2,8226,10,1968,8,23508
2,8226,11,1968,1,23509
2,8226,17,1968,7,23510
2,8226,19,1968,12,23511
2,8226,23,1968,4,23512
2,8226,25,1968,1,23513
2,8226,26,1968,4,23514
2,8226,27,1968,12,23515
2,8226,28,1968,37,23516
2,8226,29,1968,6,23517
2,8226,47,1968,3,23518
2,8226,48,1968,3,23519
2,8227,6,1968,1,23520
2,8227,7,1968,3,23521
2,8227,8,1968,3,23522
2,8227,9,1968,1,23523
2,8227,10,1968,13,23524
2,8227,18,1968,1,23525
2,8227,22,1968,5,23526
2,8227,24,1968,77,23527
2,8227,33,1968,65,23528
2,8227,34,1968,5,23529
2,8227,54,1968,5,23530
2,8227,58,1968,5,23531
2,8228,1,1968,5,23532
2,8228,10,1968,61,23533
2,8229,10,1968,2,23534
2,8229,12,1968,1,23535
2,8229,18,1968,4,23536
2,8230,10,1968,5,23537
2,8231,1,1968,2,23538
2,8231,2,1968,15,23539
2,8231,3,1968,9,23540
2,8231,4,1968,92,23541
2,8231,6,1968,6,23542
2,8231,7,1968,7,23543
2,8231,8,1968,8,23544
2,8231,9,1968,4,23545
2,8231,10,1968,10,23546
2,8231,11,1968,1,23547
2,8231,17,1968,8,23548
2,8231,19,1968,12,23549
2,8231,23,1968,6,23550
2,8231,28,1968,11,23551
2,8231,29,1968,6,23552
2,8231,37,1968,6,23553
2,8232,7,1968,2,23554
2,8232,8,1968,2,23555
2,8232,9,1968,1,23556
2,8232,10,1968,6,23557
2,8233,10,1968,8,23558
2,8234,1,1968,2,23559
2,8234,10,1968,13,23560
2,8234,17,1968,7,23561
2,8235,1,1968,1,23562
2,8235,2,1968,2,23563
2,8235,3,1968,2,23564
2,8235,4,1968,32,23565
2,8235,6,1968,4,23566
2,8235,7,1968,5,23567
2,8235,8,1968,5,23568
2,8235,9,1968,4,23569
2,8235,10,1968,2,23570
2,8235,17,1968,4,23571
2,8235,19,1968,2,23572
2,8235,28,1968,6,23573
2,8236,1,1968,2,23574
2,8236,2,1968,3,23575
2,8236,3,1968,1,23576
2,8236,4,1968,8,23577
2,8236,10,1968,9,23578
2,8236,17,1968,2,23579
2,8237,1,1968,2,23580
2,8237,3,1968,4,23581
2,8237,4,1968,54,23582
2,8237,6,1968,3,23583
2,8237,7,1968,8,23584
2,8237,8,1968,8,23585
2,8237,9,1968,1,23586
2,8237,10,1968,37,23587
2,8237,17,1968,2,23588
2,8237,19,1968,1,23589
2,8237,28,1968,17,23590
2,8238,2,1968,14,23591
2,8238,3,1968,16,23592
2,8238,4,1968,38,23593
2,8238,6,1968,20,23594
2,8238,7,1968,26,23595
2,8238,8,1968,18,23596
2,8238,9,1968,22,23597
2,8238,10,1968,218,23598
2,8238,11,1968,6,23599
2,8238,12,1968,2,23600
2,8238,18,1968,7,23601
2,8238,25,1968,1,23602
2,8239,10,1968,2,23603
2,8239,23,1968,40,23604
2,8240,10,1968,7,23605
2,8240,17,1968,1,23606
2,8241,10,1968,17,23607
2,8242,10,1968,1,23608
2,8243,10,1968,9,23609
2,8244,10,1968,1,23610
2,8245,1,1968,1,23611
2,8245,10,1968,5,23612
2,8245,30,1968,33,23613
2,8246,10,1968,1,23614
2,8247,10,1968,17,23615
2,8248,1,1968,1,23616
2,8248,17,1968,1,23617
2,8249,1,1968,5,23618
2,8249,10,1968,6,23619
2,8249,17,1968,2,23620
2,8250,10,1968,1,23621
2,8251,18,1968,1,23622
2,8251,25,1968,2,23623
2,8252,10,1968,11,23624
2,8253,1,1968,2,23625
2,8253,10,1968,6,23626
2,8253,30,1968,26,23627
2,8254,26,1968,4,23628
2,8254,27,1968,10,23629
2,8254,47,1968,1,23630
2,8254,48,1968,4,23631
2,8255,10,1968,3,23632
2,8256,10,1968,4,23633
2,8257,10,1968,1,23634
2,8258,10,1968,3,23635
2,8259,1,1968,1,23636
2,8259,10,1968,28,23637
2,8260,1,1968,1,23638
2,8260,10,1968,2,23639
2,8260,17,1968,2,23640
2,8261,10,1968,1,23641
2,8262,10,1968,9,23642
2,8263,10,1968,4,23643
2,8264,1,1968,1,23644
2,8264,10,1968,12,23645
2,8265,10,1968,3,23646
2,8266,10,1968,3,23647
2,8267,10,1968,7,23648
2,8267,22,1968,6,23649
2,8267,24,1968,23,23650
2,8267,34,1968,12,23651
2,8267,41,1968,6,23652
2,8267,54,1968,3,23653
2,8267,58,1968,3,23654
2,8268,1,1968,1,23655
2,8268,10,1968,9,23656
2,8268,18,1968,1,23657
2,8269,10,1968,6,23658
2,8270,10,1968,2,23659
2,8271,10,1968,5,23660
2,8272,1,1968,5,23661
2,8272,10,1968,10,23662
2,8272,17,1968,1,23663
2,8273,1,1968,4,23664
2,8273,10,1968,79,23665
2,8273,12,1968,1,23666
2,8273,17,1968,1,23667
2,8273,18,1968,1,23668
2,8274,10,1968,4,23669
2,8275,1,1968,1,23670
2,8275,10,1968,12,23671
2,8276,1,1968,2,23672
2,8276,10,1968,2,23673
2,8277,10,1968,1,23674
2,8278,10,1968,20,23675
2,8278,17,1968,2,23676
2,8279,1,1968,1,23677
2,8279,10,1968,12,23678
2,8280,10,1968,2,23679
2,8281,1,1968,1,23680
2,8281,10,1968,4,23681
2,8282,10,1968,4,23682
2,8283,10,1968,9,23683
2,8284,10,1968,16,23684
2,8285,10,1968,1,23685
2,8286,1,1968,2,23686
2,8286,10,1968,4,23687
2,8287,1,1968,1,23688
2,8287,10,1968,7,23689
2,8288,10,1968,2,23690
2,8289,1,1968,1,23691
2,8289,10,1968,1,23692
2,8290,10,1968,4,23693
2,8291,10,1968,5,23694
2,8292,10,1968,2,23695
2,8293,1,1968,1,23696
2,8294,10,1968,2,23697
2,8294,18,1968,1,23698
2,8295,10,1968,1,23699
2,8296,10,1968,38,23700
2,8297,10,1968,1,23701
2,8298,3,1968,1,23702
2,8298,4,1968,7,23703
2,8298,6,1968,2,23704
2,8298,7,1968,2,23705
2,8298,8,1968,2,23706
2,8298,9,1968,1,23707
2,8298,10,1968,2,23708
2,8299,1,1968,1,23709
2,8299,10,1968,2,23710
2,8300,18,1968,2,23711
2,8301,10,1968,9,23712
2,8302,10,1968,6,23713
2,8303,10,1968,10,23714
2,8304,1,1968,1,23715
2,8304,10,1968,2,23716
2,8305,10,1968,4,23717
2,8306,10,1968,2,23718
2,8307,18,1968,2,23719
2,8307,25,1968,2,23720
2,8308,10,1968,1,23721
2,8309,10,1968,4,23722
2,8310,10,1968,7,23723
2,8311,1,1968,1,23724
2,8312,10,1968,1,23725
2,8313,10,1968,4,23726
2,8314,10,1968,1,23727
2,8315,1,1968,1,23728
2,8315,10,1968,3,23729
2,8315,23,1968,34,23730
2,8316,1,1968,1,23731
2,8316,10,1968,8,23732
2,8316,12,1968,1,23733
2,8316,18,1968,5,23734
2,8316,40,1968,5,23735
2,8317,1,1968,1,23736
2,8317,10,1968,1,23737
2,8318,10,1968,1,23738
2,8319,1,1968,1,23739
2,8319,10,1968,9,23740
2,8320,16,1968,1,23741
2,8321,1,1968,3,23742
2,8321,10,1968,64,23743
2,8322,1,1968,1,23744
2,8323,1,1968,1,23745
2,8323,2,1968,20,23746
2,8323,3,1968,39,23747
2,8323,4,1968,222,23748
2,8323,6,1968,18,23749
2,8323,7,1968,21,23750
2,8323,8,1968,21,23751
2,8323,9,1968,7,23752
2,8323,10,1968,16,23753
2,8323,11,1968,1,23754
2,8323,17,1968,7,23755
2,8323,19,1968,16,23756
2,8323,23,1968,3,23757
2,8323,26,1968,10,23758
2,8323,27,1968,12,23759
2,8323,28,1968,45,23760
2,8323,29,1968,5,23761
2,8323,30,1968,14,23762
2,8323,37,1968,10,23763
2,8323,46,1968,2,23764
2,8323,47,1968,6,23765
2,8323,48,1968,8,23766
2,8324,10,1968,3,23767
2,8325,10,1968,4,23768
2,8326,1,1968,1,23769
2,8326,10,1968,1,23770
2,8327,10,1968,1,23771
2,8328,1,1968,1,23772
2,8328,10,1968,7,23773
2,8329,1,1968,1,23774
2,8329,10,1968,9,23775
2,8330,10,1968,4,23776
2,8331,1,1968,1,23777
2,8331,10,1968,1,23778
2,8332,18,1968,1,23779
2,8332,25,1968,1,23780
2,8333,1,1968,1,23781
2,8333,10,1968,5,23782
2,8333,18,1968,3,23783
2,8333,25,1968,2,23784
2,8334,1,1968,1,23785
2,8334,10,1968,51,23786
2,8335,1,1968,1,23787
2,8336,1,1968,1,23788
2,8336,10,1968,5,23789
2,8337,10,1968,3,23790
2,8338,1,1968,1,23791
2,8338,10,1968,4,23792
2,8339,1,1968,1,23793
2,8339,10,1968,10,23794
2,8340,1,1968,1,23795
2,8341,1,1968,1,23796
2,8341,10,1968,8,23797
2,8342,10,1968,1,23798
2,8343,1,1968,1,23799
2,8343,10,1968,2,23800
2,8344,1,1968,1,23801
2,8344,10,1968,4,23802
2,8345,1,1968,1,23803
2,8345,10,1968,2,23804
2,8345,23,1968,23,23805
2,8346,10,1968,2,23806
2,8347,10,1968,4,23807
2,8348,1,1968,1,23808
2,8349,10,1968,1,23809
2,8350,10,1968,5,23810
2,8351,1,1968,1,23811
2,8351,10,1968,1,23812
2,8352,10,1968,1,23813
2,8353,1,1968,2,23814
2,8353,10,1968,19,23815
2,8354,1,1968,1,23816
2,8354,10,1968,1,23817
2,8355,1,1968,1,23818
2,8355,10,1968,2,23819
2,8356,1,1968,1,23820
2,8356,10,1968,1,23821
2,8357,1,1968,1,23822
2,8357,10,1968,5,23823
2,8358,18,1968,2,23824
2,8359,10,1968,1,23825
2,8360,1,1968,1,23826
2,8360,18,1968,1,23827
2,8360,25,1968,1,23828
2,8361,2,1969,1,23829
2,8361,6,1969,1,23830
2,8361,7,1969,1,23831
2,8361,8,1969,1,23832
2,8361,9,1969,1,23833
2,8361,10,1969,4,23834
2,8361,11,1969,1,23835
2,8361,18,1969,1,23836
2,8362,10,1968,1,23837
2,8363,1,1968,1,23838
2,8363,10,1968,1,23839
2,8364,10,1968,3,23840
2,8365,1,1968,1,23841
2,8365,10,1968,1,23842
2,8366,1,1968,1,23843
2,8366,10,1968,4,23844
2,8366,22,1968,1,23845
2,8366,54,1968,1,23846
2,8367,19,1968,3,23847
2,8367,26,1968,2,23848
2,8367,27,1968,12,23849
2,8367,28,1968,30,23850
2,8367,47,1968,1,23851
2,8367,48,1968,5,23852
2,8368,10,1968,5,23853
2,8369,1,1968,1,23854
2,8369,10,1968,2,23855
2,8370,1,1968,1,23856
2,8370,10,1968,1,23857
2,8371,1,1968,1,23858
2,8372,10,1968,1,23859
2,8373,10,1968,1,23860
2,8374,10,1968,5,23861
2,8375,10,1968,1,23862
2,8376,1,1968,2,23863
2,8376,10,1968,2,23864
2,8377,10,1968,4,23865
2,8378,18,1968,3,23866
2,8379,10,1968,4,23867
2,8380,10,1968,1,23868
2,8381,10,1968,1,23869
2,8382,1,1968,1,23870
2,8382,10,1968,1,23871
2,8383,7,1970,1,23872
2,8383,8,1970,2,23873
2,8383,9,1970,1,23874
2,8383,10,1970,5,23875
2,8383,18,1970,1,23876
2,8384,2,1971,1,23877
2,8384,3,1971,1,23878
2,8384,4,1971,2,23879
2,8384,6,1971,1,23880
2,8384,7,1971,1,23881
2,8384,8,1971,1,23882
2,8384,9,1971,1,23883
2,8384,10,1971,5,23884
2,8384,11,1971,1,23885
2,8384,18,1971,1,23886
2,8385,2,1972,2,23887
2,8385,3,1972,2,23888
2,8385,4,1972,4,23889
2,8385,6,1972,1,23890
2,8385,7,1972,3,23891
2,8385,8,1972,3,23892
2,8385,9,1972,2,23893
2,8385,10,1972,10,23894
2,8385,11,1972,1,23895
2,8385,18,1972,2,23896
2,8386,3,1973,1,23897
2,8386,4,1973,1,23898
2,8386,6,1973,2,23899
2,8386,7,1973,1,23900
2,8386,8,1973,1,23901
2,8386,9,1973,1,23902
2,8386,10,1973,9,23903
2,8386,18,1973,4,23904
2,8387,2,1974,2,23905
2,8387,3,1974,3,23906
2,8387,4,1974,3,23907
2,8387,6,1974,3,23908
2,8387,7,1974,2,23909
2,8387,8,1974,2,23910
2,8387,9,1974,2,23911
2,8387,10,1974,14,23912
2,8387,11,1974,1,23913
2,8387,12,1974,1,23914
2,8387,18,1974,4,23915
2,8388,18,1974,1,23916
2,8388,25,1974,1,23917
2,8389,1,1975,1,23918
2,8389,3,1975,2,23919
2,8389,4,1975,4,23920
2,8389,5,1975,2,23921
2,8389,6,1975,1,23922
2,8389,7,1975,1,23923
2,8389,8,1975,1,23924
2,8389,9,1975,1,23925
2,8389,10,1975,3,23926
2,8389,11,1975,1,23927
2,8390,6,1976,2,23928
2,8390,7,1976,3,23929
2,8390,8,1976,3,23930
2,8390,9,1976,1,23931
2,8390,10,1976,5,23932
2,8390,18,1976,1,23933
2,8391,7,1977,2,23934
2,8391,8,1977,2,23935
2,8391,9,1977,1,23936
2,8391,10,1977,4,23937
2,8391,18,1977,2,23938
2,8392,7,1978,1,23939
2,8392,8,1978,1,23940
2,8392,9,1978,1,23941
2,8392,10,1978,8,23942
2,8392,18,1978,2,23943
2,8393,6,1979,2,23944
2,8393,7,1979,2,23945
2,8393,8,1979,2,23946
2,8393,9,1979,1,23947
2,8393,10,1979,5,23948
2,8393,18,1979,2,23949
2,8394,2,1980,1,23950
2,8394,7,1980,1,23951
2,8394,8,1980,1,23952
2,8394,9,1980,1,23953
2,8394,10,1980,4,23954
2,8394,11,1980,1,23955
2,8394,18,1980,1,23956
2,8395,12,1981,1,23957
2,8396,1,1981,2,23958
2,8396,2,1981,2,23959
2,8396,3,1981,6,23960
2,8396,4,1981,8,23961
2,8396,6,1981,3,23962
2,8396,7,1981,6,23963
2,8396,8,1981,6,23964
2,8396,9,1981,3,23965
2,8396,10,1981,30,23966
2,8396,11,1981,1,23967
2,8396,12,1981,1,23968
2,8396,18,1981,3,23969
2,8397,1,1981,1,23970
2,8397,2,1981,8,23971
2,8397,3,1981,4,23972
2,8397,4,1981,19,23973
2,8397,6,1981,1,23974
2,8397,7,1981,2,23975
2,8397,8,1981,2,23976
2,8397,9,1981,2,23977
2,8397,10,1981,8,23978
2,8397,11,1981,1,23979
2,8397,17,1981,2,23980
2,8397,18,1981,1,23981
2,8397,25,1981,1,23982
2,8398,10,1981,1,23983
2,8399,2,1982,1,23984
2,8399,6,1982,1,23985
2,8399,7,1982,1,23986
2,8399,8,1982,1,23987
2,8399,9,1982,1,23988
2,8399,10,1982,3,23989
2,8399,11,1982,1,23990
2,8399,18,1982,1,23991
2,8400,7,1983,1,23992
2,8400,8,1983,1,23993
2,8400,9,1983,1,23994
2,8400,10,1983,4,23995
2,8400,18,1983,1,23996
2,8401,1,1984,1,23997
2,8401,10,1984,4,23998
2,8401,23,1984,11,23999
2,8402,10,1984,1,24000
2,8403,10,1984,8,24001
2,8404,10,1984,5,24002
2,8405,10,1984,2,24003
2,8406,10,1984,1,24004
2,8407,10,1984,10,24005
2,8408,1,1984,1,24006
2,8408,10,1984,2,24007
2,8409,10,1984,7,24008
2,8410,1,1984,1,24009
2,8410,2,1984,20,24010
2,8410,3,1984,22,24011
2,8410,4,1984,65,24012
2,8410,6,1984,9,24013
2,8410,7,1984,22,24014
2,8410,8,1984,23,24015
2,8410,9,1984,4,24016
2,8410,10,1984,82,24017
2,8410,11,1984,2,24018
2,8410,12,1984,1,24019
2,8410,17,1984,5,24020
2,8410,18,1984,4,24021
2,8410,24,1984,16,24022
2,8410,25,1984,4,24023
2,8411,2,1984,9,24024
2,8411,3,1984,2,24025
2,8411,4,1984,9,24026
2,8411,6,1984,2,24027
2,8411,7,1984,4,24028
2,8411,8,1984,4,24029
2,8411,9,1984,2,24030
2,8411,10,1984,5,24031
2,8411,11,1984,1,24032
2,8411,17,1984,2,24033
2,8412,10,1984,6,24034
2,8413,1,1984,1,24035
2,8413,10,1984,1,24036
2,8414,1,1984,1,24037
2,8414,10,1984,8,24038
2,8415,1,1984,1,24039
2,8415,10,1984,5,24040
2,8416,1,1984,1,24041
2,8416,10,1984,7,24042
2,8417,1,1984,1,24043
2,8417,10,1984,5,24044
2,8418,10,1984,4,24045
2,8419,10,1984,6,24046
2,8420,10,1984,5,24047
2,8421,10,1984,6,24048
2,8422,10,1984,1,24049
2,8423,19,1984,4,24050
2,8423,26,1984,5,24051
2,8423,27,1984,5,24052
2,8423,28,1984,6,24053
2,8423,29,1984,2,24054
2,8423,47,1984,2,24055
2,8423,48,1984,2,24056
2,8424,10,1984,2,24057
2,8424,20,1984,20,24058
2,8424,22,1984,1,24059
2,8424,24,1984,20,24060
2,8424,33,1984,20,24061
2,8424,34,1984,1,24062
2,8424,54,1984,2,24063
2,8424,58,1984,1,24064
2,8425,10,1984,7,24065
2,8426,10,1984,1,24066
2,8427,10,1984,8,24067
2,8428,10,1984,2,24068
2,8429,10,1984,3,24069
2,8429,24,1984,15,24070
2,8429,33,1984,20,24071
2,8429,54,1984,20,24072
2,8429,58,1984,15,24073
2,8430,10,1984,1,24074
2,8431,18,1984,1,24075
2,8431,25,1984,1,24076
2,8432,10,1984,1,24077
2,8433,1,1984,1,24078
2,8433,10,1984,2,24079
2,8433,20,1984,15,24080
2,8433,24,1984,30,24081
2,8433,33,1984,15,24082
2,8434,1,1984,1,24083
2,8434,10,1984,2,24084
2,8435,10,1984,1,24085
2,8436,1,1984,1,24086
2,8436,3,1984,3,24087
2,8436,4,1984,22,24088
2,8436,6,1984,1,24089
2,8436,7,1984,1,24090
2,8436,8,1984,1,24091
2,8436,9,1984,1,24092
2,8436,10,1984,4,24093
2,8436,11,1984,1,24094
2,8436,17,1984,1,24095
2,8437,10,1984,1,24096
2,8437,20,1984,26,24097
2,8437,21,1984,4,24098
2,8437,24,1984,26,24099
2,8438,1,1985,1,24100
2,8438,10,1985,11,24101
2,8439,10,1985,2,24102
2,8440,10,1985,8,24103
2,8441,10,1985,1,24104
2,8442,10,1985,1,24105
2,8443,1,1985,1,24106
2,8443,10,1985,13,24107
2,8444,1,1985,1,24108
2,8444,10,1985,2,24109
2,8445,10,1985,1,24110
2,8446,10,1985,4,24111
2,8447,19,1985,4,24112
2,8447,28,1985,8,24113
2,8448,1,1985,1,24114
2,8448,2,1985,10,24115
2,8448,3,1985,10,24116
2,8448,4,1985,30,24117
2,8448,6,1985,3,24118
2,8448,7,1985,6,24119
2,8448,8,1985,6,24120
2,8448,9,1985,3,24121
2,8448,10,1985,24,24122
2,8448,11,1985,2,24123
2,8448,12,1985,1,24124
2,8448,17,1985,1,24125
2,8448,18,1985,5,24126
2,8448,25,1985,1,24127
2,8449,1,1985,2,24128
2,8449,10,1985,15,24129
2,8450,1,1985,1,24130
2,8450,10,1985,5,24131
2,8450,18,1985,1,24132
2,8451,10,1985,1,24133
2,8452,1,1985,1,24134
2,8452,10,1985,1,24135
2,8452,17,1985,1,24136
2,8453,10,1985,5,24137
2,8454,1,1985,1,24138
2,8454,10,1985,3,24139
2,8455,1,1986,1,24140
2,8455,10,1986,5,24141
2,8456,6,1987,2,24142
2,8456,7,1987,1,24143
2,8456,8,1987,1,24144
2,8456,9,1987,1,24145
2,8456,10,1987,4,24146
2,8456,18,1987,1,24147
2,8457,10,1988,1,24148
2,8458,2,1988,1,24149
2,8458,6,1988,2,24150
2,8458,7,1988,1,24151
2,8458,8,1988,2,24152
2,8458,9,1988,1,24153
2,8458,10,1988,5,24154
2,8458,11,1988,1,24155
2,8458,12,1988,1,24156
2,8458,18,1988,2,24157
2,8459,2,1989,1,24158
2,8459,3,1989,2,24159
2,8459,4,1989,4,24160
2,8459,6,1989,1,24161
2,8459,7,1989,1,24162
2,8459,8,1989,1,24163
2,8459,9,1989,2,24164
2,8459,10,1989,3,24165
2,8459,11,1989,1,24166
2,8459,12,1989,1,24167
2,8459,18,1989,3,24168
2,8460,6,1990,1,24169
2,8460,7,1990,3,24170
2,8460,8,1990,3,24171
2,8460,9,1990,1,24172
2,8460,10,1990,5,24173
2,8460,18,1990,1,24174
2,8461,2,1991,1,24175
2,8461,6,1991,1,24176
2,8461,7,1991,1,24177
2,8461,8,1991,1,24178
2,8461,9,1991,1,24179
2,8461,10,1991,5,24180
2,8461,11,1991,1,24181
2,8461,12,1991,1,24182
2,8461,18,1991,3,24183
2,8462,1,1992,1,24184
2,8462,2,1992,1,24185
2,8462,6,1992,1,24186
2,8462,7,1992,1,24187
2,8462,8,1992,1,24188
2,8462,9,1992,1,24189
2,8462,10,1992,3,24190
2,8462,11,1992,1,24191
2,8462,12,1992,1,24192
2,8462,18,1992,1,24193
2,8463,10,1993,1,24194
2,8464,2,1993,2,24195
2,8464,3,1993,4,24196
2,8464,4,1993,6,24197
2,8464,6,1993,1,24198
2,8464,7,1993,2,24199
2,8464,8,1993,1,24200
2,8464,9,1993,1,24201
2,8464,10,1993,11,24202
2,8464,11,1993,1,24203
2,8464,18,1993,7,24204
2,8465,7,1994,1,24205
2,8465,8,1994,1,24206
2,8465,9,1994,1,24207
2,8465,10,1994,4,24208
2,8465,18,1994,1,24209
2,8466,2,1995,1,24210
2,8466,6,1995,1,24211
2,8466,7,1995,1,24212
2,8466,8,1995,1,24213
2,8466,9,1995,1,24214
2,8466,10,1995,4,24215
2,8466,11,1995,1,24216
2,8466,18,1995,2,24217
2,8467,6,1995,1,24218
2,8467,7,1995,2,24219
2,8467,8,1995,2,24220
2,8467,9,1995,1,24221
2,8467,10,1995,5,24222
2,8467,18,1995,1,24223
2,8468,10,1995,2,24224
2,8469,1,1986,1,24225
2,8469,10,1986,7,24226
2,8470,2,1986,2,24227
2,8470,3,1986,6,24228
2,8470,4,1986,11,24229
2,8470,6,1986,6,24230
2,8470,7,1986,7,24231
2,8470,8,1986,7,24232
2,8470,9,1986,3,24233
2,8470,10,1986,16,24234
2,8470,11,1986,1,24235
2,8470,12,1986,1,24236
2,8470,18,1986,12,24237
2,8470,25,1986,2,24238
2,8471,10,1986,8,24239
2,8472,10,1986,5,24240
2,8473,2,1996,4,24241
2,8473,3,1996,2,24242
2,8473,4,1996,2,24243
2,8473,6,1996,2,24244
2,8473,7,1996,4,24245
2,8473,8,1996,4,24246
2,8473,9,1996,3,24247
2,8473,10,1996,17,24248
2,8473,11,1996,3,24249
2,8473,12,1996,1,24250
2,8473,18,1996,5,24251
2,8474,10,1996,2,24252
2,8475,10,1996,1,24253
2,8476,2,1997,1,24254
2,8476,6,1997,1,24255
2,8476,7,1997,1,24256
2,8476,8,1997,1,24257
2,8476,9,1997,1,24258
2,8476,10,1997,3,24259
2,8476,11,1997,1,24260
2,8476,12,1997,1,24261
2,8476,18,1997,1,24262
2,8477,10,1998,3,24263
2,8478,10,1998,2,24264
2,8479,10,1998,7,24265
2,8480,10,1998,4,24266
2,8481,10,1998,1,24267
2,8482,1,1998,1,24268
2,8482,10,1998,1,24269
2,8483,1,1998,1,24270
2,8483,2,1998,2,24271
2,8483,3,1998,3,24272
2,8483,4,1998,5,24273
2,8483,6,1998,2,24274
2,8483,7,1998,2,24275
2,8483,8,1998,1,24276
2,8483,9,1998,4,24277
2,8483,10,1998,29,24278
2,8483,11,1998,1,24279
2,8483,12,1998,1,24280
2,8483,18,1998,3,24281
2,8484,1,1998,1,24282
2,8484,10,1998,7,24283
2,8485,10,1998,1,24284
2,8486,1,1999,1,24285
2,8486,2,1999,1,24286
2,8486,3,1999,5,24287
2,8486,4,1999,20,24288
2,8486,6,1999,1,24289
2,8486,7,1999,4,24290
2,8486,8,1999,3,24291
2,8486,9,1999,3,24292
2,8486,10,1999,7,24293
2,8486,11,1999,1,24294
2,8486,12,1999,3,24295
2,8486,16,1999,1,24296
2,8486,17,1999,1,24297
2,8486,18,1999,2,24298
2,8486,24,1999,60,24299
2,8486,25,1999,3,24300
2,8486,33,1999,4,24301
2,8486,36,1999,4,24302
2,8486,54,1999,8,24303
2,8487,10,1999,1,24304
2,8488,10,1999,1,24305
2,8489,2,2000,4,24306
2,8489,3,2000,8,24307
2,8489,4,2000,12,24308
2,8489,6,2000,2,24309
2,8489,7,2000,3,24310
2,8489,8,2000,3,24311
2,8489,9,2000,1,24312
2,8489,10,2000,8,24313
2,8489,11,2000,1,24314
2,8489,17,2000,1,24315
2,8489,18,2000,4,24316
2,8490,10,2001,5,24317
2,8491,1,2001,4,24318
2,8491,2,2001,2,24319
2,8491,3,2001,19,24320
2,8491,4,2001,54,24321
2,8491,6,2001,10,24322
2,8491,7,2001,16,24323
2,8491,8,2001,21,24324
2,8491,9,2001,6,24325
2,8491,10,2001,23,24326
2,8491,11,2001,1,24327
2,8491,12,2001,2,24328
2,8491,17,2001,2,24329
2,8491,18,2001,1,24330
2,8491,25,2001,5,24331
2,8491,40,2001,5,24332
2,8492,10,2001,1,24333
2,8493,1,2001,1,24334
2,8493,4,2001,12,24335
2,8493,10,2001,7,24336
2,8493,17,2001,1,24337
2,8494,10,2001,6,24338
2,8495,10,2001,1,24339
2,8496,1,2001,2,24340
2,8496,10,2001,5,24341
2,8496,17,2001,1,24342
2,8496,18,2001,4,24343
2,8496,25,2001,5,24344
2,8497,10,2001,1,24345
2,8498,1,2001,1,24346
2,8498,10,2001,9,24347
2,8499,1,2001,1,24348
2,8499,10,2001,1,24349
2,8500,10,2001,1,24350
2,8501,10,2001,2,24351
2,8501,18,2001,2,24352
2,8501,25,2001,6,24353
2,8502,10,2001,13,24354
2,8503,18,2001,1,24355
2,8503,25,2001,1,24356
2,8504,26,2001,5,24357
2,8504,27,2001,5,24358
2,8504,29,2001,5,24359
2,8505,10,2001,3,24360
2,8506,10,2001,5,24361
2,8506,18,2001,1,24362
2,8506,25,2001,1,24363
2,8507,10,2001,1,24364
2,8508,10,2001,1,24365
2,8509,10,2001,1,24366
2,8510,10,2001,2,24367
2,8511,10,2001,2,24368
2,8512,10,2001,3,24369
2,8513,1,2001,1,24370
2,8513,10,2001,2,24371
2,8514,1,2001,3,24372
2,8514,10,2001,2,24373
2,8515,1,2002,1,24374
2,8515,10,2002,2,24375
2,8516,1,2002,1,24376
2,8516,10,2002,6,24377
2,8517,1,2002,1,24378
2,8517,2,2002,2,24379
2,8517,3,2002,5,24380
2,8517,4,2002,13,24381
2,8517,6,2002,3,24382
2,8517,7,2002,8,24383
2,8517,8,2002,8,24384
2,8517,9,2002,2,24385
2,8517,10,2002,17,24386
2,8517,11,2002,1,24387
2,8517,12,2002,1,24388
2,8517,18,2002,2,24389
2,8518,10,2002,10,24390
2,8519,1,2002,1,24391
2,8519,10,2002,6,24392
2,8520,1,2002,1,24393
2,8520,10,2002,5,24394
2,8521,1,2002,1,24395
2,8521,10,2002,2,24396
2,8522,10,2002,4,24397
2,8523,1,2002,1,24398
2,8523,10,2002,4,24399
2,8524,10,2003,3,24400
2,8525,10,2003,1,24401
2,8526,1,2003,1,24402
2,8526,10,2003,10,24403
2,8527,1,2003,4,24404
2,8527,3,2003,13,24405
2,8527,4,2003,41,24406
2,8527,6,2003,7,24407
2,8527,7,2003,10,24408
2,8527,8,2003,14,24409
2,8527,9,2003,3,24410
2,8527,10,2003,33,24411
2,8527,11,2003,1,24412
2,8527,14,2003,6,24413
2,8527,17,2003,2,24414
2,8527,18,2003,5,24415
2,8527,25,2003,2,24416
2,8528,1,2003,1,24417
2,8528,10,2003,10,24418
2,8528,24,2003,60,24419
2,8528,25,2003,1,24420
2,8528,41,2003,14,24421
2,8528,58,2003,15,24422
2,8529,1,2003,1,24423
2,8529,10,2003,1,24424
2,8530,10,2003,1,24425
2,8531,10,2003,7,24426
2,8531,12,2003,1,24427
2,8531,18,2003,1,24428
2,8531,25,2003,1,24429
2,8532,1,2003,1,24430
2,8532,10,2003,2,24431
2,8532,17,2003,1,24432
2,8533,1,2003,1,24433
2,8533,10,2003,2,24434
2,8534,1,2003,6,24435
2,8534,3,2003,11,24436
2,8534,4,2003,63,24437
2,8534,5,2003,9,24438
2,8534,6,2003,5,24439
2,8534,7,2003,11,24440
2,8534,8,2003,13,24441
2,8534,9,2003,3,24442
2,8534,10,2003,6,24443
2,8534,11,2003,1,24444
2,8534,17,2003,3,24445
2,8534,19,2003,3,24446
2,8534,26,2003,3,24447
2,8534,27,2003,13,24448
2,8534,28,2003,21,24449
2,8534,29,2003,2,24450
2,8534,37,2003,2,24451
2,8535,10,2004,5,24452
2,8536,10,2003,1,24453
2,8537,10,2003,1,24454
2,8538,18,2003,1,24455
2,8538,25,2003,1,24456
2,8539,10,2003,1,24457
2,8540,1,2003,1,24458
2,8540,10,2003,1,24459
2,8540,23,2003,15,24460
2,8541,10,2005,1,24461
2,8542,1,2005,2,24462
2,8542,2,2005,3,24463
2,8542,3,2005,3,24464
2,8542,4,2005,6,24465
2,8542,6,2005,3,24466
2,8542,7,2005,3,24467
2,8542,8,2005,4,24468
2,8542,9,2005,1,24469
2,8542,10,2005,2,24470
2,8542,11,2005,1,24471
2,8542,12,2005,1,24472
2,8542,18,2005,3,24473
2,8543,1,2006,1,24474
2,8543,3,2006,3,24475
2,8543,4,2006,7,24476
2,8543,6,2006,2,24477
2,8543,7,2006,2,24478
2,8543,8,2006,3,24479
2,8543,9,2006,1,24480
2,8543,10,2006,2,24481
2,8543,12,2006,1,24482
2,8543,18,2006,1,24483
2,8544,10,2006,2,24484
2,8545,10,2006,1,24485
2,8546,10,2007,1,24486
2,8547,10,2007,1,24487
2,8548,1,2008,3,24488
2,8549,2,2008,1,24489
2,8549,3,2008,2,24490
2,8549,4,2008,6,24491
2,8549,6,2008,3,24492
2,8549,7,2008,2,24493
2,8549,8,2008,2,24494
2,8549,9,2008,1,24495
2,8549,10,2008,5,24496
2,8549,11,2008,1,24497
2,8549,12,2008,1,24498
2,8549,18,2008,2,24499
2,8550,10,2008,2,24500
2,8551,10,2009,2,24501
2,8552,10,2009,2,24502
2,8553,10,2009,2,24503
2,8554,10,2004,2,24504
2,8555,10,2004,3,24505
2,8556,10,2004,1,24506
2,8557,10,2004,1,24507
2,8558,1,2004,1,24508
2,8558,10,2004,1,24509
2,8559,10,2004,1,24510
2,8560,10,2004,2,24511
2,8560,17,2004,1,24512
2,8561,4,2004,2,24513
2,8562,1,2004,1,24514
2,8562,10,2004,2,24515
2,8563,10,2010,1,24516
2,8564,10,2010,2,24517
2,8565,10,2010,1,24518
2,8566,10,2010,1,24519
2,8567,1,2010,1,24520
2,8567,2,2010,8,24521
2,8567,3,2010,15,24522
2,8567,4,2010,21,24523
2,8567,6,2010,5,24524
2,8567,7,2010,11,24525
2,8567,8,2010,11,24526
2,8567,9,2010,3,24527
2,8567,10,2010,8,24528
2,8567,11,2010,1,24529
2,8567,12,2010,2,24530
2,8567,17,2010,2,24531
2,8567,18,2010,2,24532
2,8567,25,2010,1,24533
2,8568,10,2010,1,24534
2,8568,18,2010,1,24535
2,8569,3,2010,2,24536
2,8569,4,2010,4,24537
2,8569,10,2010,2,24538
2,8570,10,2010,4,24539
2,8571,1,2011,2,24540
2,8571,2,2011,2,24541
2,8571,3,2011,3,24542
2,8571,4,2011,6,24543
2,8571,6,2011,1,24544
2,8571,7,2011,3,24545
2,8571,8,2011,3,24546
2,8571,9,2011,2,24547
2,8571,10,2011,11,24548
2,8571,11,2011,1,24549
2,8571,12,2011,1,24550
2,8571,18,2011,3,24551
2,8572,10,2011,5,24552
2,8573,1,2011,1,24553
2,8573,10,2011,11,24554
2,8573,18,2011,1,24555
2,8573,25,2011,1,24556
2,8573,40,2011,1,24557
2,8574,1,1303,3,24558
2,8574,10,1303,6,24559
2,8575,1,1303,1,24560
2,8575,4,1303,6,24561
2,8575,10,1303,2,24562
2,8575,17,1303,2,24563
2,8576,1,1303,1,24564
2,8576,10,1303,3,24565
2,8576,17,1303,1,24566
2,8577,18,1303,2,24567
2,8578,10,1303,1,24568
2,8578,17,1303,1,24569
2,8579,10,1303,1,24570
2,8580,3,1303,27,24571
2,8580,4,1303,181,24572
2,8580,6,1303,10,24573
2,8580,7,1303,23,24574
2,8580,8,1303,24,24575
2,8580,9,1303,8,24576
2,8580,10,1303,15,24577
2,8580,11,1303,2,24578
2,8580,17,1303,6,24579
2,8580,18,1303,3,24580
2,8580,19,1303,1,24581
2,8580,24,1303,7,24582
2,8580,25,1303,1,24583
2,8580,26,1303,3,24584
2,8580,27,1303,3,24585
2,8580,28,1303,17,24586
2,8580,29,1303,10,24587
2,8581,1,1303,1,24588
2,8581,10,1303,1,24589
2,8582,1,1303,1,24590
2,8582,10,1303,5,24591
2,8583,1,1303,1,24592
2,8583,10,1303,11,24593
2,8583,17,1303,1,24594
2,8584,10,1303,1,24595
2,8585,1,1303,5,24596
2,8585,3,1303,4,24597
2,8585,4,1303,19,24598
2,8585,6,1303,1,24599
2,8585,7,1303,7,24600
2,8585,8,1303,6,24601
2,8585,9,1303,4,24602
2,8585,10,1303,45,24603
2,8585,11,1303,1,24604
2,8585,18,1303,3,24605
2,8586,1,1303,1,24606
2,8586,10,1303,9,24607
2,8586,20,1303,10,24608
2,8586,24,1303,73,24609
2,8586,32,1303,12,24610
2,8586,33,1303,25,24611
2,8587,10,1303,2,24612
2,8587,23,1303,16,24613
2,8588,1,1303,2,24614
2,8588,10,1303,1,24615
2,8589,1,1303,1,24616
2,8589,10,1303,1,24617
2,8590,10,1303,1,24618
2,8591,1,1303,3,24619
2,8591,10,1303,8,24620
2,8592,10,1303,3,24621
2,8593,10,1303,5,24622
2,8594,1,1303,2,24623
2,8594,4,1303,66,24624
2,8594,10,1303,10,24625
2,8594,17,1303,2,24626
2,8594,19,1303,1,24627
2,8594,28,1303,5,24628
2,8594,30,1303,34,24629
2,8594,46,1303,1,24630
2,8595,10,1303,1,24631
2,8595,17,1303,3,24632
2,8596,10,1303,1,24633
2,8597,10,1303,1,24634
2,8597,30,1303,7,24635
2,8598,1,1303,1,24636
2,8598,10,1303,21,24637
2,8599,10,1303,5,24638
2,8599,18,1303,4,24639
2,8599,25,1303,1,24640
2,8600,10,1303,1,24641
2,8601,10,1303,1,24642
2,8602,10,1303,2,24643
2,8603,10,1303,7,24644
2,8604,1,1303,1,24645
2,8604,10,1303,1,24646
2,8605,10,1303,1,24647
2,8606,10,1303,1,24648
2,8607,10,1303,3,24649
2,8608,10,1303,2,24650
2,8609,10,1303,4,24651
2,8610,10,1303,2,24652
2,8611,1,1303,2,24653
2,8611,10,1303,7,24654
2,8611,17,1303,2,24655
2,8612,10,1303,4,24656
2,8613,10,1303,6,24657
2,8614,4,1303,11,24658
2,8614,10,1303,8,24659
2,8614,17,1303,1,24660
2,8614,19,1303,4,24661
2,8614,28,1303,4,24662
2,8615,10,1303,1,24663
2,8616,10,1303,1,24664
2,8617,2,1303,6,24665
2,8617,3,1303,2,24666
2,8617,4,1303,75,24667
2,8617,6,1303,2,24668
2,8617,7,1303,13,24669
2,8617,8,1303,13,24670
2,8617,9,1303,2,24671
2,8617,10,1303,3,24672
2,8617,11,1303,1,24673
2,8617,17,1303,2,24674
2,8617,19,1303,4,24675
2,8617,26,1303,2,24676
2,8617,27,1303,5,24677
2,8617,28,1303,8,24678
2,8617,29,1303,2,24679
2,8617,47,1303,1,24680
2,8617,48,1303,1,24681
2,8618,10,1303,12,24682
2,8619,1,1303,2,24683
2,8619,10,1303,3,24684
2,8620,10,1303,15,24685
2,8621,1,1303,1,24686
2,8621,10,1303,6,24687
2,8621,23,1303,26,24688
2,8622,10,1303,10,24689
2,8623,1,1303,2,24690
2,8623,10,1303,25,24691
2,8624,1,1303,1,24692
2,8624,10,1303,2,24693
2,8625,1,1303,1,24694
2,8625,10,1303,6,24695
2,8626,10,1303,1,24696
2,8627,10,1303,1,24697
2,8627,18,1303,3,24698
2,8627,25,1303,1,24699
2,8628,1,1303,2,24700
2,8628,10,1303,25,24701
2,8629,10,1303,5,24702
2,8630,10,1303,5,24703
2,8631,1,1303,1,24704
2,8631,10,1303,1,24705
2,8632,18,1303,4,24706
2,8632,25,1303,1,24707
2,8633,1,1303,1,24708
2,8633,10,1303,2,24709
2,8634,10,1303,9,24710
2,8635,1,1303,2,24711
2,8635,10,1303,1,24712
2,8636,10,1303,1,24713
2,8637,10,1303,1,24714
2,8638,1,1303,2,24715
2,8638,10,1303,1,24716
2,8639,10,1303,2,24717
2,8640,10,1303,1,24718
2,8641,1,1303,4,24719
2,8641,10,1303,48,24720
2,8642,1,1303,1,24721
2,8642,3,1303,4,24722
2,8642,4,1303,80,24723
2,8642,10,1303,6,24724
2,8642,16,1303,3,24725
2,8642,17,1303,4,24726
2,8642,19,1303,4,24727
2,8642,44,1303,10,24728
2,8643,1,1303,1,24729
2,8643,10,1303,3,24730
2,8643,23,1303,26,24731
2,8644,10,1303,5,24732
2,8645,10,1303,1,24733
2,8646,1,1303,1,24734
2,8646,10,1303,25,24735
2,8647,1,1303,2,24736
2,8647,10,1303,1,24737
2,8648,10,1303,3,24738
2,8649,10,1303,4,24739
2,8650,1,1303,1,24740
2,8650,10,1303,12,24741
2,8651,1,1303,1,24742
2,8651,10,1303,1,24743
2,8651,17,1303,1,24744
2,8652,10,1303,1,24745
2,8653,10,1303,1,24746
2,8654,12,1303,1,24747
2,8654,18,1303,1,24748
2,8655,10,1303,6,24749
2,8656,1,1303,1,24750
2,8656,10,1303,1,24751
2,8657,4,1303,1,24752
2,8657,10,1303,1,24753
2,8658,1,1303,1,24754
2,8658,10,1303,2,24755
2,8659,1,1303,1,24756
2,8659,10,1303,1,24757
2,8660,25,1303,2,24758
2,8661,10,1303,1,24759
2,8662,10,1303,1,24760
2,8663,1,1303,1,24761
2,8663,10,1303,1,24762
2,8664,10,1303,2,24763
2,8665,10,1303,1,24764
2,8666,10,1303,2,24765
2,8667,1,1303,1,24766
2,8667,10,1303,8,24767
2,8668,10,1303,1,24768
2,8669,10,1303,5,24769
2,8670,10,1303,1,24770
2,8671,10,1303,3,24771
2,8672,1,1303,1,24772
2,8672,10,1303,11,24773
2,8673,1,1303,1,24774
2,8674,1,1303,1,24775
2,8674,3,1303,8,24776
2,8674,4,1303,56,24777
2,8674,6,1303,4,24778
2,8674,9,1303,4,24779
2,8674,10,1303,12,24780
2,8674,11,1303,1,24781
2,8674,14,1303,5,24782
2,8674,15,1303,3,24783
2,8674,16,1303,4,24784
2,8674,17,1303,4,24785
2,8674,23,1303,2,24786
2,8674,25,1303,1,24787
2,8674,35,1303,18,24788
2,8674,40,1303,27,24789
2,8674,42,1303,2,24790
2,8674,43,1303,10,24791
2,8674,44,1303,24,24792
2,8674,45,1303,1,24793
2,8674,47,1303,2,24794
2,8674,48,1303,5,24795
2,8674,55,1303,1,24796
2,8675,1,1303,1,24797
2,8675,10,1303,1,24798
2,8675,17,1303,1,24799
2,8676,1,1303,1,24800
2,8676,10,1303,9,24801
2,8677,10,1303,4,24802
2,8677,30,1303,7,24803
2,8678,1,1303,2,24804
2,8678,10,1303,1,24805
2,8679,1,1303,1,24806
2,8679,10,1303,5,24807
2,8680,10,1303,1,24808
2,8681,10,1303,1,24809
2,8682,10,1303,1,24810
2,8683,10,1303,5,24811
2,8684,1,1303,2,24812
2,8684,10,1303,2,24813
2,8685,10,1303,7,24814
2,8686,10,1303,2,24815
2,8687,1,1303,1,24816
2,8687,10,1303,8,24817
2,8688,10,1303,1,24818
2,8689,10,1303,1,24819
2,8690,1,1303,1,24820
2,8690,10,1303,1,24821
2,8691,4,1303,2,24822
2,8691,40,1303,2,24823
2,8692,10,1303,2,24824
2,8693,1,1303,1,24825
2,8693,10,1303,3,24826
2,8693,30,1303,12,24827
2,8694,10,1303,2,24828
2,8695,10,1303,1,24829
2,8695,22,1303,1,24830
2,8695,34,1303,1,24831
2,8695,54,1303,1,24832
2,8695,58,1303,1,24833
2,8696,7,2012,2,24834
2,8696,8,2012,1,24835
2,8696,9,2012,1,24836
2,8696,10,2012,1,24837
2,8696,18,2012,2,24838
2,8697,10,2013,5,24839
2,8698,10,2013,7,24840
2,8699,1,2013,1,24841
2,8699,10,2013,4,24842
2,8700,3,2013,7,24843
2,8700,4,2013,24,24844
2,8700,5,2013,13,24845
2,8700,6,2013,4,24846
2,8700,7,2013,9,24847
2,8700,8,2013,8,24848
2,8700,9,2013,5,24849
2,8700,10,2013,29,24850
2,8700,11,2013,1,24851
2,8700,12,2013,1,24852
2,8700,18,2013,3,24853
2,8700,25,2013,1,24854
2,8701,1,2013,1,24855
2,8701,10,2013,4,24856
2,8702,10,2014,4,24857
2,8703,1,2014,2,24858
2,8703,3,2014,3,24859
2,8703,4,2014,9,24860
2,8703,6,2014,3,24861
2,8703,7,2014,4,24862
2,8703,8,2014,4,24863
2,8703,9,2014,2,24864
2,8703,10,2014,14,24865
2,8703,11,2014,1,24866
2,8703,18,2014,2,24867
2,8704,6,2015,1,24868
2,8704,7,2015,1,24869
2,8704,8,2015,1,24870
2,8704,9,2015,1,24871
2,8704,10,2015,3,24872
2,8704,18,2015,2,24873
2,8705,18,2016,1,24874
2,8705,20,2016,4,24875
2,8705,24,2016,74,24876
2,8705,33,2016,32,24877
2,8705,40,2016,8,24878
2,8706,4,2017,6,24879
2,8706,6,2017,1,24880
2,8706,7,2017,1,24881
2,8706,8,2017,1,24882
2,8706,9,2017,1,24883
2,8706,10,2017,1,24884
2,8706,12,2017,1,24885
2,8706,18,2017,2,24886
2,8707,3,2016,1,24887
2,8707,4,2016,2,24888
2,8707,5,2016,1,24889
2,8707,6,2016,1,24890
2,8707,7,2016,2,24891
2,8707,8,2016,2,24892
2,8707,9,2016,1,24893
2,8707,10,2016,8,24894
2,8707,12,2016,1,24895
2,8707,18,2016,2,24896
2,8708,10,2018,4,24897
2,8709,10,2018,1,24898
2,8710,1,2018,1,24899
2,8710,2,2018,2,24900
2,8710,3,2018,3,24901
2,8710,4,2018,4,24902
2,8710,6,2018,2,24903
2,8710,7,2018,1,24904
2,8710,8,2018,2,24905
2,8710,9,2018,2,24906
2,8710,10,2018,11,24907
2,8710,11,2018,1,24908
2,8710,12,2018,1,24909
2,8710,18,2018,3,24910
2,8711,10,2018,3,24911
2,8712,10,2018,4,24912
2,8713,10,2018,5,24913
2,8714,10,2019,4,24914
2,8715,2,2019,2,24915
2,8715,3,2019,5,24916
2,8715,4,2019,8,24917
2,8715,6,2019,4,24918
2,8715,7,2019,4,24919
2,8715,8,2019,4,24920
2,8715,9,2019,2,24921
2,8715,10,2019,2,24922
2,8715,11,2019,1,24923
2,8715,12,2019,1,24924
2,8715,18,2019,2,24925
2,8716,2,2020,1,24926
2,8716,3,2020,1,24927
2,8716,4,2020,4,24928
2,8716,6,2020,1,24929
2,8716,7,2020,2,24930
2,8716,8,2020,1,24931
2,8716,9,2020,1,24932
2,8716,10,2020,1,24933
2,8716,11,2020,1,24934
2,8716,18,2020,2,24935
2,8717,10,2021,5,24936
2,8718,1,2021,1,24937
2,8718,3,2021,3,24938
2,8718,4,2021,10,24939
2,8718,11,2021,1,24940
2,8718,18,2021,4,24941
2,8718,35,2021,2,24942
2,8719,24,2022,30,24943
2,8720,6,2022,1,24944
2,8720,7,2022,1,24945
2,8720,8,2022,1,24946
2,8720,9,2022,1,24947
2,8720,10,2022,1,24948
2,8720,18,2022,3,24949
2,8721,1,2023,1,24950
2,8721,2,2023,2,24951
2,8721,3,2023,1,24952
2,8721,4,2023,4,24953
2,8721,6,2023,1,24954
2,8721,7,2023,2,24955
2,8721,8,2023,2,24956
2,8721,9,2023,1,24957
2,8721,10,2023,9,24958
2,8721,11,2023,1,24959
2,8721,12,2023,1,24960
2,8721,18,2023,3,24961
2,8722,2,2024,1,24962
2,8722,3,2024,1,24963
2,8722,4,2024,4,24964
2,8722,6,2024,2,24965
2,8722,7,2024,2,24966
2,8722,8,2024,2,24967
2,8722,9,2024,1,24968
2,8722,10,2024,4,24969
2,8722,11,2024,1,24970
2,8722,18,2024,2,24971
2,8723,1,2025,1,24972
2,8723,2,2025,2,24973
2,8723,3,2025,5,24974
2,8723,4,2025,8,24975
2,8723,7,2025,3,24976
2,8723,8,2025,3,24977
2,8723,9,2025,3,24978
2,8723,10,2025,16,24979
2,8723,11,2025,1,24980
2,8723,12,2025,1,24981
2,8723,18,2025,3,24982
2,8724,1,2026,1,24983
2,8724,10,2026,19,24984
2,8725,1,2026,1,24985
2,8725,10,2026,30,24986
2,8726,10,2026,1,24987
2,8727,10,2026,2,24988
2,8728,1,2026,1,24989
2,8728,10,2026,9,24990
2,8729,10,2026,2,24991
2,8730,10,2026,1,24992
2,8731,10,2026,7,24993
2,8732,10,2026,1,24994
2,8733,10,2026,2,24995
2,8734,1,2026,1,24996
2,8734,10,2026,19,24997
2,8735,1,2026,2,24998
2,8735,2,2026,14,24999
2,8735,3,2026,5,25000
2,8735,4,2026,50,25001
2,8735,6,2026,5,25002
2,8735,7,2026,7,25003
2,8735,8,2026,7,25004
2,8735,9,2026,4,25005
2,8735,10,2026,54,25006
2,8735,11,2026,1,25007
2,8735,12,2026,1,25008
2,8735,17,2026,2,25009
2,8735,18,2026,3,25010
2,8736,1,2027,1,25011
2,8736,2,2027,2,25012
2,8736,3,2027,2,25013
2,8736,4,2027,4,25014
2,8736,6,2027,1,25015
2,8736,7,2027,1,25016
2,8736,8,2027,1,25017
2,8736,9,2027,1,25018
2,8736,10,2027,5,25019
2,8736,11,2027,1,25020
2,8736,12,2027,1,25021
2,8736,18,2027,2,25022
2,8737,19,2026,6,25023
2,8737,28,2026,4,25024
2,8738,10,2026,3,25025
2,8739,10,2026,4,25026
2,8740,10,2026,3,25027
2,8741,1,2026,1,25028
2,8741,10,2026,3,25029
2,8741,23,2026,9,25030
2,8742,1,2026,1,25031
2,8742,10,2026,3,25032
2,8743,18,2026,3,25033
2,8744,10,2026,4,25034
2,8745,1,2028,1,25035
2,8745,2,2028,2,25036
2,8745,3,2028,2,25037
2,8745,4,2028,3,25038
2,8745,6,2028,1,25039
2,8745,7,2028,2,25040
2,8745,8,2028,3,25041
2,8745,9,2028,1,25042
2,8745,10,2028,3,25043
2,8745,11,2028,1,25044
2,8745,12,2028,1,25045
2,8745,18,2028,2,25046
2,8746,10,2029,8,25047
2,8747,10,2029,5,25048
2,8748,1,2029,1,25049
2,8748,10,2029,5,25050
2,8749,2,2029,5,25051
2,8749,3,2029,4,25052
2,8749,4,2029,26,25053
2,8749,10,2029,17,25054
2,8749,11,2029,1,25055
2,8749,12,2029,1,25056
2,8749,17,2029,1,25057
2,8749,18,2029,4,25058
2,8750,1,2030,1,25059
2,8750,2,2030,1,25060
2,8750,3,2030,5,25061
2,8750,4,2030,6,25062
2,8750,6,2030,4,25063
2,8750,7,2030,1,25064
2,8750,8,2030,2,25065
2,8750,9,2030,2,25066
2,8750,10,2030,9,25067
2,8750,11,2030,2,25068
2,8750,18,2030,3,25069
2,8751,10,2029,3,25070
2,8752,10,2029,3,25071
2,8753,10,2031,5,25072
2,8754,1,2031,2,25073
2,8754,3,2031,2,25074
2,8754,4,2031,8,25075
2,8754,6,2031,2,25076
2,8754,7,2031,3,25077
2,8754,8,2031,3,25078
2,8754,9,2031,1,25079
2,8754,10,2031,5,25080
2,8754,11,2031,1,25081
2,8754,12,2031,1,25082
2,8754,18,2031,2,25083
2,8755,1,1304,1,25084
2,8755,10,1304,8,25085
2,8755,17,1304,2,25086
2,8756,10,1304,2,25087
2,8756,18,1304,1,25088
2,8757,10,1304,4,25089
2,8758,1,1304,2,25090
2,8758,10,1304,7,25091
2,8759,10,1304,9,25092
2,8759,22,1304,10,25093
2,8759,24,1304,107,25094
2,8759,34,1304,40,25095
2,8760,1,1304,5,25096
2,8760,10,1304,71,25097
2,8761,1,1304,3,25098
2,8761,2,1304,14,25099
2,8761,3,1304,20,25100
2,8761,4,1304,105,25101
2,8761,6,1304,12,25102
2,8761,7,1304,15,25103
2,8761,8,1304,15,25104
2,8761,9,1304,11,25105
2,8761,10,1304,80,25106
2,8761,11,1304,2,25107
2,8761,13,1304,5,25108
2,8761,14,1304,12,25109
2,8761,16,1304,6,25110
2,8761,23,1304,4,25111
2,8761,30,1304,10,25112
2,8761,42,1304,6,25113
2,8761,43,1304,4,25114
2,8761,44,1304,19,25115
2,8761,45,1304,6,25116
2,8761,50,1304,5,25117
2,8762,10,1304,6,25118
2,8762,17,1304,4,25119
2,8763,10,1304,1,25120
2,8764,10,1304,7,25121
2,8765,10,1304,3,25122
2,8766,1,1304,2,25123
2,8766,10,1304,2,25124
2,8766,17,1304,3,25125
2,8767,10,1304,1,25126
2,8767,18,1304,4,25127
2,8768,1,1304,2,25128
2,8768,10,1304,7,25129
2,8768,17,1304,2,25130
2,8769,1,1304,6,25131
2,8769,2,1304,2,25132
2,8769,3,1304,8,25133
2,8769,4,1304,49,25134
2,8769,6,1304,15,25135
2,8769,7,1304,17,25136
2,8769,8,1304,17,25137
2,8769,9,1304,11,25138
2,8769,10,1304,165,25139
2,8769,11,1304,1,25140
2,8769,12,1304,3,25141
2,8769,18,1304,4,25142
2,8770,1,1304,1,25143
2,8770,10,1304,1,25144
2,8770,17,1304,2,25145
2,8771,1,1304,1,25146
2,8771,10,1304,3,25147
2,8771,23,1304,46,25148
2,8772,10,1304,4,25149
2,8773,3,1304,2,25150
2,8773,4,1304,64,25151
2,8773,10,1304,16,25152
2,8773,17,1304,3,25153
2,8773,19,1304,4,25154
2,8773,28,1304,11,25155
2,8773,30,1304,19,25156
2,8773,46,1304,2,25157
2,8774,10,1304,1,25158
2,8774,17,1304,1,25159
2,8775,10,1304,1,25160
2,8776,9,1304,3,25161
2,8776,10,1304,14,25162
2,8776,24,1304,115,25163
2,8777,10,1304,5,25164
2,8777,17,1304,1,25165
2,8778,1,1304,6,25166
2,8778,2,1304,32,25167
2,8778,3,1304,28,25168
2,8778,4,1304,188,25169
2,8778,6,1304,8,25170
2,8778,7,1304,28,25171
2,8778,8,1304,32,25172
2,8778,9,1304,4,25173
2,8778,10,1304,22,25174
2,8778,11,1304,1,25175
2,8778,15,1304,4,25176
2,8778,17,1304,7,25177
2,8778,18,1304,1,25178
2,8778,19,1304,11,25179
2,8778,25,1304,1,25180
2,8778,26,1304,9,25181
2,8778,27,1304,13,25182
2,8778,28,1304,26,25183
2,8778,29,1304,11,25184
2,8778,38,1304,2,25185
2,8778,47,1304,3,25186
2,8778,48,1304,5,25187
2,8779,1,1304,1,25188
2,8779,10,1304,12,25189
2,8780,1,1304,2,25190
2,8780,4,1304,38,25191
2,8780,10,1304,22,25192
2,8780,17,1304,3,25193
2,8780,19,1304,1,25194
2,8780,28,1304,6,25195
2,8780,30,1304,11,25196
2,8781,1,1304,1,25197
2,8781,10,1304,25,25198
2,8782,10,1304,1,25199
2,8783,1,1304,3,25200
2,8784,1,1304,1,25201
2,8784,10,1304,6,25202
2,8784,17,1304,2,25203
2,8785,10,1304,2,25204
2,8786,10,1304,1,25205
2,8787,1,1304,1,25206
2,8787,10,1304,2,25207
2,8788,10,1304,1,25208
2,8789,10,1304,1,25209
2,8790,1,1304,2,25210
2,8790,10,1304,4,25211
2,8791,1,1304,1,25212
2,8791,10,1304,1,25213
2,8792,10,1304,5,25214
2,8793,10,1304,5,25215
2,8794,10,1304,1,25216
2,8795,19,1304,1,25217
2,8795,28,1304,9,25218
2,8796,10,1304,1,25219
2,8797,10,1304,1,25220
2,8798,1,1304,1,25221
2,8798,10,1304,2,25222
2,8799,17,1304,1,25223
2,8800,10,1304,1,25224
2,8801,10,1304,4,25225
2,8802,10,1304,9,25226
2,8803,10,1304,4,25227
2,8804,10,1304,3,25228
2,8805,1,1304,1,25229
2,8805,10,1304,3,25230
2,8806,1,1304,1,25231
2,8806,10,1304,2,25232
2,8806,17,1304,1,25233
2,8807,1,1304,8,25234
2,8807,2,1304,9,25235
2,8807,3,1304,10,25236
2,8807,4,1304,232,25237
2,8807,6,1304,3,25238
2,8807,7,1304,27,25239
2,8807,8,1304,24,25240
2,8807,9,1304,5,25241
2,8807,10,1304,34,25242
2,8807,11,1304,1,25243
2,8807,13,1304,6,25244
2,8807,17,1304,8,25245
2,8807,18,1304,2,25246
2,8807,19,1304,6,25247
2,8807,25,1304,2,25248
2,8807,26,1304,2,25249
2,8807,27,1304,7,25250
2,8807,28,1304,8,25251
2,8807,29,1304,5,25252
2,8807,30,1304,15,25253
2,8807,38,1304,2,25254
2,8807,40,1304,50,25255
2,8807,44,1304,23,25256
2,8807,46,1304,1,25257
2,8807,50,1304,2,25258
2,8808,1,1304,1,25259
2,8808,10,1304,1,25260
2,8809,1,1304,1,25261
2,8809,10,1304,1,25262
2,8810,1,1304,1,25263
2,8810,10,1304,2,25264
2,8811,10,1304,5,25265
2,8812,10,1304,3,25266
2,8813,10,1304,4,25267
2,8814,10,1304,1,25268
2,8815,10,1304,1,25269
2,8816,10,1304,3,25270
2,8817,1,1304,14,25271
2,8817,10,1304,3,25272
2,8818,1,1304,1,25273
2,8818,10,1304,5,25274
2,8819,1,1304,2,25275
2,8819,10,1304,4,25276
2,8820,1,1304,1,25277
2,8820,10,1304,3,25278
2,8820,23,1304,21,25279
2,8821,10,1304,3,25280
2,8822,1,1304,2,25281
2,8822,10,1304,4,25282
2,8823,10,1304,13,25283
2,8824,10,1304,4,25284
2,8825,10,1304,5,25285
2,8826,1,1304,1,25286
2,8826,10,1304,11,25287
2,8827,10,1304,2,25288
2,8828,10,1304,3,25289
2,8829,1,1304,1,25290
2,8829,4,1304,54,25291
2,8829,7,1304,6,25292
2,8829,8,1304,6,25293
2,8829,9,1304,2,25294
2,8829,10,1304,3,25295
2,8829,17,1304,2,25296
2,8829,18,1304,1,25297
2,8829,30,1304,5,25298
2,8830,10,1304,5,25299
2,8831,10,1304,2,25300
2,8832,18,1304,1,25301
2,8833,1,1304,1,25302
2,8833,10,1304,29,25303
2,8834,1,1304,3,25304
2,8835,1,1304,1,25305
2,8835,10,1304,2,25306
2,8836,10,1304,1,25307
2,8837,1,1304,3,25308
2,8837,10,1304,1,25309
2,8838,18,1304,7,25310
2,8838,25,1304,2,25311
2,8839,10,1304,1,25312
2,8840,1,1304,1,25313
2,8840,10,1304,4,25314
2,8841,10,1304,1,25315
2,8842,10,1304,1,25316
2,8843,10,1304,8,25317
2,8844,10,1304,6,25318
2,8845,1,1304,1,25319
2,8845,10,1304,2,25320
2,8845,17,1304,1,25321
2,8846,10,1304,1,25322
2,8847,25,1304,2,25323
2,8848,10,1304,2,25324
2,8849,10,1304,1,25325
2,8850,18,1304,4,25326
2,8851,10,1304,2,25327
2,8852,18,1304,3,25328
2,8853,1,1304,2,25329
2,8853,10,1304,1,25330
2,8854,10,1304,5,25331
2,8855,10,1304,2,25332
2,8856,10,1304,2,25333
2,8857,10,1304,4,25334
2,8858,10,1304,2,25335
2,8859,10,1304,2,25336
2,8860,10,1304,4,25337
2,8861,10,1304,2,25338
2,8862,1,1304,1,25339
2,8862,10,1304,5,25340
2,8862,17,1304,2,25341
2,8863,1,1304,1,25342
2,8863,10,1304,1,25343
2,8863,12,1304,1,25344
2,8864,1,1304,1,25345
2,8864,10,1304,3,25346
2,8864,23,1304,39,25347
2,8865,1,1304,3,25348
2,8865,10,1304,3,25349
2,8866,1,1304,1,25350
2,8866,10,1304,3,25351
2,8867,20,1304,35,25352
2,8868,10,1304,4,25353
2,8869,10,1304,5,25354
2,8870,10,1304,1,25355
2,8871,10,1304,3,25356
2,8872,10,1304,8,25357
2,8873,18,1304,8,25358
2,8874,17,1304,1,25359
2,8875,10,1304,2,25360
2,8876,1,1304,3,25361
2,8876,10,1304,6,25362
2,8876,17,1304,1,25363
2,8877,10,1304,2,25364
2,8878,10,1304,1,25365
2,8879,10,1304,1,25366
2,8880,10,1304,1,25367
2,8881,10,1304,1,25368
2,8882,10,1304,2,25369
2,8883,10,1304,2,25370
2,8884,18,1304,1,25371
2,8884,25,1304,1,25372
2,8885,1,1304,1,25373
2,8885,10,1304,5,25374
2,8886,1,1304,2,25375
2,8886,10,1304,42,25376
2,8887,10,1304,1,25377
2,8888,18,1304,1,25378
2,8888,25,1304,4,25379
2,8889,10,1304,55,25380
2,8890,1,1304,1,25381
2,8890,10,1304,3,25382
2,8891,10,1304,1,25383
2,8892,10,1304,3,25384
2,8893,18,1304,2,25385
2,8893,25,1304,1,25386
2,8894,1,1304,1,25387
2,8894,10,1304,2,25388
2,8895,10,1304,1,25389
2,8896,10,1304,4,25390
2,8897,10,1304,1,25391
2,8898,10,1304,3,25392
2,8899,10,1304,2,25393
2,8900,10,1304,1,25394
2,8901,10,1304,2,25395
2,8902,1,1304,1,25396
2,8902,10,1304,5,25397
2,8903,10,1304,1,25398
2,8904,10,1304,1,25399
2,8904,18,1304,1,25400
2,8904,25,1304,1,25401
2,8905,1,1304,1,25402
2,8905,10,1304,1,25403
2,8906,10,1304,2,25404
2,8907,1,1304,3,25405
2,8907,10,1304,2,25406
2,8908,10,1304,1,25407
2,8909,10,1304,1,25408
2,8910,18,1304,3,25409
2,8911,10,1304,2,25410
2,8912,10,1304,3,25411
2,8913,10,1304,4,25412
2,8914,1,1304,2,25413
2,8914,10,1304,1,25414
2,8915,10,1304,2,25415
2,8916,18,1304,2,25416
2,8917,10,1304,1,25417
2,8918,1,1304,1,25418
2,8918,10,1304,3,25419
2,8919,10,1304,2,25420
2,8920,10,1304,2,25421
2,8921,10,1304,3,25422
2,8922,1,1304,2,25423
2,8922,10,1304,1,25424
2,8923,10,1304,4,25425
2,8924,1,1304,1,25426
2,8924,10,1304,2,25427
2,8925,1,1304,1,25428
2,8925,10,1304,9,25429
2,8925,30,1304,18,25430
2,8926,1,1304,2,25431
2,8926,10,1304,1,25432
2,8927,10,1304,4,25433
2,8928,10,1304,2,25434
2,8929,10,1304,4,25435
2,8930,18,1304,3,25436
2,8931,1,1304,1,25437
2,8931,10,1304,1,25438
2,8932,10,1304,1,25439
2,8933,10,1304,2,25440
2,8934,25,1304,1,25441
2,8935,10,1304,1,25442
2,8936,1,2032,3,25443
2,8936,2,2032,2,25444
2,8936,3,2032,4,25445
2,8936,4,2032,8,25446
2,8936,6,2032,2,25447
2,8936,7,2032,2,25448
2,8936,8,2032,2,25449
2,8936,9,2032,2,25450
2,8936,10,2032,10,25451
2,8936,11,2032,1,25452
2,8936,18,2032,3,25453
2,8937,10,2033,1,25454
2,8938,1,2033,2,25455
2,8938,2,2033,6,25456
2,8938,3,2033,4,25457
2,8938,4,2033,5,25458
2,8938,6,2033,3,25459
2,8938,7,2033,6,25460
2,8938,8,2033,4,25461
2,8938,9,2033,4,25462
2,8938,10,2033,13,25463
2,8938,11,2033,2,25464
2,8938,12,2033,1,25465
2,8938,18,2033,5,25466
2,8939,1,2033,1,25467
2,8940,10,2034,7,25468
2,8941,10,2034,6,25469
2,8942,1,2034,1,25470
2,8942,10,2034,10,25471
2,8943,10,2034,1,25472
2,8944,1,2034,3,25473
2,8944,2,2034,3,25474
2,8944,3,2034,2,25475
2,8944,4,2034,13,25476
2,8944,6,2034,3,25477
2,8944,7,2034,5,25478
2,8944,8,2034,4,25479
2,8944,9,2034,3,25480
2,8944,10,2034,27,25481
2,8944,11,2034,1,25482
2,8944,12,2034,1,25483
2,8944,18,2034,3,25484
2,8945,1,2034,2,25485
2,8945,6,2034,2,25486
2,8945,7,2034,2,25487
2,8945,8,2034,2,25488
2,8945,9,2034,1,25489
2,8945,10,2034,9,25490
2,8946,1,2035,2,25491
2,8946,2,2035,2,25492
2,8946,3,2035,2,25493
2,8946,4,2035,4,25494
2,8946,6,2035,1,25495
2,8946,7,2035,2,25496
2,8946,8,2035,1,25497
2,8946,9,2035,3,25498
2,8946,10,2035,11,25499
2,8946,11,2035,1,25500
2,8946,12,2035,1,25501
2,8946,18,2035,2,25502
2,8947,1,2036,10,25503
2,8947,3,2036,6,25504
2,8947,4,2036,16,25505
2,8947,6,2036,14,25506
2,8947,7,2036,13,25507
2,8947,8,2036,16,25508
2,8947,9,2036,9,25509
2,8947,10,2036,124,25510
2,8947,11,2036,5,25511
2,8947,12,2036,2,25512
2,8947,18,2036,5,25513
2,8948,3,2037,2,25514
2,8948,4,2037,9,25515
2,8948,6,2037,4,25516
2,8948,7,2037,4,25517
2,8948,8,2037,4,25518
2,8948,9,2037,1,25519
2,8948,10,2037,1,25520
2,8948,18,2037,1,25521
2,8949,1,2038,1,25522
2,8949,3,2038,2,25523
2,8949,4,2038,15,25524
2,8949,6,2038,2,25525
2,8949,7,2038,2,25526
2,8949,8,2038,4,25527
2,8949,9,2038,3,25528
2,8949,10,2038,1,25529
2,8949,17,2038,1,25530
2,8950,1,2038,1,25531
2,8950,10,2038,3,25532
2,8950,18,2038,1,25533
2,8951,10,2038,3,25534
2,8952,10,2038,3,25535
2,8953,10,2038,1,25536
2,8953,17,2038,1,25537
2,8954,1,2038,1,25538
2,8954,10,2038,1,25539
2,8954,17,2038,2,25540
2,8955,10,2038,1,25541
2,8956,10,2038,7,25542
2,8957,1,2038,1,25543
2,8957,10,2038,1,25544
2,8958,10,2038,1,25545
2,8959,1,2038,1,25546
2,8959,10,2038,1,25547
2,8960,1,2038,8,25548
2,8960,10,2038,1,25549
2,8961,1,2038,1,25550
2,8961,10,2038,1,25551
2,8962,1,2038,1,25552
2,8962,10,2038,1,25553
2,8963,1,2038,2,25554
2,8963,2,2038,9,25555
2,8963,3,2038,4,25556
2,8963,4,2038,54,25557
2,8963,6,2038,4,25558
2,8963,7,2038,9,25559
2,8963,8,2038,8,25560
2,8963,9,2038,6,25561
2,8963,10,2038,15,25562
2,8963,11,2038,1,25563
2,8963,16,2038,3,25564
2,8963,17,2038,3,25565
2,8963,18,2038,2,25566
2,8963,24,2038,10,25567
2,8963,26,2038,1,25568
2,8963,27,2038,2,25569
2,8963,28,2038,9,25570
2,8963,29,2038,1,25571
2,8963,37,2038,2,25572
2,8963,38,2038,2,25573
2,8963,39,2038,1,25574
2,8963,42,2038,3,25575
2,8963,43,2038,3,25576
2,8963,44,2038,9,25577
2,8963,45,2038,3,25578
2,8964,40,2038,1,25579
2,8965,23,2036,5,25580
2,8966,10,2036,11,25581
2,8967,10,2036,6,25582
2,8968,10,2036,1,25583
2,8969,10,2036,3,25584
2,8969,17,2036,1,25585
2,8970,1,2036,1,25586
2,8970,10,2036,4,25587
2,8970,17,2036,1,25588
2,8971,1,2036,2,25589
2,8971,2,2036,14,25590
2,8971,3,2036,17,25591
2,8971,4,2036,59,25592
2,8971,6,2036,11,25593
2,8971,7,2036,15,25594
2,8971,8,2036,16,25595
2,8971,9,2036,3,25596
2,8971,10,2036,3,25597
2,8971,11,2036,1,25598
2,8971,17,2036,2,25599
2,8971,18,2036,1,25600
2,8971,19,2036,1,25601
2,8971,25,2036,1,25602
2,8971,26,2036,5,25603
2,8971,27,2036,11,25604
2,8971,28,2036,13,25605
2,8971,29,2036,3,25606
2,8971,47,2036,3,25607
2,8971,49,2036,4,25608
2,8972,1,2036,1,25609
2,8972,10,2036,2,25610
2,8973,1,2036,1,25611
2,8973,10,2036,1,25612
2,8973,17,2036,1,25613
2,8974,10,2036,1,25614
2,8975,1,2036,1,25615
2,8975,10,2036,1,25616
2,8975,30,2036,11,25617
2,8976,10,2036,6,25618
2,8976,17,2036,1,25619
2,8977,1,2036,3,25620
2,8977,3,2036,5,25621
2,8977,4,2036,19,25622
2,8977,6,2036,3,25623
2,8977,7,2036,5,25624
2,8977,8,2036,4,25625
2,8977,9,2036,5,25626
2,8977,10,2036,22,25627
2,8978,1,2036,1,25628
2,8978,2,2036,3,25629
2,8978,3,2036,2,25630
2,8978,4,2036,34,25631
2,8978,5,2036,1,25632
2,8978,7,2036,5,25633
2,8978,8,2036,5,25634
2,8978,9,2036,3,25635
2,8978,10,2036,3,25636
2,8978,11,2036,1,25637
2,8978,14,2036,4,25638
2,8978,16,2036,2,25639
2,8978,26,2036,2,25640
2,8978,27,2036,6,25641
2,8978,28,2036,4,25642
2,8978,29,2036,3,25643
2,8978,38,2036,3,25644
2,8978,42,2036,5,25645
2,8978,43,2036,6,25646
2,8978,44,2036,4,25647
2,8978,45,2036,3,25648
2,8979,2,2036,30,25649
2,8979,3,2036,15,25650
2,8979,4,2036,110,25651
2,8979,6,2036,11,25652
2,8979,7,2036,11,25653
2,8979,8,2036,10,25654
2,8979,9,2036,5,25655
2,8979,10,2036,3,25656
2,8979,11,2036,1,25657
2,8979,17,2036,3,25658
2,8979,18,2036,1,25659
2,8979,19,2036,4,25660
2,8979,25,2036,1,25661
2,8979,26,2036,4,25662
2,8979,27,2036,5,25663
2,8979,28,2036,13,25664
2,8979,29,2036,2,25665
2,8979,30,2036,4,25666
2,8979,40,2036,2,25667
2,8979,47,2036,1,25668
2,8979,48,2036,1,25669
2,8980,10,2036,2,25670
2,8980,22,2036,24,25671
2,8980,24,2036,24,25672
2,8980,33,2036,24,25673
2,8980,34,2036,24,25674
2,8981,1,2036,1,25675
2,8981,10,2036,1,25676
2,8982,4,2036,2,25677
2,8982,6,2036,1,25678
2,8982,7,2036,1,25679
2,8982,8,2036,1,25680
2,8982,9,2036,1,25681
2,8982,10,2036,5,25682
2,8983,1,2036,1,25683
2,8983,2,2036,22,25684
2,8983,3,2036,8,25685
2,8983,4,2036,160,25686
2,8983,6,2036,4,25687
2,8983,7,2036,9,25688
2,8983,8,2036,9,25689
2,8983,9,2036,1,25690
2,8983,10,2036,10,25691
2,8983,11,2036,1,25692
2,8983,15,2036,4,25693
2,8983,17,2036,5,25694
2,8983,25,2036,1,25695
2,8983,26,2036,7,25696
2,8983,27,2036,7,25697
2,8983,29,2036,1,25698
2,8983,30,2036,14,25699
2,8983,38,2036,15,25700
2,8983,46,2036,2,25701
2,8983,47,2036,2,25702
2,8983,48,2036,5,25703
2,8984,1,2036,1,25704
2,8984,10,2036,1,25705
2,8984,17,2036,1,25706
2,8985,19,2036,11,25707
2,8985,28,2036,16,25708
2,8986,1,2036,1,25709
2,8986,10,2036,1,25710
2,8986,12,2036,4,25711
2,8987,1,2036,3,25712
2,8987,10,2036,5,25713
2,8988,1,2036,1,25714
2,8988,10,2036,5,25715
2,8988,18,2036,1,25716
2,8988,31,2036,78,25717
2,8988,62,2036,75,25718
2,8988,63,2036,5,25719
2,8989,1,2036,2,25720
2,8989,10,2036,38,25721
2,8990,1,2036,1,25722
2,8990,10,2036,2,25723
2,8991,1,2036,1,25724
2,8991,10,2036,4,25725
2,8992,1,2036,1,25726
2,8992,10,2036,2,25727
2,8993,1,2036,2,25728
2,8993,10,2036,2,25729
2,8993,17,2036,2,25730
2,8994,10,2036,18,25731
2,8995,10,2036,1,25732
2,8996,1,2036,5,25733
2,8996,2,2036,42,25734
2,8996,3,2036,27,25735
2,8996,4,2036,125,25736
2,8996,6,2036,7,25737
2,8996,7,2036,11,25738
2,8996,8,2036,21,25739
2,8996,9,2036,7,25740
2,8996,10,2036,22,25741
2,8996,11,2036,1,25742
2,8996,15,2036,2,25743
2,8996,17,2036,7,25744
2,8996,18,2036,1,25745
2,8996,19,2036,7,25746
2,8996,24,2036,51,25747
2,8996,25,2036,2,25748
2,8996,26,2036,8,25749
2,8996,27,2036,9,25750
2,8996,28,2036,38,25751
2,8996,33,2036,14,25752
2,8996,34,2036,15,25753
2,8996,37,2036,7,25754
2,8996,47,2036,1,25755
2,8996,48,2036,3,25756
2,8996,49,2036,2,25757
2,8997,1,2036,2,25758
2,8997,2,2036,5,25759
2,8997,3,2036,3,25760
2,8997,4,2036,26,25761
2,8997,6,2036,2,25762
2,8997,7,2036,2,25763
2,8997,8,2036,2,25764
2,8997,9,2036,1,25765
2,8997,10,2036,1,25766
2,8997,11,2036,1,25767
2,8997,17,2036,2,25768
2,8997,18,2036,1,25769
2,8997,19,2036,2,25770
2,8997,26,2036,5,25771
2,8997,27,2036,4,25772
2,8997,28,2036,12,25773
2,8997,29,2036,5,25774
2,8997,38,2036,2,25775
2,8998,1,2036,1,25776
2,8998,10,2036,10,25777
2,8998,30,2036,8,25778
2,8999,10,2036,3,25779
2,9000,18,2036,3,25780
2,9001,1,2036,3,25781
2,9001,10,2036,1,25782
2,9002,10,2036,1,25783
2,9002,12,2036,1,25784
2,9003,1,2036,1,25785
2,9003,10,2036,1,25786
2,9004,1,2036,1,25787
2,9004,10,2036,1,25788
2,9005,1,2036,5,25789
2,9005,10,2036,5,25790
2,9006,10,2036,1,25791
2,9006,23,2036,24,25792
2,9007,10,2036,1,25793
2,9008,10,2036,8,25794
2,9009,16,2036,1,25795
2,9010,10,2036,1,25796
2,9011,10,2036,1,25797
2,9012,10,2036,1,25798
2,9013,1,2036,2,25799
2,9013,3,2036,4,25800
2,9013,4,2036,15,25801
2,9013,6,2036,4,25802
2,9013,7,2036,3,25803
2,9013,8,2036,3,25804
2,9013,9,2036,2,25805
2,9013,10,2036,2,25806
2,9013,17,2036,2,25807
2,9013,19,2036,2,25808
2,9013,25,2036,1,25809
2,9013,28,2036,4,25810
2,9014,10,2036,4,25811
2,9015,4,2036,4,25812
2,9015,10,2036,1,25813
2,9015,55,2036,4,25814
2,9016,1,2036,6,25815
2,9016,10,2036,6,25816
2,9017,4,2036,46,25817
2,9017,6,2036,1,25818
2,9017,7,2036,8,25819
2,9017,8,2036,8,25820
2,9017,9,2036,1,25821
2,9017,10,2036,1,25822
2,9017,17,2036,3,25823
2,9017,19,2036,5,25824
2,9017,28,2036,2,25825
2,9018,1,2036,1,25826
2,9018,10,2036,2,25827
2,9018,23,2036,22,25828
2,9019,10,2036,2,25829
2,9020,1,2036,1,25830
2,9020,10,2036,5,25831
2,9021,1,2036,1,25832
2,9021,10,2036,9,25833
2,9022,10,2036,1,25834
2,9022,18,2036,2,25835
2,9023,10,2036,4,25836
2,9024,10,2036,2,25837
2,9025,10,2036,2,25838
2,9026,10,2036,1,25839
2,9027,1,2036,1,25840
2,9027,10,2036,3,25841
2,9027,17,2036,1,25842
2,9028,10,2036,1,25843
2,9029,10,2036,1,25844
2,9030,10,2036,1,25845
2,9031,10,2036,1,25846
2,9032,10,2036,8,25847
2,9033,1,2036,1,25848
2,9033,10,2036,3,25849
2,9034,1,2036,1,25850
2,9034,10,2036,10,25851
2,9035,1,2036,1,25852
2,9035,10,2036,11,25853
2,9035,12,2036,1,25854
2,9036,1,2036,1,25855
2,9036,10,2036,4,25856
2,9037,1,2036,1,25857
2,9037,10,2036,1,25858
2,9038,10,2036,2,25859
2,9039,10,2036,2,25860
2,9040,10,2036,2,25861
2,9041,10,2036,12,25862
2,9042,10,2036,1,25863
2,9043,1,2036,2,25864
2,9043,10,2036,6,25865
2,9043,40,2036,8,25866
2,9043,55,2036,3,25867
2,9044,10,2036,1,25868
2,9045,1,2036,1,25869
2,9045,10,2036,1,25870
2,9045,30,2036,8,25871
2,9046,1,2036,3,25872
2,9046,2,2036,18,25873
2,9046,3,2036,6,25874
2,9046,4,2036,74,25875
2,9046,6,2036,7,25876
2,9046,7,2036,10,25877
2,9046,8,2036,13,25878
2,9046,9,2036,3,25879
2,9046,10,2036,10,25880
2,9046,11,2036,1,25881
2,9046,17,2036,3,25882
2,9046,19,2036,2,25883
2,9046,25,2036,2,25884
2,9046,26,2036,10,25885
2,9046,27,2036,8,25886
2,9046,28,2036,13,25887
2,9046,29,2036,7,25888
2,9046,37,2036,4,25889
2,9046,47,2036,4,25890
2,9046,48,2036,2,25891
2,9047,10,2036,1,25892
2,9048,10,2036,1,25893
2,9049,1,2036,3,25894
2,9049,10,2036,19,25895
2,9050,10,2036,1,25896
2,9051,18,2036,1,25897
2,9051,25,2036,2,25898
2,9052,10,2036,1,25899
2,9053,10,2036,1,25900
2,9054,1,2036,1,25901
2,9054,4,2036,6,25902
2,9054,6,2036,1,25903
2,9054,7,2036,1,25904
2,9054,8,2036,1,25905
2,9054,9,2036,1,25906
2,9054,10,2036,1,25907
2,9054,17,2036,1,25908
2,9054,18,2036,3,25909
2,9055,10,2036,1,25910
2,9056,10,2036,1,25911
2,9057,10,2036,1,25912
2,9058,1,2036,1,25913
2,9058,10,2036,4,25914
2,9059,10,2036,7,25915
2,9060,1,2036,1,25916
2,9060,10,2036,44,25917
2,9061,18,2036,4,25918
2,9061,25,2036,2,25919
2,9062,1,2036,1,25920
2,9062,10,2036,9,25921
2,9063,1,2036,1,25922
2,9064,10,2036,2,25923
2,9065,10,2036,3,25924
2,9066,10,2036,1,25925
2,9067,10,2036,1,25926
2,9068,1,2036,1,25927
2,9068,4,2036,1,25928
2,9068,10,2036,2,25929
2,9068,40,2036,1,25930
2,9068,55,2036,1,25931
2,9069,1,2036,2,25932
2,9069,10,2036,1,25933
2,9070,10,2036,1,25934
2,9071,1,2036,1,25935
2,9071,10,2036,1,25936
2,9072,10,2036,2,25937
2,9073,1,2036,1,25938
2,9073,10,2036,1,25939
2,9073,17,2036,1,25940
2,9074,10,2036,5,25941
2,9074,30,2036,12,25942
2,9075,1,2036,1,25943
2,9075,10,2036,3,25944
2,9076,10,2036,1,25945
2,9077,10,2036,1,25946
2,9078,10,2036,4,25947
2,9079,10,2036,1,25948
2,9080,1,2036,2,25949
2,9080,10,2036,30,25950
2,9080,24,2036,50,25951
2,9080,33,2036,25,25952
2,9080,40,2036,2,25953
2,9080,55,2036,1,25954
2,9081,1,2036,1,25955
2,9081,10,2036,7,25956
2,9082,10,2036,13,25957
2,9083,1,2036,1,25958
2,9083,10,2036,1,25959
2,9084,1,2036,1,25960
2,9084,10,2036,3,25961
2,9085,10,2036,2,25962
2,9086,10,2036,1,25963
2,9087,1,2036,3,25964
2,9087,10,2036,13,25965
2,9087,16,2036,1,25966
2,9087,17,2036,2,25967
2,9087,20,2036,10,25968
2,9087,21,2036,10,25969
2,9087,22,2036,15,25970
2,9087,24,2036,4,25971
2,9087,32,2036,4,25972
2,9087,33,2036,60,25973
2,9087,34,2036,15,25974
2,9087,36,2036,30,25975
2,9087,41,2036,4,25976
2,9087,54,2036,6,25977
2,9087,56,2036,16,25978
2,9087,58,2036,6,25979
2,9088,1,2036,1,25980
2,9088,4,2036,4,25981
2,9088,10,2036,7,25982
2,9088,17,2036,1,25983
2,9088,40,2036,5,25984
2,9088,55,2036,5,25985
2,9089,1,2036,1,25986
2,9089,10,2036,3,25987
2,9089,16,2036,1,25988
2,9089,17,2036,1,25989
2,9090,1,2036,1,25990
2,9090,10,2036,3,25991
2,9090,23,2036,36,25992
2,9091,10,2036,1,25993
2,9092,10,2036,2,25994
2,9093,10,2036,10,25995
2,9094,1,2036,2,25996
2,9094,10,2036,3,25997
2,9094,17,2036,2,25998
2,9095,1,2036,2,25999
2,9095,10,2036,2,26000
2,9096,10,2036,7,26001
2,9096,20,2036,4,26002
2,9096,24,2036,20,26003
2,9096,33,2036,60,26004
2,9096,54,2036,3,26005
2,9096,58,2036,6,26006
2,9097,1,2036,1,26007
2,9097,10,2036,1,26008
2,9098,10,2036,11,26009
2,9099,1,2036,1,26010
2,9099,10,2036,5,26011
2,9100,10,2036,1,26012
2,9101,10,2036,1,26013
2,9102,10,2036,1,26014
2,9103,1,2036,2,26015
2,9103,10,2036,4,26016
2,9104,10,2036,2,26017
2,9104,12,2036,1,26018
2,9105,1,2036,1,26019
2,9105,10,2036,1,26020
2,9106,10,2036,6,26021
2,9106,17,2036,1,26022
2,9107,1,2036,1,26023
2,9107,12,2036,1,26024
2,9107,40,2036,1,26025
2,9108,10,2036,1,26026
2,9109,10,2036,2,26027
2,9110,1,2036,1,26028
2,9110,10,2036,1,26029
2,9110,17,2036,1,26030
2,9111,1,2036,1,26031
2,9111,10,2036,3,26032
2,9112,10,2036,1,26033
2,9113,10,2036,4,26034
2,9114,10,2036,1,26035
2,9115,10,2036,1,26036
2,9116,40,2036,5,26037
2,9116,55,2036,2,26038
2,9117,1,2036,3,26039
2,9117,4,2036,107,26040
2,9117,7,2036,8,26041
2,9117,8,2036,12,26042
2,9117,9,2036,4,26043
2,9117,10,2036,10,26044
2,9117,17,2036,4,26045
2,9117,19,2036,7,26046
2,9117,23,2036,2,26047
2,9117,28,2036,19,26048
2,9118,1,2036,1,26049
2,9118,10,2036,4,26050
2,9119,10,2036,1,26051
2,9120,1,2036,2,26052
2,9120,10,2036,1,26053
2,9121,10,2036,1,26054
2,9122,1,2036,2,26055
2,9122,10,2036,3,26056
2,9123,10,2036,1,26057
2,9123,18,2036,1,26058
2,9123,25,2036,2,26059
2,9124,10,2036,14,26060
2,9125,10,2036,4,26061
2,9126,10,2036,2,26062
2,9126,20,2036,18,26063
2,9127,10,2036,2,26064
2,9128,10,2036,4,26065
2,9129,1,2036,1,26066
2,9129,10,2036,6,26067
2,9130,1,2036,1,26068
2,9130,7,2036,1,26069
2,9130,8,2036,1,26070
2,9130,9,2036,1,26071
2,9130,10,2036,1,26072
2,9130,20,2036,10,26073
2,9130,21,2036,10,26074
2,9130,22,2036,30,26075
2,9130,24,2036,20,26076
2,9130,32,2036,5,26077
2,9130,33,2036,20,26078
2,9130,34,2036,30,26079
2,9130,36,2036,10,26080
2,9130,54,2036,10,26081
2,9130,58,2036,10,26082
2,9131,1,2036,1,26083
2,9131,10,2036,1,26084
2,9131,16,2036,1,26085
2,9132,1,2036,2,26086
2,9132,10,2036,7,26087
2,9133,1,2036,1,26088
2,9133,3,2036,4,26089
2,9133,4,2036,4,26090
2,9133,6,2036,4,26091
2,9133,7,2036,4,26092
2,9133,8,2036,4,26093
2,9133,9,2036,1,26094
2,9133,10,2036,4,26095
2,9133,16,2036,1,26096
2,9133,17,2036,1,26097
2,9134,18,2036,1,26098
2,9135,10,2036,1,26099
2,9135,22,2036,2,26100
2,9135,24,2036,10,26101
2,9135,32,2036,10,26102
2,9135,33,2036,90,26103
2,9135,34,2036,2,26104
2,9135,36,2036,50,26105
2,9135,41,2036,2,26106
2,9135,54,2036,2,26107
2,9135,56,2036,2,26108
2,9135,58,2036,2,26109
2,9136,1,2036,1,26110
2,9136,4,2036,10,26111
2,9136,10,2036,3,26112
2,9136,17,2036,1,26113
2,9137,1,2036,1,26114
2,9137,10,2036,6,26115
2,9138,1,2036,1,26116
2,9138,10,2036,6,26117
2,9138,17,2036,1,26118
2,9139,10,2036,1,26119
2,9139,40,2036,3,26120
2,9140,10,2036,1,26121
2,9141,10,2036,1,26122
2,9142,10,2036,1,26123
2,9143,1,2036,1,26124
2,9143,10,2036,2,26125
2,9143,16,2036,1,26126
2,9144,1,2036,1,26127
2,9145,1,2036,1,26128
2,9145,4,2036,4,26129
2,9145,10,2036,1,26130
2,9145,17,2036,1,26131
2,9145,18,2036,1,26132
2,9146,18,2036,1,26133
2,9146,25,2036,1,26134
2,9147,1,2036,1,26135
2,9147,10,2036,1,26136
2,9147,17,2036,1,26137
2,9148,1,2036,1,26138
2,9148,10,2036,1,26139
2,9148,17,2036,1,26140
2,9149,10,2036,2,26141
2,9150,1,2036,1,26142
2,9150,10,2036,1,26143
2,9151,1,2036,1,26144
2,9151,10,2036,4,26145
2,9151,17,2036,1,26146
2,9152,1,2036,1,26147
2,9152,10,2036,4,26148
2,9152,17,2036,1,26149
2,9153,10,2036,1,26150
2,9154,1,2036,1,26151
2,9154,10,2036,1,26152
2,9155,1,2036,1,26153
2,9155,10,2036,1,26154
2,9155,18,2036,1,26155
2,9156,1,2036,3,26156
2,9156,10,2036,5,26157
2,9157,1,2036,1,26158
2,9157,10,2036,3,26159
2,9157,16,2036,1,26160
2,9157,17,2036,1,26161
2,9158,1,2036,1,26162
2,9158,10,2036,6,26163
2,9158,17,2036,1,26164
2,9159,1,2036,1,26165
2,9159,10,2036,6,26166
2,9159,17,2036,1,26167
2,9160,10,2036,15,26168
2,9161,10,2036,6,26169
2,9162,1,2036,1,26170
2,9162,10,2036,1,26171
2,9162,17,2036,1,26172
2,9163,10,2036,5,26173
2,9164,1,2036,1,26174
2,9164,10,2036,3,26175
2,9164,17,2036,1,26176
2,9164,18,2036,1,26177
2,9164,25,2036,1,26178
2,9165,1,2036,1,26179
2,9165,10,2036,1,26180
2,9165,17,2036,1,26181
2,9166,10,2036,8,26182
2,9166,20,2036,100,26183
2,9166,21,2036,52,26184
2,9166,33,2036,60,26185
2,9166,36,2036,93,26186
2,9166,54,2036,153,26187
2,9167,10,2036,2,26188
2,9168,1,2036,1,26189
2,9168,10,2036,1,26190
2,9169,1,2039,1,26191
2,9169,10,2039,3,26192
2,9169,18,2039,1,26193
2,9170,1,2040,1,26194
2,9170,3,2040,1,26195
2,9170,4,2040,5,26196
2,9170,6,2040,1,26197
2,9170,7,2040,3,26198
2,9170,8,2040,2,26199
2,9170,9,2040,1,26200
2,9170,10,2040,3,26201
2,9170,11,2040,1,26202
2,9170,18,2040,2,26203
2,9171,1,2041,1,26204
2,9171,3,2041,2,26205
2,9171,4,2041,4,26206
2,9171,6,2041,2,26207
2,9171,7,2041,2,26208
2,9171,8,2041,1,26209
2,9171,9,2041,1,26210
2,9171,10,2041,2,26211
2,9171,11,2041,1,26212
2,9171,18,2041,2,26213
2,9172,1,2042,1,26214
2,9172,3,2042,5,26215
2,9172,4,2042,15,26216
2,9172,6,2042,2,26217
2,9172,7,2042,3,26218
2,9172,8,2042,3,26219
2,9172,9,2042,2,26220
2,9172,10,2042,5,26221
2,9172,11,2042,1,26222
2,9172,18,2042,3,26223
2,9173,10,2042,1,26224
2,9174,1,2042,2,26225
2,9174,10,2042,7,26226
2,9175,10,2042,1,26227
2,9176,1,2042,1,26228
2,9176,10,2042,2,26229
2,9177,10,2042,2,26230
2,9178,10,2042,1,26231
2,9179,1,2042,2,26232
2,9179,10,2042,4,26233
2,9180,10,2042,1,26234
2,9181,10,2042,4,26235
2,9182,1,2042,1,26236
2,9182,10,2042,6,26237
2,9183,1,2042,1,26238
2,9183,10,2042,9,26239
2,9184,10,2042,1,26240
2,9185,1,2043,2,26241
2,9185,3,2043,5,26242
2,9185,4,2043,10,26243
2,9185,6,2043,4,26244
2,9185,7,2043,2,26245
2,9185,8,2043,2,26246
2,9185,9,2043,3,26247
2,9185,10,2043,7,26248
2,9185,11,2043,2,26249
2,9185,18,2043,2,26250
2,9186,1,1305,1,26251
2,9186,2,1305,2,26252
2,9186,3,1305,6,26253
2,9186,4,1305,21,26254
2,9186,6,1305,2,26255
2,9186,7,1305,3,26256
2,9186,8,1305,3,26257
2,9186,9,1305,3,26258
2,9186,10,1305,14,26259
2,9186,11,1305,1,26260
2,9186,12,1305,1,26261
2,9186,17,1305,1,26262
2,9186,18,1305,1,26263
2,9186,19,1305,7,26264
2,9186,25,1305,1,26265
2,9187,10,2043,1,26266
2,9188,10,2043,2,26267
2,9188,18,2043,1,26268
2,9189,10,1305,1,26269
2,9190,10,1305,1,26270
2,9190,24,1305,32,26271
2,9191,10,1305,4,26272
2,9192,1,1305,1,26273
2,9192,10,1305,5,26274
2,9192,18,1305,11,26275
2,9193,1,1305,3,26276
2,9193,3,1305,12,26277
2,9193,4,1305,105,26278
2,9193,6,1305,7,26279
2,9193,7,1305,4,26280
2,9193,8,1305,5,26281
2,9193,9,1305,5,26282
2,9193,10,1305,25,26283
2,9193,11,1305,3,26284
2,9193,15,1305,1,26285
2,9193,17,1305,5,26286
2,9193,18,1305,1,26287
2,9193,19,1305,3,26288
2,9193,25,1305,2,26289
2,9193,26,1305,4,26290
2,9193,27,1305,4,26291
2,9193,28,1305,3,26292
2,9193,29,1305,4,26293
2,9193,37,1305,4,26294
2,9193,38,1305,4,26295
2,9193,39,1305,4,26296
2,9193,47,1305,1,26297
2,9193,48,1305,1,26298
2,9193,49,1305,1,26299
2,9193,53,1305,1,26300
2,9194,1,1305,1,26301
2,9194,10,1305,26,26302
2,9195,10,1305,7,26303
2,9196,10,1305,3,26304
2,9196,23,1305,13,26305
2,9197,1,1305,3,26306
2,9197,10,1305,2,26307
2,9198,10,1305,3,26308
2,9199,1,1305,1,26309
2,9199,10,1305,9,26310
2,9200,1,1305,1,26311
2,9200,10,1305,14,26312
2,9201,1,1305,1,26313
2,9201,10,1305,1,26314
2,9202,10,1305,1,26315
2,9203,10,1305,1,26316
2,9204,18,1305,4,26317
2,9205,1,1305,1,26318
2,9205,10,1305,7,26319
2,9205,17,1305,1,26320
2,9206,1,1305,11,26321
2,9206,2,1305,10,26322
2,9206,3,1305,10,26323
2,9206,4,1305,17,26324
2,9206,6,1305,3,26325
2,9206,7,1305,3,26326
2,9206,8,1305,2,26327
2,9206,9,1305,4,26328
2,9206,10,1305,63,26329
2,9206,11,1305,3,26330
2,9206,12,1305,1,26331
2,9206,18,1305,3,26332
2,9206,25,1305,1,26333
2,9207,1,1305,1,26334
2,9207,3,1305,12,26335
2,9207,4,1305,46,26336
2,9207,6,1305,3,26337
2,9207,7,1305,3,26338
2,9207,8,1305,3,26339
2,9207,9,1305,2,26340
2,9207,10,1305,8,26341
2,9207,11,1305,2,26342
2,9207,17,1305,3,26343
2,9207,18,1305,1,26344
2,9207,25,1305,1,26345
2,9207,37,1305,5,26346
2,9207,45,1305,10,26347
2,9208,1,1305,2,26348
2,9208,10,1305,3,26349
2,9209,10,1305,6,26350
2,9210,10,1305,3,26351
2,9211,10,1305,1,26352
2,9212,10,1305,1,26353
2,9213,10,1305,2,26354
2,9214,1,1305,1,26355
2,9214,10,1305,1,26356
2,9215,10,1305,12,26357
2,9216,10,1305,1,26358
2,9217,1,1305,1,26359
2,9217,10,1305,1,26360
2,9218,1,1305,2,26361
2,9218,3,1305,7,26362
2,9218,4,1305,26,26363
2,9218,6,1305,3,26364
2,9218,7,1305,3,26365
2,9218,8,1305,6,26366
2,9218,9,1305,3,26367
2,9218,10,1305,12,26368
2,9218,11,1305,1,26369
2,9218,18,1305,1,26370
2,9218,19,1305,6,26371
2,9218,25,1305,2,26372
2,9219,1,1305,1,26373
2,9219,10,1305,2,26374
2,9219,23,1305,23,26375
2,9220,10,1305,5,26376
2,9221,8,1305,1,26377
2,9221,10,1305,1,26378
2,9222,1,1305,1,26379
2,9222,10,1305,2,26380
2,9223,10,1305,1,26381
2,9224,10,1305,1,26382
2,9225,10,1305,1,26383
2,9226,10,1305,1,26384
2,9227,10,1305,1,26385
2,9228,10,1305,2,26386
2,9229,10,1305,1,26387
2,9230,10,1305,5,26388
2,9231,1,1305,1,26389
2,9231,10,1305,1,26390
2,9232,1,1305,1,26391
2,9232,10,1305,2,26392
2,9232,17,1305,2,26393
2,9233,10,1305,1,26394
2,9234,10,1305,1,26395
2,9235,10,1305,3,26396
2,9236,10,1305,2,26397
2,9237,10,1305,1,26398
2,9238,10,1305,2,26399
2,9239,1,1305,1,26400
2,9239,10,1305,1,26401
2,9240,10,1305,8,26402
2,9241,1,1305,1,26403
2,9241,10,1305,2,26404
2,9242,10,1305,2,26405
2,9243,1,1305,1,26406
2,9243,10,1305,2,26407
2,9244,1,1305,1,26408
2,9244,10,1305,1,26409
2,9245,10,1305,1,26410
2,9246,1,1305,1,26411
2,9246,10,1305,6,26412
2,9247,1,1305,1,26413
2,9247,4,1305,10,26414
2,9247,6,1305,1,26415
2,9247,7,1305,2,26416
2,9247,8,1305,2,26417
2,9247,9,1305,1,26418
2,9247,10,1305,1,26419
2,9247,17,1305,2,26420
2,9247,18,1305,2,26421
2,9248,4,1305,13,26422
2,9248,19,1305,3,26423
2,9248,28,1305,9,26424
2,9249,10,1305,1,26425
2,9250,10,1305,1,26426
2,9251,1,1305,1,26427
2,9251,3,1305,5,26428
2,9251,4,1305,40,26429
2,9251,6,1305,2,26430
2,9251,7,1305,8,26431
2,9251,8,1305,8,26432
2,9251,9,1305,2,26433
2,9251,10,1305,5,26434
2,9251,16,1305,1,26435
2,9251,17,1305,1,26436
2,9251,25,1305,1,26437
2,9252,1,1305,1,26438
2,9252,10,1305,1,26439
2,9253,10,1305,1,26440
2,9254,10,1305,1,26441
2,9255,10,1305,5,26442
2,9256,1,1305,1,26443
2,9256,10,1305,1,26444
2,9257,1,1305,1,26445
2,9257,10,1305,2,26446
2,9258,1,1305,1,26447
2,9258,10,1305,3,26448
2,9259,10,1305,1,26449
2,9260,18,1305,1,26450
2,9260,25,1305,1,26451
2,9261,1,1305,1,26452
2,9261,10,1305,22,26453
2,9262,1,2044,1,26454
2,9262,10,2044,1,26455
2,9262,18,2044,2,26456
2,9263,1,2044,2,26457
2,9263,3,2044,1,26458
2,9263,4,2044,2,26459
2,9263,5,2044,1,26460
2,9263,7,2044,1,26461
2,9263,8,2044,1,26462
2,9263,9,2044,1,26463
2,9263,10,2044,9,26464
2,9263,11,2044,1,26465
2,9263,18,2044,2,26466
2,9264,1,2045,2,26467
2,9264,3,2045,2,26468
2,9264,4,2045,6,26469
2,9264,6,2045,1,26470
2,9264,7,2045,1,26471
2,9264,8,2045,1,26472
2,9264,9,2045,1,26473
2,9264,10,2045,4,26474
2,9264,11,2045,1,26475
2,9264,18,2045,3,26476
2,9265,10,2045,1,26477
2,9266,1,1308,1,26478
2,9266,10,1308,10,26479
2,9266,17,1308,2,26480
2,9267,1,1308,1,26481
2,9267,7,1308,2,26482
2,9267,8,1308,2,26483
2,9267,9,1308,1,26484
2,9267,10,1308,7,26485
2,9267,24,1308,33,26486
2,9267,33,1308,29,26487
2,9268,10,1308,2,26488
2,9269,1,1308,1,26489
2,9269,10,1308,21,26490
2,9270,1,1308,1,26491
2,9270,10,1308,4,26492
2,9271,10,1308,1,26493
2,9272,10,1308,1,26494
2,9273,10,1308,3,26495
2,9274,10,1308,6,26496
2,9274,17,1308,1,26497
2,9275,1,1308,5,26498
2,9275,10,1308,1,26499
2,9276,1,1308,1,26500
2,9276,10,1308,6,26501
2,9276,12,1308,1,26502
2,9277,1,1308,1,26503
2,9277,3,1308,75,26504
2,9277,4,1308,43,26505
2,9277,6,1308,29,26506
2,9277,7,1308,1,26507
2,9277,8,1308,3,26508
2,9277,9,1308,12,26509
2,9277,10,1308,16,26510
2,9277,11,1308,2,26511
2,9277,17,1308,4,26512
2,9277,19,1308,4,26513
2,9277,26,1308,23,26514
2,9277,27,1308,12,26515
2,9277,28,1308,7,26516
2,9277,29,1308,11,26517
2,9277,30,1308,6,26518
2,9277,37,1308,1,26519
2,9277,47,1308,6,26520
2,9277,48,1308,6,26521
2,9278,10,1308,3,26522
2,9279,10,1308,1,26523
2,9280,1,1308,2,26524
2,9281,10,1308,39,26525
2,9282,10,1308,8,26526
2,9283,10,1308,1,26527
2,9283,17,1308,1,26528
2,9284,10,1308,1,26529
2,9285,10,1308,2,26530
2,9286,1,1308,21,26531
2,9286,2,1308,11,26532
2,9286,3,1308,23,26533
2,9286,4,1308,49,26534
2,9286,6,1308,4,26535
2,9286,7,1308,10,26536
2,9286,8,1308,12,26537
2,9286,9,1308,6,26538
2,9286,10,1308,153,26539
2,9286,11,1308,4,26540
2,9286,17,1308,3,26541
2,9286,18,1308,1,26542
2,9286,25,1308,2,26543
2,9287,7,1308,10,26544
2,9287,8,1308,10,26545
2,9287,9,1308,1,26546
2,9287,10,1308,20,26547
2,9287,18,1308,1,26548
2,9287,24,1308,228,26549
2,9287,32,1308,13,26550
2,9287,33,1308,49,26551
2,9287,40,1308,46,26552
2,9288,1,1308,7,26553
2,9288,3,1308,30,26554
2,9288,4,1308,162,26555
2,9288,6,1308,17,26556
2,9288,7,1308,55,26557
2,9288,8,1308,77,26558
2,9288,9,1308,7,26559
2,9288,10,1308,24,26560
2,9288,11,1308,1,26561
2,9288,14,1308,14,26562
2,9288,17,1308,8,26563
2,9288,25,1308,3,26564
2,9288,26,1308,12,26565
2,9288,27,1308,8,26566
2,9288,28,1308,53,26567
2,9288,30,1308,20,26568
2,9288,37,1308,18,26569
2,9288,46,1308,2,26570
2,9288,47,1308,2,26571
2,9288,48,1308,6,26572
2,9288,52,1308,13,26573
2,9288,53,1308,8,26574
2,9289,10,1308,1,26575
2,9290,10,1308,1,26576
2,9290,18,1308,7,26577
2,9290,25,1308,1,26578
2,9291,10,1308,1,26579
2,9292,1,1308,3,26580
2,9292,10,1308,1,26581
2,9293,10,1308,8,26582
2,9294,1,1308,3,26583
2,9294,2,1308,4,26584
2,9294,3,1308,11,26585
2,9294,4,1308,158,26586
2,9294,6,1308,4,26587
2,9294,7,1308,24,26588
2,9294,8,1308,25,26589
2,9294,9,1308,10,26590
2,9294,10,1308,16,26591
2,9294,11,1308,1,26592
2,9294,17,1308,10,26593
2,9294,19,1308,2,26594
2,9294,26,1308,7,26595
2,9294,27,1308,10,26596
2,9294,28,1308,28,26597
2,9294,29,1308,3,26598
2,9294,37,1308,1,26599
2,9294,47,1308,1,26600
2,9294,48,1308,1,26601
2,9295,10,1308,5,26602
2,9296,10,1308,7,26603
2,9297,1,1308,1,26604
2,9297,10,1308,1,26605
2,9297,18,1308,3,26606
2,9298,1,1308,1,26607
2,9298,10,1308,4,26608
2,9299,10,1308,1,26609
2,9300,1,1308,1,26610
2,9300,10,1308,33,26611
2,9301,1,1308,1,26612
2,9301,10,1308,2,26613
2,9301,30,1308,10,26614
2,9301,46,1308,1,26615
2,9302,6,1308,1,26616
2,9302,7,1308,1,26617
2,9302,8,1308,1,26618
2,9302,9,1308,1,26619
2,9302,10,1308,12,26620
2,9302,24,1308,55,26621
2,9302,34,1308,40,26622
2,9302,40,1308,20,26623
2,9303,10,1308,1,26624
2,9304,10,1308,9,26625
2,9304,22,1308,40,26626
2,9304,32,1308,26,26627
2,9304,34,1308,40,26628
2,9304,36,1308,26,26629
2,9305,10,1308,1,26630
2,9306,10,1308,15,26631
2,9307,1,1308,1,26632
2,9307,10,1308,1,26633
2,9308,1,1308,1,26634
2,9308,10,1308,7,26635
2,9308,17,1308,1,26636
2,9309,1,1308,1,26637
2,9309,10,1308,20,26638
2,9310,1,1308,1,26639
2,9310,10,1308,5,26640
2,9311,10,1308,5,26641
2,9312,1,1308,1,26642
2,9312,10,1308,8,26643
2,9313,1,1308,1,26644
2,9313,10,1308,15,26645
2,9314,10,1308,6,26646
2,9314,17,1308,2,26647
2,9315,10,1308,4,26648
2,9316,10,1308,1,26649
2,9317,10,1308,1,26650
2,9318,10,1308,1,26651
2,9319,10,1308,9,26652
2,9320,10,1308,1,26653
2,9321,1,1308,2,26654
2,9321,10,1308,2,26655
2,9322,10,1308,28,26656
2,9323,10,1308,1,26657
2,9324,1,1308,1,26658
2,9324,10,1308,1,26659
2,9325,10,1308,30,26660
2,9326,10,1308,1,26661
2,9327,10,1308,1,26662
2,9328,10,1308,5,26663
2,9328,17,1308,1,26664
2,9329,1,1308,1,26665
2,9329,4,1308,40,26666
2,9329,6,1308,2,26667
2,9329,7,1308,2,26668
2,9329,8,1308,2,26669
2,9329,9,1308,1,26670
2,9329,10,1308,3,26671
2,9329,17,1308,3,26672
2,9329,18,1308,1,26673
2,9329,19,1308,2,26674
2,9329,28,1308,12,26675
2,9330,10,1308,3,26676
2,9330,12,1308,1,26677
2,9331,10,1308,1,26678
2,9332,1,1308,1,26679
2,9332,10,1308,9,26680
2,9332,17,1308,1,26681
2,9333,10,1308,7,26682
2,9334,10,1308,1,26683
2,9335,10,1308,1,26684
2,9336,10,1308,1,26685
2,9337,1,1308,1,26686
2,9337,10,1308,14,26687
2,9337,23,1308,33,26688
2,9338,1,1308,3,26689
2,9338,10,1308,8,26690
2,9338,17,1308,2,26691
2,9339,1,1308,1,26692
2,9340,1,1308,8,26693
2,9340,10,1308,12,26694
2,9340,12,1308,1,26695
2,9340,18,1308,4,26696
2,9340,25,1308,2,26697
2,9341,1,1308,2,26698
2,9341,10,1308,4,26699
2,9342,10,1308,5,26700
2,9343,10,1308,6,26701
2,9344,1,1308,2,26702
2,9344,4,1308,2,26703
2,9344,7,1308,1,26704
2,9344,8,1308,1,26705
2,9344,9,1308,1,26706
2,9344,10,1308,12,26707
2,9344,17,1308,2,26708
2,9344,41,1308,2,26709
2,9345,10,1308,2,26710
2,9346,1,1308,1,26711
2,9346,10,1308,4,26712
2,9347,10,1308,6,26713
2,9348,10,1308,10,26714
2,9349,10,1308,1,26715
2,9350,10,1308,1,26716
2,9351,10,1308,6,26717
2,9351,17,1308,1,26718
2,9352,1,1308,4,26719
2,9352,10,1308,1,26720
2,9353,10,1308,7,26721
2,9354,10,1308,1,26722
2,9355,10,1308,4,26723
2,9356,10,1308,1,26724
2,9357,1,1308,1,26725
2,9357,10,1308,1,26726
2,9358,1,1308,3,26727
2,9358,10,1308,28,26728
2,9359,1,1308,2,26729
2,9360,10,1308,2,26730
2,9361,1,1308,1,26731
2,9361,10,1308,6,26732
2,9362,1,1308,4,26733
2,9362,4,1308,170,26734
2,9362,7,1308,22,26735
2,9362,8,1308,22,26736
2,9362,9,1308,5,26737
2,9362,10,1308,34,26738
2,9362,17,1308,6,26739
2,9362,19,1308,23,26740
2,9362,28,1308,17,26741
2,9363,10,1308,5,26742
2,9364,1,1308,5,26743
2,9364,10,1308,12,26744
2,9365,10,1308,4,26745
2,9366,1,1308,1,26746
2,9366,10,1308,1,26747
2,9367,10,1308,1,26748
2,9368,1,1308,1,26749
2,9368,10,1308,4,26750
2,9369,10,1308,1,26751
2,9370,10,1308,20,26752
2,9371,1,1308,1,26753
2,9371,10,1308,4,26754
2,9372,10,1308,2,26755
2,9373,10,1308,8,26756
2,9373,17,1308,1,26757
2,9374,10,1308,5,26758
2,9375,10,1308,3,26759
2,9376,10,1308,2,26760
2,9377,40,1308,11,26761
2,9377,55,1308,12,26762
2,9378,10,1308,1,26763
2,9379,1,1308,1,26764
2,9379,10,1308,3,26765
2,9380,18,1308,11,26766
2,9380,25,1308,1,26767
2,9381,4,1308,2,26768
2,9381,10,1308,1,26769
2,9381,17,1308,1,26770
2,9382,1,1308,1,26771
2,9382,10,1308,3,26772
2,9383,10,1308,9,26773
2,9384,10,1308,1,26774
2,9385,10,1308,1,26775
2,9386,10,1308,7,26776
2,9387,10,1308,1,26777
2,9387,18,1308,3,26778
2,9387,25,1308,3,26779
2,9388,1,1308,1,26780
2,9388,10,1308,6,26781
2,9388,30,1308,13,26782
2,9389,1,1308,2,26783
2,9389,10,1308,1,26784
2,9389,17,1308,1,26785
2,9390,10,1308,4,26786
2,9391,18,1308,6,26787
2,9391,25,1308,1,26788
2,9392,1,1308,2,26789
2,9392,10,1308,2,26790
2,9393,10,1308,1,26791
2,9394,10,1308,1,26792
2,9395,1,1308,1,26793
2,9395,10,1308,1,26794
2,9396,10,1308,1,26795
2,9397,3,1308,3,26796
2,9397,4,1308,11,26797
2,9397,11,1308,1,26798
2,9397,16,1308,3,26799
2,9397,35,1308,4,26800
2,9398,10,1308,1,26801
2,9399,10,1308,1,26802
2,9400,10,1308,4,26803
2,9401,10,1308,6,26804
2,9402,4,1308,1,26805
2,9402,10,1308,4,26806
2,9403,10,1308,1,26807
2,9404,10,1308,1,26808
2,9405,10,1308,1,26809
2,9405,12,1308,1,26810
2,9406,1,1308,1,26811
2,9406,10,1308,1,26812
2,9407,10,1308,4,26813
2,9408,10,1308,1,26814
2,9409,10,1308,5,26815
2,9410,1,1308,1,26816
2,9410,10,1308,1,26817
2,9411,10,1308,4,26818
2,9411,30,1308,11,26819
2,9412,1,1308,2,26820
2,9412,10,1308,1,26821
2,9413,10,1308,1,26822
2,9414,10,1308,1,26823
2,9415,10,1308,1,26824
2,9416,18,1308,3,26825
2,9416,25,1308,1,26826
2,9417,10,1308,6,26827
2,9418,10,1308,1,26828
2,9419,1,1308,3,26829
2,9419,10,1308,1,26830
2,9420,1,1308,1,26831
2,9420,10,1308,2,26832
2,9420,17,1308,1,26833
2,9421,1,1308,1,26834
2,9421,4,1308,5,26835
2,9421,10,1308,68,26836
2,9421,40,1308,10,26837
2,9422,10,1308,1,26838
2,9423,10,1308,2,26839
2,9424,10,1308,1,26840
2,9425,10,1308,1,26841
2,9426,10,1308,11,26842
2,9427,1,1308,1,26843
2,9427,10,1308,1,26844
2,9428,10,1308,1,26845
2,9429,10,1308,1,26846
2,9430,10,1308,6,26847
2,9431,1,1308,1,26848
2,9431,10,1308,2,26849
2,9432,1,1308,1,26850
2,9432,3,1308,5,26851
2,9432,4,1308,116,26852
2,9432,6,1308,5,26853
2,9432,7,1308,10,26854
2,9432,8,1308,9,26855
2,9432,9,1308,4,26856
2,9432,10,1308,10,26857
2,9432,17,1308,6,26858
2,9432,19,1308,2,26859
2,9432,28,1308,17,26860
2,9433,10,1308,6,26861
2,9434,10,1308,1,26862
2,9435,1,1308,1,26863
2,9436,1,1308,5,26864
2,9436,10,1308,5,26865
2,9437,18,1308,1,26866
2,9438,1,1308,1,26867
2,9438,10,1308,1,26868
2,9439,1,1308,1,26869
2,9439,10,1308,2,26870
2,9440,10,1308,1,26871
2,9441,10,1308,1,26872
2,9442,10,1308,6,26873
2,9443,10,1308,2,26874
2,9444,1,1308,1,26875
2,9444,10,1308,1,26876
2,9445,10,1308,3,26877
2,9446,1,1308,1,26878
2,9446,10,1308,3,26879
2,9447,10,1308,1,26880
2,9448,1,1308,3,26881
2,9448,10,1308,3,26882
2,9449,1,1308,2,26883
2,9449,10,1308,71,26884
2,9450,10,1308,1,26885
2,9451,10,1308,2,26886
2,9451,18,1308,2,26887
2,9452,10,1308,2,26888
2,9453,1,1308,1,26889
2,9453,10,1308,4,26890
2,9453,23,1308,39,26891
2,9454,10,1308,1,26892
2,9455,10,1308,1,26893
2,9456,10,1308,6,26894
2,9456,20,1308,12,26895
2,9456,24,1308,12,26896
2,9457,10,1308,3,26897
2,9458,10,1308,4,26898
2,9459,10,1308,2,26899
2,9460,10,1308,1,26900
2,9461,1,1308,1,26901
2,9462,10,1308,1,26902
2,9463,10,1308,2,26903
2,9464,10,1308,1,26904
2,9465,10,1308,7,26905
2,9465,25,1308,1,26906
2,9466,10,1308,6,26907
2,9467,10,1308,8,26908
2,9468,18,1308,1,26909
2,9469,10,1308,12,26910
2,9470,10,1308,1,26911
2,9471,10,1308,4,26912
2,9472,10,1308,5,26913
2,9473,10,1308,4,26914
2,9474,10,1308,3,26915
2,9475,10,1308,2,26916
2,9476,1,1308,1,26917
2,9476,10,1308,12,26918
2,9476,12,1308,1,26919
2,9476,17,1308,2,26920
2,9477,18,1308,2,26921
2,9478,10,1308,3,26922
2,9479,1,1308,1,26923
2,9479,10,1308,1,26924
2,9480,10,1308,1,26925
2,9480,17,1308,1,26926
2,9481,1,1308,1,26927
2,9481,10,1308,1,26928
2,9481,17,1308,1,26929
2,9482,10,1308,1,26930
2,9483,1,1308,2,26931
2,9483,10,1308,2,26932
2,9484,1,1308,1,26933
2,9484,10,1308,1,26934
2,9485,1,1308,2,26935
2,9485,10,1308,2,26936
2,9486,1,1308,1,26937
2,9487,1,1308,5,26938
2,9487,10,1308,16,26939
2,9487,17,1308,1,26940
2,9488,1,1308,1,26941
2,9489,1,1308,1,26942
2,9489,10,1308,4,26943
2,9490,1,1308,3,26944
2,9491,1,1308,1,26945
2,9491,10,1308,1,26946
2,9491,17,1308,1,26947
2,9492,1,1308,1,26948
2,9492,10,1308,6,26949
2,9492,30,1308,5,26950
2,9493,10,1308,6,26951
2,9493,12,1308,2,26952
2,9494,1,1308,1,26953
2,9494,10,1308,1,26954
2,9495,10,1308,1,26955
2,9495,18,1308,3,26956
2,9496,10,1308,1,26957
2,9497,1,1308,1,26958
2,9497,10,1308,1,26959
2,9498,10,1308,1,26960
2,9499,10,1308,5,26961
2,9500,10,1308,1,26962
2,9501,10,1308,3,26963
2,9502,1,1308,1,26964
2,9502,10,1308,3,26965
2,9503,10,1308,1,26966
2,9504,10,1308,10,26967
2,9505,10,1308,2,26968
2,9506,18,1308,2,26969
2,9507,10,1308,1,26970
2,9508,1,1308,1,26971
2,9509,10,1308,1,26972
2,9510,10,1308,3,26973
2,9511,10,1308,1,26974
2,9512,10,1308,3,26975
2,9513,1,1308,1,26976
2,9513,10,1308,1,26977
2,9514,10,1308,1,26978
2,9515,1,1308,2,26979
2,9515,10,1308,23,26980
2,9516,10,1308,2,26981
2,9517,10,1308,1,26982
2,9518,10,1308,4,26983
2,9519,18,1308,2,26984
2,9520,1,1308,1,26985
2,9520,10,1308,2,26986
2,9520,18,1308,3,26987
2,9521,10,1308,2,26988
2,9522,10,1308,4,26989
2,9523,10,1308,1,26990
2,9524,18,1308,2,26991
2,9525,10,1308,1,26992
2,9526,10,1308,4,26993
2,9526,17,1308,1,26994
2,9527,1,1308,2,26995
2,9527,10,1308,1,26996
2,9528,10,1308,3,26997
2,9529,10,1308,7,26998
2,9530,10,1308,3,26999
2,9531,1,1308,2,27000
2,9531,10,1308,3,27001
2,9532,10,1308,1,27002
2,9533,10,1308,11,27003
2,9534,1,1308,1,27004
2,9534,10,1308,3,27005
2,9535,4,1308,5,27006
2,9535,10,1308,1,27007
2,9535,24,1308,6,27008
2,9535,34,1308,2,27009
2,9535,40,1308,10,27010
2,9535,55,1308,15,27011
2,9535,58,1308,1,27012
2,9536,10,1308,1,27013
2,9537,18,1308,1,27014
2,9538,1,1308,1,27015
2,9538,10,1308,1,27016
2,9539,10,1308,1,27017
2,9540,10,1308,3,27018
2,9541,1,1308,1,27019
2,9541,10,1308,5,27020
2,9542,10,1308,4,27021
2,9543,10,1308,3,27022
2,9544,10,1308,1,27023
2,9545,10,1308,1,27024
2,9546,1,1308,1,27025
2,9546,10,1308,8,27026
2,9547,10,1308,2,27027
2,9548,10,1308,1,27028
2,9549,10,1308,5,27029
2,9550,10,1308,1,27030
2,9551,1,1308,1,27031
2,9551,10,1308,2,27032
2,9552,10,1308,6,27033
2,9553,10,1308,3,27034
2,9554,18,1308,1,27035
2,9554,25,1308,1,27036
2,9555,10,1308,1,27037
2,9556,10,1308,4,27038
2,9557,10,1308,2,27039
2,9558,1,1308,1,27040
2,9558,10,1308,2,27041
2,9559,1,1308,1,27042
2,9559,10,1308,2,27043
2,9560,1,1308,1,27044
2,9560,10,1308,5,27045
2,9561,1,1308,2,27046
2,9561,10,1308,2,27047
2,9562,10,1308,1,27048
2,9563,10,1308,8,27049
2,9564,10,1308,1,27050
2,9565,1,1308,1,27051
2,9565,10,1308,1,27052
2,9566,10,1308,29,27053
2,9567,1,1308,4,27054
2,9567,10,1308,37,27055
2,9568,10,1308,2,27056
2,9568,23,1308,30,27057
2,9569,10,1308,7,27058
2,9569,17,1308,1,27059
2,9570,1,1308,1,27060
2,9570,10,1308,13,27061
2,9571,10,1308,1,27062
2,9572,10,1308,2,27063
2,9573,10,1308,6,27064
2,9574,1,1308,1,27065
2,9574,10,1308,1,27066
2,9575,10,1308,2,27067
2,9576,12,1308,1,27068
2,9577,1,1308,1,27069
2,9577,4,1308,12,27070
2,9577,10,1308,2,27071
2,9577,17,1308,2,27072
2,9577,19,1308,2,27073
2,9577,25,1308,1,27074
2,9577,28,1308,9,27075
2,9578,10,2046,3,27076
2,9578,18,2046,1,27077
2,9579,2,2047,1,27078
2,9579,3,2047,1,27079
2,9579,4,2047,1,27080
2,9579,6,2047,1,27081
2,9579,7,2047,1,27082
2,9579,8,2047,1,27083
2,9579,9,2047,1,27084
2,9579,10,2047,1,27085
2,9579,11,2047,1,27086
2,9579,18,2047,1,27087
2,9580,1,2048,1,27088
2,9580,3,2048,1,27089
2,9580,4,2048,3,27090
2,9580,6,2048,1,27091
2,9580,7,2048,1,27092
2,9580,8,2048,1,27093
2,9580,9,2048,1,27094
2,9580,10,2048,9,27095
2,9580,11,2048,1,27096
2,9580,18,2048,2,27097
2,9581,1,2049,1,27098
2,9581,3,2049,1,27099
2,9581,4,2049,3,27100
2,9581,7,2049,2,27101
2,9581,8,2049,1,27102
2,9581,9,2049,1,27103
2,9581,10,2049,5,27104
2,9581,11,2049,1,27105
2,9581,12,2049,1,27106
2,9581,18,2049,2,27107
2,9582,1,2050,2,27108
2,9582,10,2050,5,27109
2,9582,18,2050,1,27110
2,9583,1,2051,1,27111
2,9583,7,2051,1,27112
2,9583,8,2051,2,27113
2,9583,9,2051,1,27114
2,9583,10,2051,1,27115
2,9583,18,2051,1,27116
2,9584,2,2052,1,27117
2,9584,3,2052,1,27118
2,9584,4,2052,2,27119
2,9584,6,2052,1,27120
2,9584,7,2052,1,27121
2,9584,8,2052,1,27122
2,9584,9,2052,1,27123
2,9584,10,2052,1,27124
2,9584,11,2052,1,27125
2,9584,18,2052,3,27126
2,9585,1,2053,1,27127
2,9585,3,2053,1,27128
2,9585,4,2053,6,27129
2,9585,6,2053,1,27130
2,9585,7,2053,1,27131
2,9585,8,2053,2,27132
2,9585,9,2053,1,27133
2,9585,10,2053,12,27134
2,9585,11,2053,1,27135
2,9585,18,2053,3,27136
2,9586,1,2054,2,27137
2,9586,3,2054,1,27138
2,9586,4,2054,3,27139
2,9586,5,2054,1,27140
2,9586,7,2054,2,27141
2,9586,8,2054,1,27142
2,9586,9,2054,1,27143
2,9586,10,2054,9,27144
2,9586,11,2054,1,27145
2,9586,12,2054,1,27146
2,9586,18,2054,2,27147
2,9587,1,2055,1,27148
2,9587,6,2055,1,27149
2,9587,7,2055,1,27150
2,9587,8,2055,1,27151
2,9587,9,2055,1,27152
2,9587,10,2055,4,27153
2,9587,18,2055,1,27154
2,9588,3,2056,1,27155
2,9588,4,2056,2,27156
2,9588,5,2056,1,27157
2,9588,9,2056,1,27158
2,9588,10,2056,4,27159
2,9588,11,2056,1,27160
2,9589,1,2057,3,27161
2,9589,3,2057,5,27162
2,9589,4,2057,5,27163
2,9589,6,2057,1,27164
2,9589,7,2057,1,27165
2,9589,8,2057,2,27166
2,9589,9,2057,1,27167
2,9589,10,2057,4,27168
2,9589,18,2057,2,27169
2,9590,1,2057,2,27170
2,9590,2,2057,4,27171
2,9590,3,2057,4,27172
2,9590,4,2057,10,27173
2,9590,6,2057,3,27174
2,9590,7,2057,3,27175
2,9590,8,2057,3,27176
2,9590,9,2057,2,27177
2,9590,10,2057,11,27178
2,9590,11,2057,1,27179
2,9590,18,2057,2,27180
2,9591,1,2057,1,27181
2,9591,10,2057,5,27182
2,9591,40,2057,1,27183
2,9592,1,2057,1,27184
2,9592,10,2057,4,27185
2,9593,1,2058,1,27186
2,9593,3,2058,1,27187
2,9593,4,2058,3,27188
2,9593,6,2058,1,27189
2,9593,7,2058,1,27190
2,9593,8,2058,1,27191
2,9593,9,2058,1,27192
2,9593,10,2058,2,27193
2,9593,11,2058,1,27194
2,9593,18,2058,2,27195
2,9594,1,2059,1,27196
2,9594,2,2059,1,27197
2,9594,3,2059,2,27198
2,9594,4,2059,4,27199
2,9594,6,2059,1,27200
2,9594,7,2059,2,27201
2,9594,8,2059,2,27202
2,9594,9,2059,1,27203
2,9594,10,2059,5,27204
2,9594,11,2059,1,27205
2,9594,18,2059,2,27206
2,9595,1,2060,1,27207
2,9595,2,2060,2,27208
2,9595,3,2060,1,27209
2,9595,4,2060,2,27210
2,9595,6,2060,1,27211
2,9595,7,2060,2,27212
2,9595,8,2060,2,27213
2,9595,9,2060,1,27214
2,9595,10,2060,1,27215
2,9595,11,2060,1,27216
2,9595,18,2060,1,27217
2,9596,1,2061,6,27218
2,9596,3,2061,5,27219
2,9596,4,2061,17,27220
2,9596,6,2061,2,27221
2,9596,7,2061,1,27222
2,9596,8,2061,1,27223
2,9596,9,2061,1,27224
2,9596,10,2061,7,27225
2,9596,11,2061,1,27226
2,9596,18,2061,3,27227
2,9597,1,2062,1,27228
2,9597,2,2062,2,27229
2,9597,3,2062,3,27230
2,9597,4,2062,5,27231
2,9597,6,2062,1,27232
2,9597,7,2062,1,27233
2,9597,8,2062,1,27234
2,9597,9,2062,1,27235
2,9597,10,2062,7,27236
2,9597,11,2062,1,27237
2,9597,18,2062,3,27238
2,9598,1,2063,7,27239
2,9598,3,2063,2,27240
2,9598,4,2063,6,27241
2,9598,6,2063,2,27242
2,9598,7,2063,3,27243
2,9598,8,2063,3,27244
2,9598,9,2063,1,27245
2,9598,10,2063,16,27246
2,9598,11,2063,1,27247
2,9598,18,2063,3,27248
2,9599,2,2064,1,27249
2,9599,3,2064,1,27250
2,9599,4,2064,1,27251
2,9599,6,2064,1,27252
2,9599,7,2064,1,27253
2,9599,8,2064,1,27254
2,9599,9,2064,1,27255
2,9599,10,2064,1,27256
2,9599,11,2064,1,27257
2,9599,18,2064,2,27258
2,9599,56,2064,2,27259
2,9600,1,2065,1,27260
2,9600,2,2065,1,27261
2,9600,4,2065,2,27262
2,9600,6,2065,1,27263
2,9600,7,2065,1,27264
2,9600,8,2065,1,27265
2,9600,9,2065,1,27266
2,9600,10,2065,1,27267
2,9600,11,2065,1,27268
2,9600,18,2065,2,27269
2,9601,1,2066,2,27270
2,9601,2,2066,2,27271
2,9601,3,2066,1,27272
2,9601,4,2066,6,27273
2,9601,6,2066,1,27274
2,9601,7,2066,1,27275
2,9601,8,2066,1,27276
2,9601,9,2066,1,27277
2,9601,10,2066,1,27278
2,9601,11,2066,1,27279
2,9601,18,2066,2,27280
2,9602,10,2066,3,27281
2,9603,1,2067,1,27282
2,9603,2,2067,1,27283
2,9603,4,2067,1,27284
2,9603,6,2067,1,27285
2,9603,7,2067,1,27286
2,9603,8,2067,1,27287
2,9603,9,2067,1,27288
2,9603,10,2067,1,27289
2,9603,11,2067,1,27290
2,9603,18,2067,1,27291
2,9604,1,2068,1,27292
2,9604,2,2068,2,27293
2,9604,3,2068,2,27294
2,9604,4,2068,2,27295
2,9604,6,2068,1,27296
2,9604,7,2068,1,27297
2,9604,8,2068,1,27298
2,9604,9,2068,1,27299
2,9604,10,2068,4,27300
2,9604,11,2068,1,27301
2,9604,18,2068,2,27302
2,9605,10,2069,3,27303
2,9606,1,2069,7,27304
2,9606,10,2069,8,27305
2,9607,10,2069,15,27306
2,9608,10,2069,24,27307
2,9609,1,2069,1,27308
2,9609,10,2069,2,27309
2,9609,46,2069,1,27310
2,9610,1,2069,1,27311
2,9610,10,2069,3,27312
2,9611,1,2069,1,27313
2,9611,10,2069,42,27314
2,9612,1,2069,3,27315
2,9612,10,2069,1,27316
2,9613,10,2069,1,27317
2,9614,10,2069,1,27318
2,9615,10,2069,6,27319
2,9616,10,2069,1,27320
2,9617,10,2069,1,27321
2,9618,1,2069,1,27322
2,9618,10,2069,4,27323
2,9619,10,2069,4,27324
2,9620,10,2069,1,27325
2,9621,10,2069,1,27326
2,9622,10,2069,1,27327
2,9623,10,2069,4,27328
2,9624,1,2069,1,27329
2,9624,10,2069,1,27330
2,9625,1,2069,1,27331
2,9625,2,2069,6,27332
2,9625,3,2069,4,27333
2,9625,4,2069,46,27334
2,9625,6,2069,1,27335
2,9625,7,2069,5,27336
2,9625,8,2069,5,27337
2,9625,9,2069,2,27338
2,9625,10,2069,39,27339
2,9625,11,2069,1,27340
2,9625,15,2069,4,27341
2,9625,17,2069,4,27342
2,9625,19,2069,20,27343
2,9625,23,2069,3,27344
2,9625,25,2069,2,27345
2,9625,26,2069,4,27346
2,9625,27,2069,20,27347
2,9625,28,2069,69,27348
2,9625,37,2069,2,27349
2,9625,47,2069,8,27350
2,9625,48,2069,3,27351
2,9625,49,2069,31,27352
2,9626,1,2069,1,27353
2,9626,10,2069,17,27354
2,9626,17,2069,1,27355
2,9627,19,2069,2,27356
2,9627,28,2069,8,27357
2,9628,10,2069,1,27358
2,9629,1,2069,1,27359
2,9629,3,2069,11,27360
2,9629,4,2069,60,27361
2,9629,6,2069,2,27362
2,9629,7,2069,2,27363
2,9629,8,2069,2,27364
2,9629,9,2069,2,27365
2,9629,10,2069,5,27366
2,9629,11,2069,1,27367
2,9629,17,2069,2,27368
2,9629,18,2069,2,27369
2,9629,25,2069,1,27370
2,9630,1,2069,1,27371
2,9630,2,2069,4,27372
2,9630,3,2069,4,27373
2,9630,4,2069,15,27374
2,9630,6,2069,3,27375
2,9630,7,2069,5,27376
2,9630,8,2069,5,27377
2,9630,9,2069,4,27378
2,9630,10,2069,10,27379
2,9630,11,2069,1,27380
2,9630,12,2069,1,27381
2,9630,18,2069,4,27382
2,9631,10,2069,1,27383
2,9632,1,2069,7,27384
2,9632,3,2069,21,27385
2,9632,4,2069,223,27386
2,9632,6,2069,10,27387
2,9632,7,2069,22,27388
2,9632,8,2069,22,27389
2,9632,9,2069,11,27390
2,9632,10,2069,56,27391
2,9632,11,2069,1,27392
2,9632,17,2069,13,27393
2,9632,19,2069,1,27394
2,9632,26,2069,1,27395
2,9632,27,2069,6,27396
2,9632,28,2069,20,27397
2,9632,30,2069,13,27398
2,9632,37,2069,1,27399
2,9632,46,2069,2,27400
2,9632,47,2069,1,27401
2,9632,48,2069,3,27402
2,9633,10,2069,2,27403
2,9633,23,2069,30,27404
2,9634,10,2069,1,27405
2,9635,1,2069,1,27406
2,9635,10,2069,1,27407
2,9635,17,2069,1,27408
2,9636,10,2069,5,27409
2,9637,1,2069,1,27410
2,9637,10,2069,1,27411
2,9638,1,2069,3,27412
2,9638,10,2069,3,27413
2,9638,17,2069,2,27414
2,9639,10,2069,1,27415
2,9640,1,2069,1,27416
2,9640,10,2069,5,27417
2,9641,1,2069,1,27418
2,9641,10,2069,4,27419
2,9642,4,2069,5,27420
2,9642,10,2069,1,27421
2,9642,17,2069,6,27422
2,9643,10,2069,1,27423
2,9644,10,2069,3,27424
2,9645,10,2069,6,27425
2,9646,1,2069,2,27426
2,9646,10,2069,2,27427
2,9647,10,2069,3,27428
2,9648,1,2069,1,27429
2,9648,10,2069,4,27430
2,9649,1,2069,1,27431
2,9649,10,2069,13,27432
2,9650,18,2069,3,27433
2,9650,25,2069,1,27434
2,9651,1,2069,1,27435
2,9651,10,2069,1,27436
2,9652,1,2069,1,27437
2,9652,10,2069,7,27438
2,9652,30,2069,6,27439
2,9653,1,2069,1,27440
2,9653,10,2069,1,27441
2,9654,3,2069,2,27442
2,9654,4,2069,2,27443
2,9654,10,2069,9,27444
2,9654,17,2069,2,27445
2,9654,18,2069,1,27446
2,9654,23,2069,16,27447
2,9655,10,2069,1,27448
2,9656,10,2069,1,27449
2,9656,40,2069,1,27450
2,9656,55,2069,1,27451
2,9657,10,2069,1,27452
2,9658,10,2069,1,27453
2,9659,1,2069,1,27454
2,9659,10,2069,1,27455
2,9660,1,2069,6,27456
2,9660,3,2069,3,27457
2,9660,4,2069,251,27458
2,9660,10,2069,27,27459
2,9660,17,2069,11,27460
2,9660,19,2069,1,27461
2,9660,28,2069,40,27462
2,9660,30,2069,16,27463
2,9660,46,2069,2,27464
2,9660,56,2069,8,27465
2,9661,18,2069,6,27466
2,9661,25,2069,1,27467
2,9662,10,2069,1,27468
2,9663,10,2069,2,27469
2,9664,1,2069,7,27470
2,9664,10,2069,30,27471
2,9665,10,2069,1,27472
2,9666,10,2069,1,27473
2,9667,10,2069,1,27474
2,9667,17,2069,1,27475
2,9668,10,2069,5,27476
2,9669,10,2069,6,27477
2,9670,10,2069,4,27478
2,9671,1,2069,2,27479
2,9671,10,2069,3,27480
2,9672,1,2069,1,27481
2,9672,10,2069,1,27482
2,9673,10,2069,3,27483
2,9674,1,2069,1,27484
2,9674,10,2069,19,27485
2,9675,10,2069,4,27486
2,9676,1,2069,1,27487
2,9676,10,2069,1,27488
2,9677,10,2069,8,27489
2,9678,10,2069,2,27490
2,9679,1,2069,2,27491
2,9679,10,2069,1,27492
2,9680,10,2069,1,27493
2,9681,10,2069,1,27494
2,9682,10,2069,1,27495
2,9682,18,2069,2,27496
2,9682,25,2069,1,27497
2,9683,1,2069,1,27498
2,9683,10,2069,6,27499
2,9683,23,2069,10,27500
2,9684,10,2069,1,27501
2,9685,10,2069,3,27502
2,9686,10,2069,1,27503
2,9687,10,2069,1,27504
2,9688,10,2069,2,27505
2,9689,1,2069,2,27506
2,9689,10,2069,1,27507
2,9690,10,2069,3,27508
2,9691,1,2070,1,27509
2,9691,3,2070,1,27510
2,9691,4,2070,1,27511
2,9691,5,2070,1,27512
2,9691,7,2070,1,27513
2,9691,9,2070,1,27514
2,9691,10,2070,1,27515
2,9691,11,2070,1,27516
2,9691,18,2070,2,27517
2,9692,1,2071,1,27518
2,9692,10,2071,3,27519
2,9692,18,2071,1,27520
2,9693,10,2072,1,27521
2,9694,10,2072,16,27522
2,9695,10,2072,1,27523
2,9696,10,2072,5,27524
2,9697,10,2072,3,27525
2,9698,10,2072,1,27526
2,9699,10,2072,4,27527
2,9700,10,2072,10,27528
2,9701,1,2072,1,27529
2,9701,10,2072,1,27530
2,9702,1,2072,1,27531
2,9702,3,2072,1,27532
2,9702,4,2072,8,27533
2,9702,5,2072,4,27534
2,9702,6,2072,5,27535
2,9702,7,2072,4,27536
2,9702,8,2072,4,27537
2,9702,9,2072,2,27538
2,9702,10,2072,20,27539
2,9702,11,2072,1,27540
2,9702,17,2072,3,27541
2,9702,18,2072,3,27542
2,9703,1,2072,2,27543
2,9703,10,2072,14,27544
2,9704,1,2072,1,27545
2,9705,10,2072,4,27546
2,9706,1,2072,1,27547
2,9706,10,2072,3,27548
2,9707,10,2072,1,27549
2,9708,1,2072,1,27550
2,9708,10,2072,1,27551
2,9709,10,2072,5,27552
2,9710,1,2072,1,27553
2,9710,10,2072,7,27554
2,9711,10,2072,3,27555
2,9712,1,2073,4,27556
2,9712,3,2073,1,27557
2,9712,4,2073,2,27558
2,9712,6,2073,1,27559
2,9712,7,2073,2,27560
2,9712,8,2073,2,27561
2,9712,9,2073,1,27562
2,9712,10,2073,6,27563
2,9712,11,2073,1,27564
2,9712,18,2073,3,27565
2,9713,1,2074,1,27566
2,9713,2,2074,1,27567
2,9713,3,2074,1,27568
2,9713,4,2074,5,27569
2,9713,6,2074,1,27570
2,9713,7,2074,1,27571
2,9713,8,2074,1,27572
2,9713,9,2074,1,27573
2,9713,10,2074,3,27574
2,9713,11,2074,1,27575
2,9713,18,2074,2,27576
2,9714,1,2075,1,27577
2,9714,2,2075,1,27578
2,9714,3,2075,1,27579
2,9714,4,2075,1,27580
2,9714,6,2075,1,27581
2,9714,7,2075,1,27582
2,9714,8,2075,1,27583
2,9714,9,2075,1,27584
2,9714,10,2075,1,27585
2,9714,11,2075,1,27586
2,9714,18,2075,1,27587
2,9715,1,2076,1,27588
2,9715,3,2076,1,27589
2,9715,4,2076,2,27590
2,9715,6,2076,1,27591
2,9715,7,2076,1,27592
2,9715,8,2076,1,27593
2,9715,9,2076,1,27594
2,9715,10,2076,4,27595
2,9715,18,2076,2,27596
2,9716,1,2077,1,27597
2,9716,2,2077,3,27598
2,9716,7,2077,2,27599
2,9716,8,2077,1,27600
2,9716,9,2077,1,27601
2,9716,10,2077,3,27602
2,9716,11,2077,1,27603
2,9716,18,2077,3,27604
2,9717,10,2078,2,27605
2,9717,18,2078,1,27606
2,9718,1,2079,1,27607
2,9718,10,2079,4,27608
2,9718,18,2079,1,27609
2,9719,1,2080,1,27610
2,9719,10,2080,1,27611
2,9720,1,2081,1,27612
2,9720,2,2081,3,27613
2,9720,4,2081,6,27614
2,9720,7,2081,2,27615
2,9720,8,2081,2,27616
2,9720,9,2081,1,27617
2,9720,10,2081,6,27618
2,9720,11,2081,1,27619
2,9720,18,2081,3,27620
2,9721,2,2082,1,27621
2,9721,6,2082,1,27622
2,9721,7,2082,1,27623
2,9721,8,2082,1,27624
2,9721,9,2082,1,27625
2,9721,10,2082,4,27626
2,9721,11,2082,1,27627
2,9721,18,2082,2,27628
2,9722,10,2083,1,27629
2,9723,1,2083,1,27630
2,9723,3,2083,2,27631
2,9723,4,2083,5,27632
2,9723,5,2083,1,27633
2,9723,6,2083,1,27634
2,9723,7,2083,4,27635
2,9723,8,2083,4,27636
2,9723,9,2083,1,27637
2,9723,10,2083,7,27638
2,9723,11,2083,1,27639
2,9723,18,2083,4,27640
2,9724,21,2084,48,27641
2,9725,10,2084,1,27642
2,9726,10,2084,1,27643
2,9727,1,2084,1,27644
2,9727,10,2084,7,27645
2,9728,1,2084,1,27646
2,9728,3,2084,1,27647
2,9728,4,2084,7,27648
2,9728,5,2084,3,27649
2,9728,6,2084,1,27650
2,9728,7,2084,3,27651
2,9728,8,2084,2,27652
2,9728,9,2084,2,27653
2,9728,10,2084,10,27654
2,9728,11,2084,1,27655
2,9728,18,2084,3,27656
2,9729,1,2084,1,27657
2,9730,1,2084,1,27658
2,9730,10,2084,8,27659
2,9731,1,2085,1,27660
2,9731,10,2085,5,27661
2,9732,2,2085,1,27662
2,9732,3,2085,1,27663
2,9732,4,2085,3,27664
2,9732,9,2085,1,27665
2,9732,10,2085,4,27666
2,9732,11,2085,1,27667
2,9732,18,2085,2,27668
2,9733,1,2086,1,27669
2,9733,6,2086,1,27670
2,9733,7,2086,1,27671
2,9733,8,2086,1,27672
2,9733,9,2086,1,27673
2,9733,10,2086,4,27674
2,9733,18,2086,1,27675
2,9734,10,2087,5,27676
2,9735,1,2087,2,27677
2,9735,3,2087,10,27678
2,9735,4,2087,41,27679
2,9735,6,2087,4,27680
2,9735,7,2087,6,27681
2,9735,8,2087,6,27682
2,9735,9,2087,2,27683
2,9735,10,2087,18,27684
2,9735,11,2087,2,27685
2,9735,12,2087,1,27686
2,9735,16,2087,2,27687
2,9735,18,2087,1,27688
2,9735,19,2087,8,27689
2,9735,25,2087,5,27690
2,9735,37,2087,3,27691
2,9736,10,2087,4,27692
2,9737,10,2087,3,27693
2,9738,1,2087,2,27694
2,9738,10,2087,8,27695
2,9739,2,2088,2,27696
2,9739,3,2088,1,27697
2,9739,4,2088,2,27698
2,9739,6,2088,1,27699
2,9739,7,2088,1,27700
2,9739,8,2088,1,27701
2,9739,9,2088,1,27702
2,9739,10,2088,1,27703
2,9739,11,2088,1,27704
2,9739,18,2088,2,27705
2,9740,1,2089,1,27706
2,9740,3,2089,4,27707
2,9740,4,2089,4,27708
2,9740,6,2089,1,27709
2,9740,7,2089,1,27710
2,9740,8,2089,1,27711
2,9740,9,2089,1,27712
2,9740,10,2089,2,27713
2,9740,11,2089,1,27714
2,9740,18,2089,2,27715
2,9741,1,2090,1,27716
2,9741,7,2090,1,27717
2,9741,8,2090,1,27718
2,9741,9,2090,1,27719
2,9741,10,2090,5,27720
2,9741,18,2090,2,27721
2,9742,1,2091,1,27722
2,9742,5,2091,1,27723
2,9742,6,2091,1,27724
2,9742,7,2091,1,27725
2,9742,8,2091,2,27726
2,9742,9,2091,1,27727
2,9742,10,2091,5,27728
2,9742,11,2091,1,27729
2,9742,18,2091,2,27730
2,9743,1,2092,1,27731
2,9743,3,2092,2,27732
2,9743,4,2092,4,27733
2,9743,6,2092,2,27734
2,9743,7,2092,3,27735
2,9743,8,2092,3,27736
2,9743,9,2092,1,27737
2,9743,10,2092,6,27738
2,9743,11,2092,1,27739
2,9743,12,2092,1,27740
2,9743,18,2092,2,27741
2,9744,1,2092,1,27742
2,9744,10,2092,1,27743
2,9745,10,2092,1,27744
2,9746,3,2093,2,27745
2,9746,4,2093,8,27746
2,9746,7,2093,1,27747
2,9746,8,2093,1,27748
2,9746,9,2093,1,27749
2,9746,10,2093,5,27750
2,9746,11,2093,1,27751
2,9746,18,2093,2,27752
2,9746,41,2093,2,27753
2,9747,1,2094,1,27754
2,9747,9,2094,1,27755
2,9747,10,2094,1,27756
2,9747,18,2094,1,27757
2,9748,1,2095,1,27758
2,9748,10,2095,2,27759
2,9748,18,2095,1,27760
2,9749,1,2096,1,27761
2,9749,5,2096,1,27762
2,9749,7,2096,1,27763
2,9749,8,2096,3,27764
2,9749,9,2096,1,27765
2,9749,10,2096,4,27766
2,9749,11,2096,1,27767
2,9749,18,2096,1,27768
2,9750,1,2097,1,27769
2,9750,10,2097,3,27770
2,9751,10,2097,1,27771
2,9751,20,2097,24,27772
2,9751,21,2097,6,27773
2,9752,10,2097,2,27774
2,9753,1,2097,1,27775
2,9753,10,2097,1,27776
2,9753,24,2097,21,27777
2,9753,34,2097,2,27778
2,9753,58,2097,21,27779
2,9754,32,2097,22,27780
2,9754,36,2097,10,27781
2,9755,10,2097,3,27782
2,9756,10,2097,2,27783
2,9757,10,2097,1,27784
2,9758,10,2097,4,27785
2,9759,10,2097,6,27786
2,9760,10,2097,2,27787
2,9761,10,2097,1,27788
2,9762,1,2097,14,27789
2,9762,3,2097,54,27790
2,9762,4,2097,332,27791
2,9762,6,2097,2,27792
2,9762,7,2097,5,27793
2,9762,8,2097,5,27794
2,9762,9,2097,8,27795
2,9762,10,2097,96,27796
2,9762,17,2097,11,27797
2,9762,19,2097,1,27798
2,9762,28,2097,76,27799
2,9762,30,2097,18,27800
2,9762,46,2097,1,27801
2,9762,47,2097,3,27802
2,9762,48,2097,10,27803
2,9762,52,2097,6,27804
2,9762,53,2097,4,27805
2,9763,1,2097,1,27806
2,9763,10,2097,1,27807
2,9763,23,2097,24,27808
2,9764,10,2097,1,27809
2,9765,10,2097,1,27810
2,9766,10,2097,3,27811
2,9767,2,2097,3,27812
2,9767,3,2097,3,27813
2,9767,4,2097,6,27814
2,9767,6,2097,5,27815
2,9767,7,2097,4,27816
2,9767,8,2097,4,27817
2,9767,9,2097,4,27818
2,9767,10,2097,8,27819
2,9767,11,2097,1,27820
2,9767,18,2097,3,27821
2,9768,10,2097,1,27822
2,9769,1,2097,3,27823
2,9769,2,2097,2,27824
2,9769,3,2097,2,27825
2,9769,4,2097,26,27826
2,9769,10,2097,3,27827
2,9769,11,2097,1,27828
2,9769,14,2097,1,27829
2,9769,17,2097,3,27830
2,9769,18,2097,1,27831
2,9769,19,2097,2,27832
2,9769,25,2097,1,27833
2,9769,44,2097,7,27834
2,9769,55,2097,7,27835
2,9770,10,2097,2,27836
2,9771,10,2097,1,27837
2,9772,10,2097,1,27838
2,9773,10,2097,1,27839
2,9774,10,2097,1,27840
2,9775,10,2097,1,27841
2,9776,1,2097,1,27842
2,9776,10,2097,6,27843
2,9777,10,2097,1,27844
2,9778,10,2097,1,27845
2,9779,10,2097,4,27846
2,9780,10,2097,1,27847
2,9781,18,2097,2,27848
2,9781,25,2097,1,27849
2,9782,1,2097,1,27850
2,9782,10,2097,2,27851
2,9783,10,2097,1,27852
2,9784,1,2097,1,27853
2,9784,10,2097,2,27854
2,9785,10,2097,2,27855
2,9786,10,2097,1,27856
2,9787,1,2097,1,27857
2,9787,10,2097,1,27858
2,9788,10,2097,3,27859
2,9789,1,2097,1,27860
2,9789,10,2097,2,27861
2,9789,30,2097,12,27862
2,9790,10,2097,2,27863
2,9791,1,2097,1,27864
2,9791,10,2097,1,27865
2,9792,10,2097,1,27866
2,9793,1,2097,1,27867
2,9793,10,2097,1,27868
2,9794,1,2098,1,27869
2,9794,10,2098,5,27870
2,9794,12,2098,1,27871
2,9794,18,2098,2,27872
2,9795,10,2099,1,27873
2,9796,10,2099,3,27874
2,9797,1,2099,1,27875
2,9797,2,2099,2,27876
2,9797,3,2099,2,27877
2,9797,4,2099,5,27878
2,9797,6,2099,2,27879
2,9797,7,2099,2,27880
2,9797,8,2099,2,27881
2,9797,9,2099,2,27882
2,9797,10,2099,5,27883
2,9797,11,2099,1,27884
2,9797,18,2099,3,27885
2,9798,1,2100,1,27886
2,9798,2,2100,1,27887
2,9798,3,2100,2,27888
2,9798,4,2100,2,27889
2,9798,6,2100,1,27890
2,9798,7,2100,2,27891
2,9798,8,2100,2,27892
2,9798,9,2100,1,27893
2,9798,10,2100,4,27894
2,9798,11,2100,1,27895
2,9798,18,2100,2,27896
2,9799,10,2101,1,27897
2,9800,10,2101,6,27898
2,9801,10,2101,10,27899
2,9802,2,2101,2,27900
2,9802,3,2101,2,27901
2,9802,4,2101,6,27902
2,9802,6,2101,2,27903
2,9802,7,2101,3,27904
2,9802,8,2101,2,27905
2,9802,9,2101,1,27906
2,9802,10,2101,4,27907
2,9802,11,2101,1,27908
2,9802,18,2101,3,27909
2,9803,10,2101,3,27910
2,9804,10,2101,4,27911
2,9805,1,2102,2,27912
2,9805,2,2102,2,27913
2,9805,3,2102,2,27914
2,9805,4,2102,6,27915
2,9805,5,2102,2,27916
2,9805,6,2102,2,27917
2,9805,7,2102,2,27918
2,9805,8,2102,2,27919
2,9805,9,2102,2,27920
2,9805,10,2102,23,27921
2,9805,11,2102,1,27922
2,9805,18,2102,4,27923
2,9806,1,2103,1,27924
2,9806,3,2103,2,27925
2,9806,4,2103,8,27926
2,9806,5,2103,2,27927
2,9806,6,2103,1,27928
2,9806,7,2103,5,27929
2,9806,8,2103,5,27930
2,9806,9,2103,2,27931
2,9806,10,2103,8,27932
2,9806,11,2103,1,27933
2,9806,12,2103,1,27934
2,9806,18,2103,4,27935
2,9807,1,2103,1,27936
2,9807,10,2103,7,27937
2,9808,10,2103,10,27938
2,9808,18,2103,2,27939
2,9809,10,2103,5,27940
2,9810,1,2103,1,27941
2,9810,10,2103,4,27942
2,9811,1,2104,1,27943
2,9811,2,2104,1,27944
2,9811,3,2104,1,27945
2,9811,4,2104,5,27946
2,9811,6,2104,1,27947
2,9811,7,2104,2,27948
2,9811,8,2104,3,27949
2,9811,9,2104,1,27950
2,9811,10,2104,3,27951
2,9811,11,2104,1,27952
2,9811,18,2104,3,27953
2,9812,10,2105,4,27954
2,9812,18,2105,2,27955
2,9813,10,2106,1,27956
2,9814,1,2106,1,27957
2,9814,10,2106,4,27958
2,9814,23,2106,11,27959
2,9815,10,2106,2,27960
2,9816,10,2106,1,27961
2,9817,10,2106,2,27962
2,9818,1,2106,1,27963
2,9818,10,2106,8,27964
2,9819,1,2106,1,27965
2,9819,10,2106,13,27966
2,9820,1,2106,1,27967
2,9821,1,2106,2,27968
2,9821,2,2106,15,27969
2,9821,3,2106,12,27970
2,9821,4,2106,38,27971
2,9821,6,2106,5,27972
2,9821,7,2106,9,27973
2,9821,8,2106,9,27974
2,9821,9,2106,4,27975
2,9821,10,2106,14,27976
2,9821,11,2106,1,27977
2,9821,17,2106,3,27978
2,9821,18,2106,2,27979
2,9821,19,2106,10,27980
2,9821,25,2106,2,27981
2,9822,10,2106,12,27982
2,9823,1,2106,1,27983
2,9823,2,2106,7,27984
2,9823,3,2106,7,27985
2,9823,4,2106,15,27986
2,9823,6,2106,3,27987
2,9823,7,2106,3,27988
2,9823,8,2106,3,27989
2,9823,9,2106,1,27990
2,9823,10,2106,11,27991
2,9823,11,2106,1,27992
2,9823,17,2106,2,27993
2,9823,40,2106,2,27994
2,9824,1,2106,1,27995
2,9824,10,2106,2,27996
2,9825,1,2106,1,27997
2,9825,10,2106,5,27998
2,9825,17,2106,2,27999
2,9826,10,2106,3,28000
2,9827,10,2106,1,28001
2,9828,1,2106,1,28002
2,9828,10,2106,2,28003
2,9829,1,2106,1,28004
2,9829,10,2106,1,28005
2,9830,10,2106,1,28006
2,9831,10,2106,1,28007
2,9832,1,2106,1,28008
2,9832,10,2106,1,28009
2,9833,10,2106,3,28010
2,9833,12,2106,1,28011
2,9834,10,2106,4,28012
2,9835,10,2106,4,28013
2,9836,1,2106,1,28014
2,9836,10,2106,3,28015
2,9837,18,2106,3,28016
2,9838,10,2106,3,28017
2,9839,10,2106,2,28018
2,9840,10,2106,1,28019
2,9841,1,2106,1,28020
2,9841,10,2106,11,28021
2,9842,1,2107,1,28022
2,9842,3,2107,1,28023
2,9842,4,2107,2,28024
2,9842,7,2107,1,28025
2,9842,8,2107,1,28026
2,9842,9,2107,1,28027
2,9842,10,2107,4,28028
2,9842,11,2107,1,28029
2,9842,12,2107,1,28030
2,9842,18,2107,1,28031
2,9843,1,2108,1,28032
2,9843,2,2108,1,28033
2,9843,3,2108,1,28034
2,9843,4,2108,2,28035
2,9843,6,2108,2,28036
2,9843,7,2108,2,28037
2,9843,8,2108,2,28038
2,9843,9,2108,1,28039
2,9843,10,2108,5,28040
2,9843,11,2108,1,28041
2,9843,18,2108,1,28042
2,9844,1,2109,1,28043
2,9844,2,2109,1,28044
2,9844,3,2109,1,28045
2,9844,4,2109,1,28046
2,9844,6,2109,1,28047
2,9844,7,2109,1,28048
2,9844,8,2109,1,28049
2,9844,9,2109,1,28050
2,9844,10,2109,3,28051
2,9844,11,2109,1,28052
2,9844,18,2109,2,28053
2,9845,1,2110,2,28054
2,9845,3,2110,2,28055
2,9845,4,2110,10,28056
2,9845,6,2110,2,28057
2,9845,7,2110,3,28058
2,9845,8,2110,3,28059
2,9845,9,2110,2,28060
2,9845,10,2110,15,28061
2,9845,11,2110,1,28062
2,9845,18,2110,5,28063
2,9846,10,2110,5,28064
2,9847,2,2111,1,28065
2,9847,6,2111,1,28066
2,9847,7,2111,1,28067
2,9847,8,2111,1,28068
2,9847,9,2111,1,28069
2,9847,10,2111,1,28070
2,9847,11,2111,1,28071
2,9847,18,2111,1,28072
2,9848,6,2112,1,28073
2,9848,7,2112,1,28074
2,9848,8,2112,1,28075
2,9848,9,2112,1,28076
2,9848,10,2112,6,28077
2,9848,18,2112,2,28078
2,9849,1,2113,2,28079
2,9849,2,2113,2,28080
2,9849,3,2113,2,28081
2,9849,4,2113,5,28082
2,9849,6,2113,2,28083
2,9849,7,2113,2,28084
2,9849,8,2113,2,28085
2,9849,9,2113,2,28086
2,9849,10,2113,4,28087
2,9849,11,2113,2,28088
2,9849,18,2113,5,28089
2,9850,1,2114,1,28090
2,9850,10,2114,1,28091
2,9851,10,2114,1,28092
2,9852,10,2114,10,28093
2,9853,1,2114,2,28094
2,9853,3,2114,13,28095
2,9853,4,2114,56,28096
2,9853,6,2114,10,28097
2,9853,7,2114,10,28098
2,9853,8,2114,10,28099
2,9853,9,2114,6,28100
2,9853,10,2114,3,28101
2,9853,11,2114,1,28102
2,9853,17,2114,4,28103
2,9853,18,2114,2,28104
2,9853,19,2114,1,28105
2,9853,25,2114,3,28106
2,9853,26,2114,1,28107
2,9853,27,2114,3,28108
2,9853,28,2114,3,28109
2,9853,37,2114,1,28110
2,9853,52,2114,1,28111
2,9854,1,2114,1,28112
2,9854,10,2114,1,28113
2,9854,23,2114,20,28114
2,9855,10,2114,1,28115
2,9856,10,2114,2,28116
2,9857,19,2114,3,28117
2,9857,26,2114,10,28118
2,9857,27,2114,10,28119
2,9857,28,2114,10,28120
2,9857,37,2114,5,28121
2,9857,47,2114,4,28122
2,9857,48,2114,2,28123
2,9858,1,2114,1,28124
2,9858,10,2114,7,28125
2,9858,12,2114,1,28126
2,9859,10,2114,1,28127
2,9860,1,2115,1,28128
2,9860,2,2115,2,28129
2,9860,3,2115,2,28130
2,9860,4,2115,6,28131
2,9860,6,2115,2,28132
2,9860,7,2115,2,28133
2,9860,8,2115,2,28134
2,9860,9,2115,1,28135
2,9860,10,2115,4,28136
2,9860,11,2115,1,28137
2,9860,18,2115,2,28138
2,9861,20,2115,25,28139
2,9862,10,2116,4,28140
2,9863,1,2117,4,28141
2,9863,2,2117,1,28142
2,9863,3,2117,1,28143
2,9863,4,2117,4,28144
2,9863,6,2117,1,28145
2,9863,7,2117,1,28146
2,9863,8,2117,1,28147
2,9863,9,2117,1,28148
2,9863,10,2117,4,28149
2,9863,11,2117,1,28150
2,9863,18,2117,2,28151
2,9864,1,2118,1,28152
2,9864,10,2118,2,28153
2,9865,1,2119,1,28154
2,9865,6,2119,1,28155
2,9865,7,2119,1,28156
2,9865,8,2119,1,28157
2,9865,9,2119,1,28158
2,9865,10,2119,1,28159
2,9865,18,2119,2,28160
2,9866,1,2120,1,28161
2,9866,3,2120,2,28162
2,9866,4,2120,2,28163
2,9866,6,2120,1,28164
2,9866,7,2120,1,28165
2,9866,8,2120,1,28166
2,9866,9,2120,1,28167
2,9866,10,2120,2,28168
2,9866,18,2120,3,28169
2,9867,1,2121,1,28170
2,9867,2,2121,2,28171
2,9867,4,2121,2,28172
2,9867,6,2121,2,28173
2,9867,7,2121,2,28174
2,9867,8,2121,2,28175
2,9867,9,2121,1,28176
2,9867,10,2121,1,28177
2,9867,11,2121,1,28178
2,9867,12,2121,1,28179
2,9867,18,2121,3,28180
2,9868,2,2122,2,28181
2,9868,3,2122,2,28182
2,9868,4,2122,2,28183
2,9868,6,2122,2,28184
2,9868,7,2122,2,28185
2,9868,8,2122,2,28186
2,9868,9,2122,1,28187
2,9868,10,2122,1,28188
2,9868,11,2122,1,28189
2,9868,18,2122,2,28190
2,9869,10,2116,1,28191
2,9870,10,2116,1,28192
2,9871,10,2116,1,28193
2,9872,1,2116,1,28194
2,9872,3,2116,8,28195
2,9872,4,2116,27,28196
2,9872,6,2116,2,28197
2,9872,7,2116,4,28198
2,9872,8,2116,4,28199
2,9872,9,2116,2,28200
2,9872,10,2116,11,28201
2,9872,11,2116,2,28202
2,9872,17,2116,2,28203
2,9872,18,2116,1,28204
2,9872,25,2116,4,28205
2,9873,10,2116,1,28206
2,9874,1,2123,1,28207
2,9874,6,2123,1,28208
2,9874,7,2123,1,28209
2,9874,8,2123,1,28210
2,9874,9,2123,1,28211
2,9874,10,2123,4,28212
2,9874,18,2123,1,28213
2,9875,1,2124,1,28214
2,9875,3,2124,1,28215
2,9875,4,2124,2,28216
2,9875,6,2124,1,28217
2,9875,7,2124,1,28218
2,9875,8,2124,1,28219
2,9875,9,2124,1,28220
2,9875,10,2124,1,28221
2,9875,11,2124,1,28222
2,9875,18,2124,2,28223
2,9876,1,2125,3,28224
2,9876,2,2125,2,28225
2,9876,3,2125,2,28226
2,9876,4,2125,7,28227
2,9876,6,2125,2,28228
2,9876,7,2125,2,28229
2,9876,8,2125,2,28230
2,9876,9,2125,1,28231
2,9876,10,2125,12,28232
2,9876,11,2125,1,28233
2,9877,10,2125,6,28234
2,9878,1,2125,1,28235
2,9878,10,2125,5,28236
2,9879,10,2126,1,28237
2,9880,1,2126,1,28238
2,9880,2,2126,2,28239
2,9880,3,2126,2,28240
2,9880,4,2126,2,28241
2,9880,6,2126,1,28242
2,9880,7,2126,1,28243
2,9880,8,2126,1,28244
2,9880,9,2126,1,28245
2,9880,10,2126,5,28246
2,9880,11,2126,1,28247
2,9880,18,2126,3,28248
2,9881,10,2126,1,28249
2,9882,10,2126,4,28250
2,9883,1,2127,1,28251
2,9883,2,2127,4,28252
2,9883,3,2127,2,28253
2,9883,4,2127,5,28254
2,9883,7,2127,1,28255
2,9883,8,2127,1,28256
2,9883,9,2127,1,28257
2,9883,10,2127,4,28258
2,9883,11,2127,1,28259
2,9883,18,2127,2,28260
2,9884,1,2118,1,28261
2,9884,2,2118,1,28262
2,9884,3,2118,2,28263
2,9884,4,2118,6,28264
2,9884,6,2118,1,28265
2,9884,7,2118,2,28266
2,9884,8,2118,2,28267
2,9884,9,2118,1,28268
2,9884,10,2118,6,28269
2,9884,11,2118,1,28270
2,9885,10,2128,1,28271
2,9886,1,2128,1,28272
2,9886,2,2128,1,28273
2,9886,6,2128,2,28274
2,9886,7,2128,2,28275
2,9886,8,2128,2,28276
2,9886,9,2128,1,28277
2,9886,10,2128,1,28278
2,9886,11,2128,1,28279
2,9886,18,2128,3,28280
2,9887,10,2129,1,28281
2,9888,10,2129,1,28282
2,9889,10,2129,4,28283
2,9890,10,2129,1,28284
2,9891,1,2129,1,28285
2,9891,10,2129,1,28286
2,9891,20,2129,14,28287
2,9891,22,2129,12,28288
2,9891,33,2129,14,28289
2,9891,54,2129,14,28290
2,9892,2,2129,30,28291
2,9892,3,2129,25,28292
2,9892,4,2129,38,28293
2,9892,6,2129,7,28294
2,9892,7,2129,7,28295
2,9892,8,2129,7,28296
2,9892,9,2129,2,28297
2,9892,10,2129,4,28298
2,9892,11,2129,1,28299
2,9892,12,2129,1,28300
2,9892,17,2129,3,28301
2,9892,18,2129,1,28302
2,9892,25,2129,2,28303
2,9892,29,2129,13,28304
2,9893,10,2129,1,28305
2,9894,1,2129,1,28306
2,9894,2,2129,2,28307
2,9894,3,2129,2,28308
2,9894,4,2129,2,28309
2,9894,6,2129,3,28310
2,9894,7,2129,3,28311
2,9894,8,2129,3,28312
2,9894,9,2129,1,28313
2,9894,10,2129,10,28314
2,9894,11,2129,1,28315
2,9894,18,2129,2,28316
2,9895,1,2129,1,28317
2,9895,10,2129,13,28318
2,9896,10,2129,1,28319
2,9897,26,2129,4,28320
2,9897,27,2129,8,28321
2,9897,37,2129,1,28322
2,9898,10,2129,1,28323
2,9899,1,2129,2,28324
2,9899,3,2129,3,28325
2,9899,4,2129,16,28326
2,9899,10,2129,3,28327
2,9899,17,2129,2,28328
2,9900,1,2129,1,28329
2,9900,10,2129,6,28330
2,9901,10,2129,1,28331
2,9902,1,2129,1,28332
2,9903,1,2129,1,28333
2,9903,10,2129,3,28334
2,9904,10,2129,2,28335
2,9905,10,2129,6,28336
2,9906,19,2129,2,28337
2,9906,28,2129,8,28338
2,9907,1,2129,1,28339
2,9907,10,2129,4,28340
2,9908,10,2130,1,28341
2,9909,10,2130,1,28342
2,9910,1,2130,1,28343
2,9910,10,2130,1,28344
2,9911,1,2130,4,28345
2,9911,3,2130,2,28346
2,9911,4,2130,2,28347
2,9911,7,2130,5,28348
2,9911,8,2130,5,28349
2,9911,9,2130,2,28350
2,9911,10,2130,3,28351
2,9911,17,2130,1,28352
2,9911,18,2130,1,28353
2,9912,10,2130,1,28354
2,9913,1,2130,1,28355
2,9913,2,2130,2,28356
2,9913,3,2130,2,28357
2,9913,4,2130,2,28358
2,9913,6,2130,2,28359
2,9913,7,2130,3,28360
2,9913,8,2130,3,28361
2,9913,9,2130,1,28362
2,9913,10,2130,6,28363
2,9913,11,2130,1,28364
2,9914,10,2121,3,28365
2,9915,1,2131,1,28366
2,9915,2,2131,2,28367
2,9915,3,2131,8,28368
2,9915,4,2131,24,28369
2,9915,6,2131,8,28370
2,9915,7,2131,12,28371
2,9915,8,2131,12,28372
2,9915,9,2131,2,28373
2,9915,10,2131,8,28374
2,9915,11,2131,1,28375
2,9915,18,2131,3,28376
2,9916,1,2132,1,28377
2,9916,10,2132,2,28378
2,9917,10,2131,3,28379
2,9918,10,2131,1,28380
2,9919,10,2131,1,28381
2,9920,1,2133,1,28382
2,9920,10,2133,1,28383
2,9921,2,2133,4,28384
2,9921,3,2133,6,28385
2,9921,4,2133,28,28386
2,9921,6,2133,4,28387
2,9921,7,2133,4,28388
2,9921,8,2133,4,28389
2,9921,9,2133,1,28390
2,9921,10,2133,7,28391
2,9921,11,2133,1,28392
2,9921,12,2133,1,28393
2,9921,17,2133,1,28394
2,9921,18,2133,1,28395
2,9921,25,2133,2,28396
2,9922,2,2133,2,28397
2,9922,3,2133,4,28398
2,9922,4,2133,10,28399
2,9922,6,2133,2,28400
2,9922,7,2133,3,28401
2,9922,8,2133,3,28402
2,9922,9,2133,1,28403
2,9922,10,2133,6,28404
2,9922,11,2133,1,28405
2,9922,18,2133,4,28406
2,9923,1,2134,1,28407
2,9923,6,2134,2,28408
2,9923,7,2134,2,28409
2,9923,8,2134,1,28410
2,9923,10,2134,3,28411
2,9923,18,2134,3,28412
2,9924,1,2134,1,28413
2,9924,10,2134,1,28414
2,9925,10,2134,4,28415
2,9926,10,2135,1,28416
2,9927,1,2135,1,28417
2,9927,2,2135,3,28418
2,9927,3,2135,3,28419
2,9927,4,2135,3,28420
2,9927,6,2135,2,28421
2,9927,7,2135,3,28422
2,9927,8,2135,3,28423
2,9927,9,2135,1,28424
2,9927,10,2135,11,28425
2,9927,11,2135,1,28426
2,9927,18,2135,3,28427
2,9928,10,2135,1,28428
2,9929,10,2136,6,28429
2,9930,10,2136,1,28430
2,9931,10,2136,5,28431
2,9932,1,2136,2,28432
2,9932,2,2136,4,28433
2,9932,3,2136,4,28434
2,9932,4,2136,8,28435
2,9932,6,2136,2,28436
2,9932,7,2136,2,28437
2,9932,8,2136,2,28438
2,9932,9,2136,1,28439
2,9932,10,2136,1,28440
2,9932,11,2136,1,28441
2,9932,17,2136,1,28442
2,9932,18,2136,2,28443
2,9933,10,2136,5,28444
2,9934,10,2136,5,28445
2,9935,2,2137,3,28446
2,9935,3,2137,3,28447
2,9935,4,2137,6,28448
2,9935,6,2137,1,28449
2,9935,7,2137,1,28450
2,9935,8,2137,1,28451
2,9935,9,2137,1,28452
2,9935,10,2137,11,28453
2,9935,11,2137,1,28454
2,9935,18,2137,3,28455
2,9936,10,2137,1,28456
2,9937,10,2137,1,28457
2,9937,24,2137,4,28458
2,9937,32,2137,1,28459
2,9937,33,2137,18,28460
2,9937,34,2137,4,28461
2,9937,36,2137,2,28462
2,9937,41,2137,18,28463
2,9937,56,2137,18,28464
2,9937,58,2137,4,28465
2,9938,10,2137,4,28466
2,9939,10,2138,1,28467
2,9940,1,2138,1,28468
2,9940,10,2138,4,28469
2,9941,1,2138,1,28470
2,9941,2,2138,1,28471
2,9941,3,2138,4,28472
2,9941,4,2138,4,28473
2,9941,6,2138,2,28474
2,9941,7,2138,2,28475
2,9941,8,2138,2,28476
2,9941,9,2138,1,28477
2,9941,10,2138,10,28478
2,9941,11,2138,1,28479
2,9941,12,2138,2,28480
2,9941,18,2138,3,28481
2,9942,10,2138,8,28482
2,9943,10,2138,4,28483
2,9944,1,2138,1,28484
2,9944,10,2138,1,28485
2,9945,1,2138,1,28486
2,9945,10,2138,6,28487
2,9946,10,2132,1,28488
2,9947,1,2132,1,28489
2,9947,2,2132,3,28490
2,9947,3,2132,2,28491
2,9947,4,2132,8,28492
2,9947,6,2132,2,28493
2,9947,7,2132,2,28494
2,9947,8,2132,2,28495
2,9947,9,2132,1,28496
2,9947,10,2132,1,28497
2,9947,11,2132,1,28498
2,9947,18,2132,3,28499
2,9948,10,2132,1,28500
2,9949,10,2139,1,28501
2,9950,10,2139,4,28502
2,9951,2,2139,3,28503
2,9951,3,2139,3,28504
2,9951,4,2139,4,28505
2,9951,6,2139,3,28506
2,9951,7,2139,4,28507
2,9951,8,2139,6,28508
2,9951,9,2139,2,28509
2,9951,10,2139,16,28510
2,9951,11,2139,1,28511
2,9951,18,2139,3,28512
2,9952,10,2139,7,28513
2,9953,10,2139,7,28514
2,9953,40,2139,2,28515
2,9954,10,2139,1,28516
2,9955,10,2139,4,28517
2,9956,10,2140,5,28518
2,9957,1,2140,1,28519
2,9957,10,2140,1,28520
2,9958,1,2140,3,28521
2,9958,2,2140,5,28522
2,9958,3,2140,1,28523
2,9958,4,2140,4,28524
2,9958,6,2140,4,28525
2,9958,7,2140,4,28526
2,9958,8,2140,4,28527
2,9958,9,2140,3,28528
2,9958,10,2140,17,28529
2,9958,11,2140,3,28530
2,9958,18,2140,4,28531
2,9959,10,2140,6,28532
2,9960,1,2140,1,28533
2,9960,10,2140,1,28534
2,9961,1,2141,1,28535
2,9961,2,2141,5,28536
2,9961,3,2141,2,28537
2,9961,4,2141,4,28538
2,9961,6,2141,2,28539
2,9961,7,2141,2,28540
2,9961,8,2141,2,28541
2,9961,9,2141,2,28542
2,9961,10,2141,11,28543
2,9961,11,2141,1,28544
2,9961,18,2141,3,28545
2,9962,31,2141,30,28546
2,9963,10,2141,6,28547
2,9964,10,2142,4,28548
2,9965,1,2142,1,28549
2,9965,10,2142,1,28550
2,9966,25,2142,1,28551
2,9967,10,2142,6,28552
2,9968,10,2142,1,28553
2,9969,1,2142,1,28554
2,9969,2,2142,2,28555
2,9969,3,2142,2,28556
2,9969,4,2142,10,28557
2,9969,6,2142,2,28558
2,9969,7,2142,5,28559
2,9969,8,2142,4,28560
2,9969,9,2142,2,28561
2,9969,10,2142,12,28562
2,9969,11,2142,2,28563
2,9969,12,2142,2,28564
2,9969,18,2142,3,28565
2,9970,2,2142,17,28566
2,9970,3,2142,7,28567
2,9970,4,2142,32,28568
2,9970,6,2142,4,28569
2,9970,7,2142,6,28570
2,9970,8,2142,5,28571
2,9970,9,2142,2,28572
2,9970,10,2142,6,28573
2,9970,11,2142,1,28574
2,9970,17,2142,2,28575
2,9970,25,2142,2,28576
2,9971,1,2142,1,28577
2,9971,2,2142,3,28578
2,9971,3,2142,3,28579
2,9971,4,2142,9,28580
2,9971,6,2142,3,28581
2,9971,7,2142,3,28582
2,9971,8,2142,3,28583
2,9971,9,2142,1,28584
2,9971,10,2142,7,28585
2,9971,11,2142,1,28586
2,9971,17,2142,1,28587
2,9971,40,2142,3,28588
2,9972,1,2142,1,28589
2,9972,2,2142,1,28590
2,9972,3,2142,1,28591
2,9972,4,2142,6,28592
2,9972,6,2142,1,28593
2,9972,7,2142,3,28594
2,9972,8,2142,3,28595
2,9972,9,2142,1,28596
2,9972,10,2142,5,28597
2,9972,11,2142,1,28598
2,9972,25,2142,1,28599
2,9973,10,2142,6,28600
2,9974,10,2142,3,28601
2,9974,20,2142,2,28602
2,9974,21,2142,2,28603
2,9974,22,2142,60,28604
2,9974,24,2142,10,28605
2,9974,32,2142,3,28606
2,9974,33,2142,16,28607
2,9974,34,2142,40,28608
2,9974,36,2142,3,28609
2,9974,54,2142,2,28610
2,9974,58,2142,2,28611
2,9975,31,2142,12,28612
2,9975,57,2142,8,28613
2,9975,62,2142,20,28614
2,9976,1,2142,1,28615
2,9976,7,2142,1,28616
2,9976,8,2142,1,28617
2,9976,9,2142,1,28618
2,9976,10,2142,1,28619
2,9976,24,2142,19,28620
2,9976,34,2142,1,28621
2,9977,10,2143,1,28622
2,9978,10,2143,1,28623
2,9979,10,2143,4,28624
2,9980,1,2143,1,28625
2,9980,10,2143,5,28626
2,9981,10,2143,3,28627
2,9981,20,2143,2,28628
2,9981,21,2143,2,28629
2,9981,22,2143,40,28630
2,9981,24,2143,13,28631
2,9981,32,2143,2,28632
2,9981,33,2143,16,28633
2,9981,34,2143,20,28634
2,9981,36,2143,2,28635
2,9981,54,2143,3,28636
2,9981,58,2143,2,28637
2,9982,2,2143,2,28638
2,9982,3,2143,8,28639
2,9982,4,2143,8,28640
2,9982,6,2143,4,28641
2,9982,7,2143,6,28642
2,9982,8,2143,5,28643
2,9982,9,2143,2,28644
2,9982,10,2143,7,28645
2,9982,11,2143,2,28646
2,9982,12,2143,2,28647
2,9982,18,2143,3,28648
2,9983,1,2143,1,28649
2,9983,10,2143,1,28650
2,9984,10,2143,1,28651
2,9985,10,2143,1,28652
2,9986,10,2143,3,28653
2,9987,10,2144,1,28654
2,9988,10,2144,4,28655
2,9989,1,2144,1,28656
2,9989,2,2144,2,28657
2,9989,3,2144,2,28658
2,9989,6,2144,2,28659
2,9989,7,2144,4,28660
2,9989,8,2144,5,28661
2,9989,9,2144,1,28662
2,9989,10,2144,5,28663
2,9989,11,2144,1,28664
2,9989,18,2144,3,28665
2,9990,10,2144,4,28666
2,9991,10,2144,5,28667
2,9992,10,2145,4,28668
2,9993,10,2145,1,28669
2,9994,10,2145,1,28670
2,9995,1,2145,1,28671
2,9995,2,2145,6,28672
2,9995,3,2145,2,28673
2,9995,4,2145,6,28674
2,9995,6,2145,8,28675
2,9995,7,2145,4,28676
2,9995,8,2145,4,28677
2,9995,9,2145,1,28678
2,9995,10,2145,9,28679
2,9995,11,2145,1,28680
2,9995,12,2145,1,28681
2,9995,18,2145,5,28682
2,9996,1,2145,2,28683
2,9996,2,2145,2,28684
2,9996,3,2145,1,28685
2,9996,4,2145,3,28686
2,9996,6,2145,4,28687
2,9996,7,2145,4,28688
2,9996,8,2145,4,28689
2,9996,9,2145,1,28690
2,9996,10,2145,7,28691
2,9996,11,2145,1,28692
2,9996,18,2145,1,28693
2,9996,25,2145,2,28694
2,9997,10,2145,6,28695
2,9998,10,2145,1,28696
2,9999,10,2146,1,28697
2,10000,1,2146,1,28698
2,10000,2,2146,1,28699
2,10000,3,2146,6,28700
2,10000,4,2146,10,28701
2,10000,6,2146,3,28702
2,10000,7,2146,4,28703
2,10000,8,2146,4,28704
2,10000,9,2146,2,28705
2,10000,10,2146,17,28706
2,10000,11,2146,1,28707
2,10000,18,2146,4,28708
2,10001,1,2147,1,28709
2,10001,2,2147,20,28710
2,10001,3,2147,21,28711
2,10001,4,2147,120,28712
2,10001,6,2147,16,28713
2,10001,7,2147,31,28714
2,10001,8,2147,30,28715
2,10001,9,2147,5,28716
2,10001,10,2147,6,28717
2,10001,11,2147,2,28718
2,10001,13,2147,2,28719
2,10001,14,2147,7,28720
2,10001,16,2147,6,28721
2,10001,17,2147,1,28722
2,10001,25,2147,2,28723
2,10001,42,2147,12,28724
2,10001,43,2147,11,28725
2,10001,44,2147,28,28726
2,10001,45,2147,15,28727
2,10001,50,2147,8,28728
2,10002,1,2147,1,28729
2,10002,3,2147,3,28730
2,10002,4,2147,28,28731
2,10002,10,2147,10,28732
2,10002,30,2147,16,28733
2,10002,40,2147,1,28734
2,10002,46,2147,1,28735
2,10003,1,2147,3,28736
2,10003,2,2147,8,28737
2,10003,3,2147,6,28738
2,10003,4,2147,7,28739
2,10003,6,2147,7,28740
2,10003,7,2147,4,28741
2,10003,8,2147,8,28742
2,10003,9,2147,5,28743
2,10003,10,2147,59,28744
2,10003,11,2147,2,28745
2,10003,12,2147,2,28746
2,10003,18,2147,4,28747
2,10004,1,2147,1,28748
2,10004,10,2147,6,28749
2,10004,23,2147,75,28750
2,10005,1,2147,1,28751
2,10005,10,2147,1,28752
2,10006,1,2147,4,28753
2,10006,2,2147,12,28754
2,10006,3,2147,22,28755
2,10006,4,2147,70,28756
2,10006,5,2147,1,28757
2,10006,6,2147,15,28758
2,10006,7,2147,13,28759
2,10006,8,2147,16,28760
2,10006,9,2147,3,28761
2,10006,10,2147,7,28762
2,10006,11,2147,1,28763
2,10006,17,2147,2,28764
2,10006,18,2147,1,28765
2,10006,19,2147,12,28766
2,10006,25,2147,1,28767
2,10006,28,2147,23,28768
2,10006,29,2147,6,28769
2,10006,37,2147,2,28770
2,10007,1,2147,2,28771
2,10007,10,2147,8,28772
2,10008,10,2147,5,28773
2,10009,10,2147,5,28774
2,10009,18,2147,2,28775
2,10009,25,2147,1,28776
2,10010,3,2147,3,28777
2,10010,4,2147,38,28778
2,10010,10,2147,8,28779
2,10010,17,2147,4,28780
2,10010,19,2147,3,28781
2,10010,25,2147,1,28782
2,10010,28,2147,9,28783
2,10011,1,2147,1,28784
2,10011,4,2147,3,28785
2,10011,10,2147,7,28786
2,10011,17,2147,4,28787
2,10012,10,2147,2,28788
2,10013,1,2147,2,28789
2,10013,2,2147,6,28790
2,10013,3,2147,12,28791
2,10013,4,2147,113,28792
2,10013,6,2147,15,28793
2,10013,7,2147,27,28794
2,10013,8,2147,28,28795
2,10013,9,2147,7,28796
2,10013,10,2147,9,28797
2,10013,11,2147,1,28798
2,10013,17,2147,6,28799
2,10013,18,2147,1,28800
2,10013,19,2147,10,28801
2,10013,25,2147,5,28802
2,10013,26,2147,4,28803
2,10013,27,2147,3,28804
2,10013,28,2147,21,28805
2,10013,29,2147,6,28806
2,10013,39,2147,7,28807
2,10014,1,2147,1,28808
2,10014,10,2147,2,28809
2,10014,20,2147,21,28810
2,10014,22,2147,5,28811
2,10014,24,2147,25,28812
2,10014,33,2147,7,28813
2,10014,34,2147,5,28814
2,10014,54,2147,2,28815
2,10014,58,2147,5,28816
2,10015,1,2147,1,28817
2,10015,10,2147,13,28818
2,10015,17,2147,1,28819
2,10016,1,2147,1,28820
2,10016,10,2147,1,28821
2,10016,23,2147,25,28822
2,10017,10,2147,1,28823
2,10018,1,2147,1,28824
2,10018,2,2147,3,28825
2,10018,3,2147,6,28826
2,10018,4,2147,42,28827
2,10018,6,2147,4,28828
2,10018,7,2147,5,28829
2,10018,8,2147,4,28830
2,10018,9,2147,2,28831
2,10018,10,2147,13,28832
2,10018,11,2147,1,28833
2,10018,17,2147,3,28834
2,10018,18,2147,1,28835
2,10018,19,2147,1,28836
2,10018,25,2147,1,28837
2,10018,26,2147,1,28838
2,10018,27,2147,3,28839
2,10018,28,2147,4,28840
2,10018,29,2147,5,28841
2,10018,37,2147,1,28842
2,10019,10,2147,9,28843
2,10020,1,2147,2,28844
2,10020,10,2147,51,28845
2,10020,12,2147,3,28846
2,10020,20,2147,1,28847
2,10020,24,2147,26,28848
2,10020,32,2147,15,28849
2,10020,33,2147,34,28850
2,10020,36,2147,15,28851
2,10020,54,2147,5,28852
2,10021,10,2147,5,28853
2,10021,12,2147,1,28854
2,10022,10,2147,9,28855
2,10023,10,2147,2,28856
2,10024,10,2147,6,28857
2,10025,1,2147,1,28858
2,10025,2,2147,11,28859
2,10025,3,2147,2,28860
2,10025,4,2147,16,28861
2,10025,6,2147,3,28862
2,10025,7,2147,10,28863
2,10025,8,2147,10,28864
2,10025,9,2147,2,28865
2,10025,10,2147,1,28866
2,10025,11,2147,1,28867
2,10025,17,2147,2,28868
2,10025,19,2147,5,28869
2,10025,27,2147,2,28870
2,10025,28,2147,10,28871
2,10025,38,2147,3,28872
2,10025,39,2147,5,28873
2,10026,1,2147,4,28874
2,10026,10,2147,4,28875
2,10027,1,2147,1,28876
2,10027,10,2147,3,28877
2,10027,30,2147,9,28878
2,10028,1,2147,1,28879
2,10028,10,2147,4,28880
2,10028,23,2147,19,28881
2,10029,10,2147,7,28882
2,10030,10,2147,1,28883
2,10031,1,2147,1,28884
2,10031,10,2147,1,28885
2,10032,1,2147,1,28886
2,10032,10,2147,6,28887
2,10032,17,2147,1,28888
2,10033,1,2147,1,28889
2,10033,10,2147,4,28890
2,10034,1,2147,1,28891
2,10034,4,2147,19,28892
2,10034,7,2147,1,28893
2,10034,8,2147,2,28894
2,10034,9,2147,2,28895
2,10034,10,2147,2,28896
2,10034,19,2147,2,28897
2,10034,28,2147,16,28898
2,10035,3,2147,50,28899
2,10035,9,2147,2,28900
2,10035,10,2147,2,28901
2,10035,15,2147,2,28902
2,10035,17,2147,1,28903
2,10035,26,2147,1,28904
2,10035,27,2147,1,28905
2,10035,38,2147,1,28906
2,10035,39,2147,1,28907
2,10035,47,2147,4,28908
2,10035,48,2147,7,28909
2,10035,49,2147,3,28910
2,10036,30,2147,6,28911
2,10037,10,2147,5,28912
2,10038,17,2147,1,28913
2,10039,10,2147,12,28914
2,10039,17,2147,2,28915
2,10040,1,2147,1,28916
2,10040,10,2147,2,28917
2,10040,20,2147,5,28918
2,10040,21,2147,5,28919
2,10040,22,2147,10,28920
2,10040,24,2147,40,28921
2,10040,32,2147,10,28922
2,10040,33,2147,25,28923
2,10040,34,2147,10,28924
2,10040,36,2147,10,28925
2,10041,10,2147,2,28926
2,10042,10,2147,14,28927
2,10043,18,2147,3,28928
2,10043,25,2147,6,28929
2,10044,10,2147,1,28930
2,10045,10,2147,1,28931
2,10045,17,2147,2,28932
2,10046,1,2147,12,28933
2,10046,10,2147,26,28934
2,10047,25,2147,1,28935
2,10048,10,2147,9,28936
2,10048,17,2147,1,28937
2,10049,10,2147,4,28938
2,10050,10,2147,3,28939
2,10051,1,2147,1,28940
2,10051,10,2147,2,28941
2,10052,17,2147,1,28942
2,10053,1,2147,1,28943
2,10053,10,2147,1,28944
2,10054,10,2147,1,28945
2,10055,1,2147,1,28946
2,10055,10,2147,1,28947
2,10056,1,2147,1,28948
2,10056,10,2147,8,28949
2,10056,30,2147,20,28950
2,10057,10,2147,1,28951
2,10058,4,2147,30,28952
2,10058,6,2147,1,28953
2,10058,7,2147,4,28954
2,10058,8,2147,4,28955
2,10058,9,2147,1,28956
2,10058,10,2147,3,28957
2,10058,16,2147,1,28958
2,10058,17,2147,2,28959
2,10058,18,2147,2,28960
2,10058,19,2147,2,28961
2,10058,28,2147,4,28962
2,10059,10,2147,4,28963
2,10060,1,2147,1,28964
2,10060,4,2147,6,28965
2,10060,10,2147,5,28966
2,10060,17,2147,1,28967
2,10061,10,2147,1,28968
2,10062,10,2147,4,28969
2,10063,1,2147,2,28970
2,10063,10,2147,4,28971
2,10064,1,2147,1,28972
2,10064,10,2147,3,28973
2,10064,30,2147,4,28974
2,10065,10,2147,1,28975
2,10065,40,2147,15,28976
2,10065,55,2147,10,28977
2,10066,10,2147,1,28978
2,10066,17,2147,1,28979
2,10067,1,2147,1,28980
2,10067,10,2147,7,28981
2,10067,17,2147,1,28982
2,10068,10,2147,1,28983
2,10068,21,2147,1,28984
2,10069,1,2147,1,28985
2,10069,10,2147,1,28986
2,10070,1,2147,2,28987
2,10070,2,2147,7,28988
2,10070,3,2147,24,28989
2,10070,4,2147,122,28990
2,10070,5,2147,25,28991
2,10070,6,2147,22,28992
2,10070,7,2147,22,28993
2,10070,8,2147,23,28994
2,10070,9,2147,3,28995
2,10070,10,2147,10,28996
2,10070,11,2147,1,28997
2,10070,17,2147,5,28998
2,10070,18,2147,1,28999
2,10070,19,2147,9,29000
2,10070,26,2147,10,29001
2,10070,27,2147,12,29002
2,10070,28,2147,20,29003
2,10070,37,2147,6,29004
2,10070,47,2147,15,29005
2,10070,48,2147,12,29006
2,10071,1,2147,1,29007
2,10071,10,2147,26,29008
2,10072,1,2147,1,29009
2,10072,10,2147,1,29010
2,10073,10,2147,3,29011
2,10074,10,2147,3,29012
2,10075,10,2147,4,29013
2,10076,1,2147,1,29014
2,10076,10,2147,4,29015
2,10076,23,2147,38,29016
2,10077,1,2147,2,29017
2,10077,10,2147,1,29018
2,10078,10,2147,1,29019
2,10079,10,2147,6,29020
2,10080,1,2147,2,29021
2,10080,10,2147,7,29022
2,10080,40,2147,10,29023
2,10080,55,2147,15,29024
2,10081,1,2147,2,29025
2,10081,10,2147,13,29026
2,10082,10,2147,1,29027
2,10083,1,2147,1,29028
2,10083,10,2147,3,29029
2,10084,10,2147,2,29030
2,10085,1,2147,1,29031
2,10085,10,2147,1,29032
2,10086,1,2147,1,29033
2,10086,10,2147,7,29034
2,10086,12,2147,2,29035
2,10087,10,2147,1,29036
2,10088,10,2147,6,29037
2,10089,25,2147,4,29038
2,10090,18,2147,1,29039
2,10090,25,2147,8,29040
2,10091,1,2147,1,29041
2,10091,10,2147,1,29042
2,10092,10,2147,5,29043
2,10093,1,2147,1,29044
2,10093,10,2147,18,29045
2,10094,10,2147,13,29046
2,10095,10,2147,1,29047
2,10096,25,2147,1,29048
2,10097,1,2147,1,29049
2,10097,10,2147,3,29050
2,10097,17,2147,1,29051
2,10097,30,2147,7,29052
2,10098,1,2147,1,29053
2,10098,2,2147,7,29054
2,10098,3,2147,9,29055
2,10098,4,2147,45,29056
2,10098,6,2147,11,29057
2,10098,7,2147,23,29058
2,10098,8,2147,30,29059
2,10098,9,2147,2,29060
2,10098,10,2147,13,29061
2,10098,11,2147,1,29062
2,10098,17,2147,4,29063
2,10098,19,2147,4,29064
2,10098,26,2147,1,29065
2,10098,27,2147,1,29066
2,10098,28,2147,12,29067
2,10098,29,2147,2,29068
2,10098,37,2147,2,29069
2,10098,38,2147,4,29070
2,10098,39,2147,1,29071
2,10099,10,2147,1,29072
2,10099,12,2147,1,29073
2,10100,10,2147,1,29074
2,10101,1,2147,1,29075
2,10101,10,2147,1,29076
2,10102,4,2147,11,29077
2,10103,1,2147,1,29078
2,10103,4,2147,3,29079
2,10103,10,2147,1,29080
2,10103,40,2147,3,29081
2,10104,10,2147,2,29082
2,10105,1,2147,1,29083
2,10105,10,2147,2,29084
2,10106,1,2147,1,29085
2,10107,18,2147,2,29086
2,10107,25,2147,3,29087
2,10108,10,2147,1,29088
2,10109,10,2147,4,29089
2,10110,10,2147,1,29090
2,10111,10,2147,5,29091
2,10112,1,2147,2,29092
2,10112,10,2147,3,29093
2,10113,10,2147,6,29094
2,10114,10,2147,4,29095
2,10115,10,2147,3,29096
2,10116,10,2147,1,29097
2,10117,10,2147,2,29098
2,10118,18,2147,1,29099
2,10118,25,2147,1,29100
2,10119,1,2147,1,29101
2,10119,10,2147,5,29102
2,10119,17,2147,1,29103
2,10120,1,2147,1,29104
2,10121,10,2147,1,29105
2,10122,1,2147,1,29106
2,10122,10,2147,1,29107
2,10122,25,2147,5,29108
2,10123,1,2147,1,29109
2,10123,4,2147,5,29110
2,10123,10,2147,1,29111
2,10123,17,2147,2,29112
2,10124,10,2147,3,29113
2,10125,1,2147,1,29114
2,10125,10,2147,2,29115
2,10126,10,2147,8,29116
2,10127,1,2147,1,29117
2,10127,10,2147,1,29118
2,10128,1,2147,1,29119
2,10128,10,2147,1,29120
2,10129,1,2147,2,29121
2,10129,10,2147,35,29122
2,10130,10,2147,3,29123
2,10131,10,2147,2,29124
2,10132,10,2147,5,29125
2,10132,20,2147,2,29126
2,10132,21,2147,2,29127
2,10132,24,2147,33,29128
2,10132,32,2147,2,29129
2,10132,33,2147,13,29130
2,10132,36,2147,2,29131
2,10133,10,2147,1,29132
2,10133,12,2147,1,29133
2,10133,40,2147,9,29134
2,10133,55,2147,9,29135
2,10134,10,2147,1,29136
2,10135,1,2147,11,29137
2,10135,10,2147,1,29138
2,10136,10,2147,2,29139
2,10137,10,2147,1,29140
2,10138,1,2147,1,29141
2,10138,10,2147,12,29142
2,10139,10,2147,1,29143
2,10140,1,2147,1,29144
2,10140,10,2147,1,29145
2,10141,10,2147,2,29146
2,10142,18,2147,1,29147
2,10143,1,2147,1,29148
2,10143,10,2147,1,29149
2,10144,10,2147,3,29150
2,10145,10,2147,2,29151
2,10146,4,2147,12,29152
2,10146,10,2147,2,29153
2,10146,16,2147,1,29154
2,10146,17,2147,1,29155
2,10147,10,2147,1,29156
2,10148,10,2147,7,29157
2,10149,10,2147,2,29158
2,10149,17,2147,2,29159
2,10150,1,2147,1,29160
2,10150,10,2147,1,29161
2,10151,10,2147,6,29162
2,10152,7,2147,6,29163
2,10152,8,2147,6,29164
2,10152,9,2147,1,29165
2,10152,10,2147,2,29166
2,10152,20,2147,10,29167
2,10152,24,2147,25,29168
2,10152,32,2147,10,29169
2,10152,33,2147,15,29170
2,10152,34,2147,30,29171
2,10152,58,2147,10,29172
2,10153,10,2147,3,29173
2,10154,1,2147,1,29174
2,10154,10,2147,1,29175
2,10154,18,2147,1,29176
2,10154,25,2147,2,29177
2,10154,40,2147,1,29178
2,10155,10,2147,1,29179
2,10156,1,2147,1,29180
2,10156,10,2147,1,29181
2,10157,10,2147,9,29182
2,10157,40,2147,3,29183
2,10158,1,2147,1,29184
2,10158,10,2147,1,29185
2,10159,10,2147,1,29186
2,10160,10,2147,9,29187
2,10160,17,2147,1,29188
2,10160,40,2147,1,29189
2,10161,10,2147,5,29190
2,10162,1,2147,1,29191
2,10162,10,2147,7,29192
2,10163,10,2147,3,29193
2,10163,21,2147,3,29194
2,10163,22,2147,60,29195
2,10163,32,2147,10,29196
2,10163,34,2147,30,29197
2,10163,36,2147,23,29198
2,10163,54,2147,2,29199
2,10163,58,2147,2,29200
2,10164,1,2147,1,29201
2,10164,10,2147,1,29202
2,10165,1,2148,1,29203
2,10165,10,2148,1,29204
2,10166,1,2148,1,29205
2,10166,2,2148,4,29206
2,10166,3,2148,4,29207
2,10166,4,2148,8,29208
2,10166,6,2148,1,29209
2,10166,7,2148,3,29210
2,10166,8,2148,3,29211
2,10166,9,2148,1,29212
2,10166,10,2148,12,29213
2,10166,11,2148,1,29214
2,10166,18,2148,5,29215
2,10167,10,2148,5,29216
2,10168,10,2148,6,29217
2,10169,10,2149,1,29218
2,10170,10,2149,1,29219
2,10171,1,2149,1,29220
2,10171,10,2149,1,29221
2,10172,2,2149,1,29222
2,10172,3,2149,3,29223
2,10172,4,2149,5,29224
2,10172,6,2149,3,29225
2,10172,7,2149,3,29226
2,10172,8,2149,3,29227
2,10172,9,2149,1,29228
2,10172,10,2149,12,29229
2,10172,11,2149,1,29230
2,10172,18,2149,3,29231
2,10173,10,2149,1,29232
2,10174,10,2149,5,29233
2,10175,1,2150,1,29234
2,10175,2,2150,1,29235
2,10175,3,2150,1,29236
2,10175,4,2150,3,29237
2,10175,6,2150,1,29238
2,10175,7,2150,1,29239
2,10175,8,2150,1,29240
2,10175,9,2150,1,29241
2,10175,10,2150,5,29242
2,10175,11,2150,1,29243
2,10175,18,2150,3,29244
2,10176,2,2151,1,29245
2,10176,3,2151,1,29246
2,10176,4,2151,4,29247
2,10176,10,2151,1,29248
2,10176,11,2151,1,29249
2,10176,18,2151,2,29250
2,10177,2,2152,1,29251
2,10177,3,2152,2,29252
2,10177,4,2152,5,29253
2,10177,6,2152,1,29254
2,10177,7,2152,3,29255
2,10177,8,2152,3,29256
2,10177,9,2152,1,29257
2,10177,10,2152,1,29258
2,10177,11,2152,1,29259
2,10177,18,2152,3,29260
2,10178,1,2153,1,29261
2,10178,2,2153,2,29262
2,10178,3,2153,2,29263
2,10178,4,2153,5,29264
2,10178,10,2153,3,29265
2,10178,11,2153,1,29266
2,10178,18,2153,3,29267
2,10179,1,2154,1,29268
2,10179,3,2154,2,29269
2,10179,4,2154,6,29270
2,10179,6,2154,2,29271
2,10179,7,2154,2,29272
2,10179,8,2154,2,29273
2,10179,9,2154,1,29274
2,10179,10,2154,5,29275
2,10179,11,2154,1,29276
2,10179,12,2154,1,29277
2,10179,18,2154,3,29278
2,10180,1,2155,2,29279
2,10180,2,2155,3,29280
2,10180,3,2155,2,29281
2,10180,4,2155,5,29282
2,10180,5,2155,6,29283
2,10180,6,2155,3,29284
2,10180,7,2155,2,29285
2,10180,8,2155,3,29286
2,10180,9,2155,3,29287
2,10180,10,2155,10,29288
2,10180,11,2155,2,29289
2,10180,12,2155,1,29290
2,10180,18,2155,4,29291
2,10181,2,2156,3,29292
2,10181,3,2156,3,29293
2,10181,4,2156,6,29294
2,10181,6,2156,2,29295
2,10181,7,2156,2,29296
2,10181,8,2156,2,29297
2,10181,9,2156,1,29298
2,10181,10,2156,2,29299
2,10181,11,2156,1,29300
2,10181,18,2156,5,29301
2,10182,2,2157,1,29302
2,10182,3,2157,1,29303
2,10182,4,2157,1,29304
2,10182,6,2157,1,29305
2,10182,7,2157,2,29306
2,10182,8,2157,2,29307
2,10182,9,2157,2,29308
2,10182,10,2157,1,29309
2,10182,11,2157,1,29310
2,10182,18,2157,2,29311
2,10183,1,2158,2,29312
2,10183,2,2158,1,29313
2,10183,3,2158,2,29314
2,10183,4,2158,4,29315
2,10183,7,2158,2,29316
2,10183,8,2158,2,29317
2,10183,9,2158,1,29318
2,10183,10,2158,2,29319
2,10183,11,2158,1,29320
2,10183,18,2158,3,29321
2,10184,10,2159,8,29322
2,10185,10,2159,6,29323
2,10186,1,2159,1,29324
2,10186,2,2159,14,29325
2,10186,3,2159,10,29326
2,10186,4,2159,27,29327
2,10186,6,2159,5,29328
2,10186,7,2159,7,29329
2,10186,8,2159,10,29330
2,10186,9,2159,3,29331
2,10186,10,2159,14,29332
2,10186,11,2159,2,29333
2,10186,17,2159,2,29334
2,10186,18,2159,1,29335
2,10186,25,2159,1,29336
2,10187,10,1446,2,29337
2,10188,10,2159,6,29338
2,10189,10,2159,1,29339
2,10189,18,2159,1,29340
2,10190,19,2159,4,29341
2,10190,28,2159,7,29342
2,10191,2,2160,2,29343
2,10191,9,2160,1,29344
2,10191,10,2160,1,29345
2,10191,11,2160,1,29346
2,10191,18,2160,3,29347
2,10192,10,2161,7,29348
2,10193,1,2161,1,29349
2,10193,2,2161,2,29350
2,10193,3,2161,3,29351
2,10193,4,2161,4,29352
2,10193,6,2161,1,29353
2,10193,7,2161,1,29354
2,10193,8,2161,1,29355
2,10193,9,2161,1,29356
2,10193,10,2161,2,29357
2,10193,11,2161,1,29358
2,10193,18,2161,5,29359
2,10194,2,2162,1,29360
2,10194,3,2162,2,29361
2,10194,4,2162,4,29362
2,10194,6,2162,1,29363
2,10194,7,2162,2,29364
2,10194,8,2162,1,29365
2,10194,9,2162,1,29366
2,10194,10,2162,4,29367
2,10194,11,2162,1,29368
2,10194,18,2162,2,29369
2,10195,1,2163,1,29370
2,10195,3,2163,2,29371
2,10195,4,2163,4,29372
2,10195,6,2163,1,29373
2,10195,7,2163,1,29374
2,10195,8,2163,1,29375
2,10195,9,2163,1,29376
2,10195,10,2163,3,29377
2,10195,11,2163,1,29378
2,10195,18,2163,3,29379
2,10196,10,1446,9,29380
2,10197,10,1446,1,29381
2,10197,12,1446,1,29382
2,10198,1,1446,1,29383
2,10198,10,1446,1,29384
2,10199,1,1446,2,29385
2,10199,10,1446,1,29386
2,10200,1,1446,1,29387
2,10200,10,1446,8,29388
2,10201,10,1446,8,29389
2,10202,1,1446,4,29390
2,10202,2,1446,12,29391
2,10202,3,1446,28,29392
2,10202,4,1446,91,29393
2,10202,6,1446,7,29394
2,10202,7,1446,17,29395
2,10202,8,1446,16,29396
2,10202,9,1446,5,29397
2,10202,10,1446,32,29398
2,10202,11,1446,1,29399
2,10202,12,1446,1,29400
2,10202,17,1446,6,29401
2,10202,18,1446,1,29402
2,10202,19,1446,7,29403
2,10202,23,1446,2,29404
2,10202,25,1446,3,29405
2,10203,1,1446,1,29406
2,10203,10,1446,1,29407
2,10203,12,1446,1,29408
2,10203,18,1446,1,29409
2,10204,1,1446,1,29410
2,10204,10,1446,1,29411
2,10205,10,1446,4,29412
2,10206,1,1446,1,29413
2,10206,10,1446,1,29414
2,10207,10,1446,1,29415
2,10208,26,1446,9,29416
2,10208,27,1446,3,29417
2,10208,28,1446,14,29418
2,10208,29,1446,6,29419
2,10209,1,1446,1,29420
2,10209,4,1446,12,29421
2,10209,6,1446,2,29422
2,10209,7,1446,4,29423
2,10209,8,1446,3,29424
2,10209,9,1446,1,29425
2,10209,10,1446,1,29426
2,10209,17,1446,1,29427
2,10209,18,1446,1,29428
2,10210,1,1446,2,29429
2,10210,10,1446,10,29430
2,10210,18,1446,1,29431
2,10211,10,1446,1,29432
2,10212,1,1446,1,29433
2,10212,10,1446,1,29434
2,10213,10,1446,1,29435
2,10213,18,1446,1,29436
2,10214,10,1446,2,29437
2,10214,23,1446,10,29438
2,10215,10,1446,1,29439
2,10216,1,1446,1,29440
2,10216,10,1446,6,29441
2,10217,1,2164,1,29442
2,10217,3,2164,1,29443
2,10217,4,2164,5,29444
2,10217,6,2164,1,29445
2,10217,7,2164,1,29446
2,10217,8,2164,1,29447
2,10217,9,2164,1,29448
2,10217,10,2164,3,29449
2,10217,11,2164,1,29450
2,10217,18,2164,2,29451
2,10218,1,2165,1,29452
2,10218,3,2165,3,29453
2,10218,4,2165,3,29454
2,10218,6,2165,1,29455
2,10218,7,2165,2,29456
2,10218,8,2165,2,29457
2,10218,9,2165,1,29458
2,10218,10,2165,4,29459
2,10218,11,2165,1,29460
2,10218,18,2165,2,29461
2,10219,10,2166,6,29462
2,10220,1,2166,1,29463
2,10220,3,2166,2,29464
2,10220,4,2166,22,29465
2,10220,5,2166,1,29466
2,10220,6,2166,3,29467
2,10220,7,2166,3,29468
2,10220,8,2166,3,29469
2,10220,9,2166,4,29470
2,10220,10,2166,11,29471
2,10220,11,2166,1,29472
2,10220,18,2166,5,29473
2,10221,10,2166,1,29474
2,10222,10,2167,4,29475
2,10223,1,2167,1,29476
2,10223,2,2167,5,29477
2,10223,3,2167,4,29478
2,10223,4,2167,10,29479
2,10223,6,2167,2,29480
2,10223,7,2167,3,29481
2,10223,8,2167,3,29482
2,10223,9,2167,2,29483
2,10223,10,2167,4,29484
2,10223,11,2167,1,29485
2,10223,18,2167,3,29486
2,10224,10,2167,7,29487
2,10225,10,2167,1,29488
2,10226,2,2168,1,29489
2,10226,3,2168,1,29490
2,10226,4,2168,4,29491
2,10226,9,2168,1,29492
2,10226,10,2168,3,29493
2,10226,11,2168,1,29494
2,10226,18,2168,3,29495
2,10227,10,2169,1,29496
2,10227,23,2169,15,29497
2,10228,1,2169,1,29498
2,10228,10,2169,1,29499
2,10229,4,2169,8,29500
2,10229,7,2169,4,29501
2,10229,8,2169,4,29502
2,10229,9,2169,2,29503
2,10229,10,2169,1,29504
2,10230,1,2169,3,29505
2,10230,2,2169,18,29506
2,10230,3,2169,8,29507
2,10230,4,2169,26,29508
2,10230,6,2169,10,29509
2,10230,7,2169,10,29510
2,10230,8,2169,10,29511
2,10230,9,2169,3,29512
2,10230,10,2169,18,29513
2,10230,11,2169,1,29514
2,10230,17,2169,3,29515
2,10230,18,2169,4,29516
2,10230,25,2169,1,29517
2,10231,1,1473,1,29518
2,10231,10,1473,6,29519
2,10231,23,1473,33,29520
2,10232,17,2169,1,29521
2,10232,19,2169,10,29522
2,10232,25,2169,1,29523
2,10232,44,2169,9,29524
2,10233,10,2169,1,29525
2,10234,1,2169,2,29526
2,10234,10,2169,4,29527
2,10235,10,1473,1,29528
2,10236,10,1473,2,29529
2,10236,30,1473,5,29530
2,10237,10,1473,2,29531
2,10238,10,1473,1,29532
2,10239,18,1473,2,29533
2,10240,10,1473,1,29534
2,10241,10,1473,6,29535
2,10241,40,1473,1,29536
2,10242,10,1473,1,29537
2,10243,10,1473,1,29538
2,10244,10,1473,2,29539
2,10245,10,1473,5,29540
2,10245,17,1473,1,29541
2,10246,1,1473,1,29542
2,10246,10,1473,5,29543
2,10247,1,1473,1,29544
2,10247,10,1473,39,29545
2,10248,1,1473,2,29546
2,10248,4,1473,38,29547
2,10248,6,1473,2,29548
2,10248,7,1473,10,29549
2,10248,8,1473,6,29550
2,10248,9,1473,5,29551
2,10248,10,1473,6,29552
2,10248,17,1473,2,29553
2,10248,19,1473,1,29554
2,10248,28,1473,7,29555
2,10249,1,1473,3,29556
2,10249,3,1473,11,29557
2,10249,4,1473,26,29558
2,10249,6,1473,19,29559
2,10249,7,1473,17,29560
2,10249,8,1473,18,29561
2,10249,9,1473,11,29562
2,10249,10,1473,87,29563
2,10249,11,1473,2,29564
2,10249,12,1473,1,29565
2,10249,17,1473,2,29566
2,10249,18,1473,4,29567
2,10249,24,1473,17,29568
2,10249,25,1473,1,29569
2,10250,10,1473,3,29570
2,10251,10,1473,6,29571
2,10251,24,1473,39,29572
2,10252,10,1473,9,29573
2,10253,1,1473,1,29574
2,10253,10,1473,1,29575
2,10253,12,1473,1,29576
2,10253,18,1473,6,29577
2,10253,25,1473,4,29578
2,10254,2,1473,9,29579
2,10254,3,1473,1,29580
2,10254,4,1473,11,29581
2,10254,10,1473,1,29582
2,10254,11,1473,1,29583
2,10254,17,1473,2,29584
2,10255,10,1473,1,29585
2,10256,1,1473,1,29586
2,10256,4,1473,137,29587
2,10256,6,1473,9,29588
2,10256,7,1473,15,29589
2,10256,8,1473,13,29590
2,10256,9,1473,4,29591
2,10256,10,1473,7,29592
2,10256,17,1473,4,29593
2,10256,19,1473,10,29594
2,10256,28,1473,35,29595
2,10257,10,1473,6,29596
2,10258,4,1473,24,29597
2,10258,6,1473,1,29598
2,10258,7,1473,3,29599
2,10258,8,1473,3,29600
2,10258,9,1473,2,29601
2,10258,10,1473,5,29602
2,10258,17,1473,3,29603
2,10258,18,1473,2,29604
2,10258,19,1473,5,29605
2,10258,28,1473,9,29606
2,10259,1,1473,1,29607
2,10259,10,1473,1,29608
2,10260,1,1473,2,29609
2,10260,3,1473,8,29610
2,10260,4,1473,68,29611
2,10260,10,1473,15,29612
2,10260,14,1473,5,29613
2,10260,17,1473,5,29614
2,10260,44,1473,10,29615
2,10261,1,1473,1,29616
2,10261,10,1473,6,29617
2,10262,10,1473,1,29618
2,10262,12,1473,1,29619
2,10262,18,1473,3,29620
2,10263,1,1473,3,29621
2,10263,2,1473,17,29622
2,10263,3,1473,25,29623
2,10263,4,1473,121,29624
2,10263,6,1473,8,29625
2,10263,7,1473,20,29626
2,10263,8,1473,20,29627
2,10263,9,1473,4,29628
2,10263,10,1473,19,29629
2,10263,11,1473,2,29630
2,10263,17,1473,7,29631
2,10263,18,1473,2,29632
2,10263,19,1473,8,29633
2,10263,23,1473,7,29634
2,10263,24,1473,17,29635
2,10263,25,1473,2,29636
2,10263,26,1473,10,29637
2,10263,27,1473,10,29638
2,10263,28,1473,43,29639
2,10263,29,1473,13,29640
2,10263,30,1473,5,29641
2,10263,46,1473,1,29642
2,10263,47,1473,2,29643
2,10263,48,1473,6,29644
2,10264,3,1473,3,29645
2,10264,4,1473,76,29646
2,10264,11,1473,1,29647
2,10264,14,1473,1,29648
2,10264,16,1473,3,29649
2,10264,35,1473,6,29650
2,10264,42,1473,7,29651
2,10264,43,1473,4,29652
2,10264,44,1473,14,29653
2,10264,45,1473,3,29654
2,10265,10,1473,4,29655
2,10265,23,1473,62,29656
2,10266,1,1473,1,29657
2,10266,10,1473,1,29658
2,10267,1,1473,3,29659
2,10267,10,1473,3,29660
2,10268,10,1473,1,29661
2,10269,10,1473,1,29662
2,10270,18,1473,1,29663
2,10271,10,1473,4,29664
2,10272,10,1473,9,29665
2,10273,10,1473,1,29666
2,10274,10,1473,1,29667
2,10275,10,1473,6,29668
2,10275,17,1473,1,29669
2,10276,1,1473,1,29670
2,10276,10,1473,1,29671
2,10277,18,1473,1,29672
2,10278,10,1473,16,29673
2,10278,12,1473,1,29674
2,10279,10,1473,1,29675
2,10280,10,1473,2,29676
2,10281,1,1473,2,29677
2,10281,4,1473,12,29678
2,10281,10,1473,7,29679
2,10281,17,1473,2,29680
2,10282,3,1473,2,29681
2,10282,4,1473,15,29682
2,10282,5,1473,1,29683
2,10282,10,1473,13,29684
2,10282,11,1473,1,29685
2,10282,14,1473,5,29686
2,10282,17,1473,2,29687
2,10282,26,1473,17,29688
2,10282,27,1473,10,29689
2,10282,29,1473,7,29690
2,10282,44,1473,8,29691
2,10282,47,1473,1,29692
2,10282,48,1473,1,29693
2,10283,10,1473,1,29694
2,10284,4,1473,4,29695
2,10284,10,1473,1,29696
2,10284,17,1473,2,29697
2,10285,10,1473,1,29698
2,10286,10,1473,3,29699
2,10287,10,1473,1,29700
2,10288,10,1473,1,29701
2,10289,1,1473,3,29702
2,10290,10,1473,3,29703
2,10291,10,1473,1,29704
2,10292,10,1473,3,29705
2,10293,10,1473,5,29706
2,10294,10,1473,1,29707
2,10295,10,1473,3,29708
2,10295,20,1473,45,29709
2,10295,33,1473,45,29710
2,10296,10,1473,1,29711
2,10297,10,1473,2,29712
2,10298,10,1473,1,29713
2,10299,10,1473,3,29714
2,10300,10,1473,1,29715
2,10301,1,1473,1,29716
2,10301,10,1473,3,29717
2,10301,23,1473,68,29718
2,10302,1,1473,1,29719
2,10302,10,1473,2,29720
2,10303,10,1473,2,29721
2,10304,10,1473,1,29722
2,10305,1,1473,1,29723
2,10305,10,1473,1,29724
2,10306,10,1473,1,29725
2,10307,10,1473,1,29726
2,10308,1,1473,2,29727
2,10308,10,1473,1,29728
2,10309,10,1473,6,29729
2,10310,10,1473,1,29730
2,10311,1,1473,1,29731
2,10311,10,1473,1,29732
2,10312,10,1473,5,29733
2,10313,10,1473,12,29734
2,10314,3,1473,4,29735
2,10314,4,1473,72,29736
2,10314,6,1473,4,29737
2,10314,7,1473,9,29738
2,10314,8,1473,9,29739
2,10314,9,1473,10,29740
2,10314,10,1473,5,29741
2,10314,17,1473,3,29742
2,10314,19,1473,2,29743
2,10314,28,1473,12,29744
2,10315,1,1473,1,29745
2,10315,10,1473,5,29746
2,10316,10,1473,1,29747
2,10317,1,1473,1,29748
2,10317,10,1473,1,29749
2,10317,30,1473,10,29750
2,10318,1,1473,1,29751
2,10318,10,1473,5,29752
2,10318,12,1473,1,29753
2,10318,17,1473,1,29754
2,10319,10,1473,2,29755
2,10320,10,1473,4,29756
2,10321,10,1473,2,29757
2,10322,1,1473,1,29758
2,10322,10,1473,1,29759
2,10322,40,1473,7,29760
2,10322,55,1473,6,29761
2,10323,1,1473,1,29762
2,10323,10,1473,1,29763
2,10324,10,1473,4,29764
2,10325,10,1473,1,29765
2,10326,1,1473,5,29766
2,10326,10,1473,4,29767
2,10327,10,1473,7,29768
2,10328,1,1473,1,29769
2,10328,10,1473,23,29770
2,10329,18,1473,1,29771
2,10330,10,1473,1,29772
2,10331,10,1473,2,29773
2,10332,10,1473,5,29774
2,10333,10,1473,1,29775
2,10334,10,1473,1,29776
2,10335,1,1473,1,29777
2,10335,10,1473,1,29778
2,10336,10,1473,1,29779
2,10336,17,1473,1,29780
2,10337,18,1473,1,29781
2,10338,10,1473,10,29782
2,10339,10,1473,5,29783
2,10340,10,1473,4,29784
2,10341,10,1473,1,29785
2,10342,10,1473,1,29786
2,10343,1,1473,1,29787
2,10343,10,1473,1,29788
2,10344,10,1473,4,29789
2,10345,1,1473,1,29790
2,10345,10,1473,1,29791
2,10346,1,1473,2,29792
2,10346,10,1473,59,29793
2,10347,10,1473,5,29794
2,10348,10,1473,5,29795
2,10349,1,1473,3,29796
2,10349,3,1473,11,29797
2,10349,4,1473,20,29798
2,10349,10,1473,16,29799
2,10349,17,1473,3,29800
2,10349,18,1473,1,29801
2,10349,19,1473,10,29802
2,10349,25,1473,1,29803
2,10349,28,1473,10,29804
2,10349,30,1473,13,29805
2,10349,41,1473,5,29806
2,10349,46,1473,2,29807
2,10349,47,1473,4,29808
2,10349,48,1473,4,29809
2,10349,56,1473,4,29810
2,10350,10,1473,6,29811
2,10351,12,1473,2,29812
2,10351,18,1473,2,29813
2,10351,25,1473,2,29814
2,10352,18,1473,7,29815
2,10353,10,1473,2,29816
2,10354,1,1473,1,29817
2,10354,10,1473,4,29818
2,10355,10,1473,1,29819
2,10356,10,1473,1,29820
2,10357,10,1473,1,29821
2,10358,10,1473,1,29822
2,10359,10,1473,5,29823
2,10360,1,1473,1,29824
2,10360,10,1473,1,29825
2,10361,10,1473,1,29826
2,10362,10,1473,1,29827
2,10363,10,1473,4,29828
2,10364,10,1473,1,29829
2,10365,10,1473,6,29830
2,10366,1,1473,1,29831
2,10366,10,1473,1,29832
2,10367,10,1473,1,29833
2,10368,10,1473,1,29834
2,10369,1,1473,2,29835
2,10370,1,1473,3,29836
2,10370,10,1473,1,29837
2,10371,1,1473,1,29838
2,10371,10,1473,2,29839
2,10372,1,1473,1,29840
2,10372,10,1473,1,29841
2,10372,18,1473,2,29842
2,10373,10,1473,1,29843
2,10374,1,1473,1,29844
2,10374,10,1473,5,29845
2,10375,10,1473,15,29846
2,10376,1,1473,1,29847
2,10377,1,1473,2,29848
2,10377,10,1473,3,29849
2,10378,1,1473,1,29850
2,10379,10,1473,4,29851
2,10380,10,1473,1,29852
2,10381,10,1473,3,29853
2,10382,10,1473,1,29854
2,10383,10,1473,1,29855
2,10384,18,1473,2,29856
2,10385,1,1473,1,29857
2,10385,10,1473,3,29858
2,10386,1,1473,1,29859
2,10386,10,1473,1,29860
2,10387,18,1473,8,29861
2,10387,25,1473,6,29862
2,10388,1,1473,1,29863
2,10388,10,1473,1,29864
2,10389,10,1473,2,29865
2,10390,10,1473,5,29866
2,10391,10,1473,1,29867
2,10392,1,1473,1,29868
2,10392,10,1473,1,29869
2,10393,1,1473,1,29870
2,10393,10,1473,1,29871
2,10394,1,1473,1,29872
2,10394,10,1473,1,29873
2,10395,1,1473,1,29874
2,10395,10,1473,61,29875
2,10396,10,1473,1,29876
2,10397,10,1473,1,29877
2,10398,10,1473,1,29878
2,10399,1,1473,1,29879
2,10399,10,1473,6,29880
2,10400,10,1473,1,29881
2,10401,10,1473,1,29882
2,10402,10,1473,1,29883
2,10403,10,1473,1,29884
2,10404,10,1473,4,29885
2,10405,25,1473,2,29886
2,10406,1,1473,3,29887
2,10406,10,1473,41,29888
2,10406,17,1473,1,29889
2,10407,10,1473,3,29890
2,10408,1,1473,1,29891
2,10409,1,1473,1,29892
2,10409,10,1473,1,29893
2,10410,10,1473,1,29894
2,10411,1,1473,1,29895
2,10411,10,1473,2,29896
2,10412,1,1473,1,29897
2,10412,10,1473,2,29898
2,10413,10,1473,2,29899
2,10414,10,1473,1,29900
2,10415,12,1473,1,29901
2,10415,18,1473,2,29902
2,10416,10,1473,1,29903
2,10417,1,1473,1,29904
2,10417,4,1473,32,29905
2,10417,10,1473,5,29906
2,10417,17,1473,3,29907
2,10417,19,1473,7,29908
2,10417,28,1473,13,29909
2,10418,10,1473,4,29910
2,10419,10,1473,1,29911
2,10420,10,1473,1,29912
2,10420,23,1473,1,29913
2,10421,10,1473,1,29914
2,10422,10,1473,2,29915
2,10423,10,1473,2,29916
2,10424,10,1473,1,29917
2,10425,10,1473,1,29918
2,10426,1,1473,1,29919
2,10426,10,1473,7,29920
2,10427,10,1473,1,29921
2,10427,23,1473,1,29922
2,10428,10,1473,2,29923
2,10429,10,1473,3,29924
2,10430,10,1473,1,29925
2,10430,40,1473,13,29926
2,10431,12,1473,1,29927
2,10431,18,1473,2,29928
2,10432,10,1473,1,29929
2,10433,10,1473,5,29930
2,10434,12,1473,1,29931
2,10434,18,1473,3,29932
2,10435,10,1473,1,29933
2,10436,18,1473,3,29934
2,10437,10,1473,1,29935
2,10438,10,1473,3,29936
2,10439,10,1473,6,29937
2,10440,18,1473,1,29938
2,10441,10,1473,1,29939
2,10442,1,1473,1,29940
2,10442,10,1473,1,29941
2,10442,40,1473,5,29942
2,10443,10,1473,4,29943
2,10444,10,1473,4,29944
2,10445,10,1473,1,29945
2,10446,18,1473,2,29946
2,10447,10,1473,5,29947
2,10448,10,1473,1,29948
2,10449,10,1473,6,29949
2,10450,10,1473,3,29950
2,10451,18,1473,2,29951
2,10452,1,1473,1,29952
2,10452,10,1473,2,29953
2,10453,1,1473,2,29954
2,10453,10,1473,4,29955
2,10454,10,1473,2,29956
2,10455,10,1473,1,29957
2,10456,1,1473,1,29958
2,10456,10,1473,2,29959
2,10456,17,1473,1,29960
2,10457,1,1473,1,29961
2,10457,10,1473,12,29962
2,10458,10,1473,3,29963
2,10459,10,1473,1,29964
2,10460,1,1473,1,29965
2,10460,10,1473,1,29966
2,10461,10,1473,3,29967
2,10462,1,1473,1,29968
2,10462,10,1473,12,29969
2,10463,1,1473,1,29970
2,10463,4,1473,1,29971
2,10463,10,1473,5,29972
2,10463,19,1473,2,29973
2,10463,25,1473,1,29974
2,10463,28,1473,10,29975
2,10464,10,1473,1,29976
2,10465,1,2170,1,29977
2,10465,2,2170,1,29978
2,10465,3,2170,1,29979
2,10465,4,2170,4,29980
2,10465,6,2170,1,29981
2,10465,7,2170,1,29982
2,10465,8,2170,2,29983
2,10465,9,2170,1,29984
2,10465,10,2170,1,29985
2,10465,11,2170,1,29986
2,10465,18,2170,3,29987
2,10466,1,2171,7,29988
2,10466,10,2171,7,29989
2,10467,1,2171,1,29990
2,10467,10,2171,8,29991
2,10467,18,2171,2,29992
2,10467,24,2171,92,29993
2,10467,33,2171,30,29994
2,10468,1,2171,1,29995
2,10468,3,2171,6,29996
2,10468,4,2171,20,29997
2,10468,5,2171,1,29998
2,10468,6,2171,3,29999
2,10468,7,2171,4,30000
2,10468,8,2171,4,30001
2,10468,9,2171,2,30002
2,10468,10,2171,6,30003
2,10468,11,2171,1,30004
2,10468,12,2171,1,30005
2,10468,16,2171,2,30006
2,10468,17,2171,2,30007
2,10468,25,2171,2,30008
2,10469,10,2172,6,30009
2,10470,10,2172,1,30010
2,10471,1,2172,1,30011
2,10471,3,2172,10,30012
2,10471,4,2172,65,30013
2,10471,6,2172,6,30014
2,10471,7,2172,10,30015
2,10471,8,2172,10,30016
2,10471,9,2172,3,30017
2,10471,10,2172,23,30018
2,10471,11,2172,1,30019
2,10471,17,2172,3,30020
2,10471,18,2172,2,30021
2,10471,25,2172,3,30022
2,10472,10,2172,1,30023
2,10472,19,2172,7,30024
2,10472,26,2172,4,30025
2,10472,27,2172,5,30026
2,10472,28,2172,10,30027
2,10472,29,2172,4,30028
2,10472,47,2172,3,30029
2,10472,48,2172,2,30030
2,10473,10,2172,2,30031
2,10474,10,2172,1,30032
2,10474,40,2172,1,30033
2,10475,10,2173,7,30034
2,10476,10,2173,5,30035
2,10477,10,2173,2,30036
2,10478,1,2173,2,30037
2,10478,3,2173,4,30038
2,10478,4,2173,21,30039
2,10478,5,2173,3,30040
2,10478,6,2173,3,30041
2,10478,7,2173,3,30042
2,10478,8,2173,4,30043
2,10478,9,2173,5,30044
2,10478,10,2173,10,30045
2,10478,11,2173,1,30046
2,10478,18,2173,4,30047
2,10479,10,2173,1,30048
2,10480,10,2173,1,30049
2,10481,4,2173,18,30050
2,10481,10,2173,6,30051
2,10481,17,2173,2,30052
2,10481,19,2173,12,30053
2,10481,25,2173,1,30054
2,10481,28,2173,7,30055
2,10482,6,2174,2,30056
2,10482,7,2174,2,30057
2,10482,8,2174,2,30058
2,10482,9,2174,2,30059
2,10482,10,2174,10,30060
2,10482,18,2174,1,30061
2,10483,1,2174,1,30062
2,10483,2,2174,2,30063
2,10483,3,2174,3,30064
2,10483,4,2174,4,30065
2,10483,6,2174,3,30066
2,10483,7,2174,2,30067
2,10483,8,2174,2,30068
2,10483,9,2174,1,30069
2,10483,11,2174,1,30070
2,10483,12,2174,1,30071
2,10483,18,2174,2,30072
2,10484,10,2174,8,30073
2,10484,18,2174,1,30074
2,10485,10,2174,2,30075
2,10486,10,2174,4,30076
2,10486,12,2174,1,30077
2,10487,1,2174,2,30078
2,10488,10,2174,4,30079
2,10489,4,2175,2,30080
2,10489,7,2175,1,30081
2,10489,8,2175,1,30082
2,10489,9,2175,1,30083
2,10489,10,2175,1,30084
2,10489,11,2175,1,30085
2,10489,18,2175,2,30086
2,10490,10,2176,11,30087
2,10491,1,2176,1,30088
2,10491,2,2176,1,30089
2,10491,3,2176,5,30090
2,10491,4,2176,11,30091
2,10491,6,2176,2,30092
2,10491,7,2176,3,30093
2,10491,8,2176,3,30094
2,10491,9,2176,2,30095
2,10491,10,2176,3,30096
2,10491,11,2176,1,30097
2,10491,18,2176,3,30098
2,10492,10,2177,8,30099
2,10493,1,2177,1,30100
2,10493,2,2177,2,30101
2,10493,3,2177,4,30102
2,10493,4,2177,12,30103
2,10493,6,2177,2,30104
2,10493,7,2177,2,30105
2,10493,8,2177,2,30106
2,10493,9,2177,2,30107
2,10493,10,2177,10,30108
2,10493,11,2177,1,30109
2,10493,12,2177,1,30110
2,10493,18,2177,3,30111
2,10494,1,2178,1,30112
2,10494,3,2178,2,30113
2,10494,4,2178,5,30114
2,10494,6,2178,1,30115
2,10494,7,2178,1,30116
2,10494,8,2178,1,30117
2,10494,9,2178,1,30118
2,10494,10,2178,1,30119
2,10494,11,2178,1,30120
2,10494,18,2178,3,30121
2,10495,3,2179,1,30122
2,10495,4,2179,2,30123
2,10495,6,2179,1,30124
2,10495,7,2179,1,30125
2,10495,8,2179,1,30126
2,10495,9,2179,1,30127
2,10495,10,2179,2,30128
2,10495,11,2179,1,30129
2,10495,18,2179,2,30130
2,10496,1,2180,3,30131
2,10496,3,2180,4,30132
2,10496,4,2180,17,30133
2,10496,6,2180,4,30134
2,10496,7,2180,4,30135
2,10496,8,2180,4,30136
2,10496,9,2180,3,30137
2,10496,10,2180,12,30138
2,10496,11,2180,3,30139
2,10496,18,2180,7,30140
2,10497,1,2181,1,30141
2,10497,2,2181,1,30142
2,10497,3,2181,1,30143
2,10497,4,2181,3,30144
2,10497,6,2181,1,30145
2,10497,7,2181,2,30146
2,10497,8,2181,2,30147
2,10497,9,2181,1,30148
2,10497,10,2181,1,30149
2,10497,11,2181,1,30150
2,10497,18,2181,2,30151
2,10498,10,2182,4,30152
2,10499,1,2182,1,30153
2,10499,2,2182,8,30154
2,10499,3,2182,11,30155
2,10499,4,2182,16,30156
2,10499,6,2182,4,30157
2,10499,7,2182,4,30158
2,10499,8,2182,4,30159
2,10499,9,2182,2,30160
2,10499,10,2182,9,30161
2,10499,11,2182,1,30162
2,10499,12,2182,1,30163
2,10499,17,2182,2,30164
2,10499,25,2182,4,30165
2,10500,10,2182,1,30166
2,10501,1,2183,2,30167
2,10501,2,2183,3,30168
2,10501,3,2183,2,30169
2,10501,4,2183,6,30170
2,10501,6,2183,2,30171
2,10501,7,2183,3,30172
2,10501,9,2183,1,30173
2,10501,10,2183,4,30174
2,10501,11,2183,2,30175
2,10501,18,2183,5,30176
2,10502,2,2184,1,30177
2,10502,3,2184,1,30178
2,10502,4,2184,2,30179
2,10502,7,2184,1,30180
2,10502,8,2184,1,30181
2,10502,9,2184,1,30182
2,10502,10,2184,1,30183
2,10502,11,2184,1,30184
2,10502,18,2184,4,30185
2,10503,1,2185,1,30186
2,10503,2,2185,2,30187
2,10503,3,2185,3,30188
2,10503,4,2185,5,30189
2,10503,6,2185,3,30190
2,10503,7,2185,3,30191
2,10503,8,2185,3,30192
2,10503,9,2185,2,30193
2,10503,10,2185,7,30194
2,10503,11,2185,1,30195
2,10503,18,2185,4,30196
2,10504,1,2186,2,30197
2,10504,2,2186,2,30198
2,10504,3,2186,3,30199
2,10504,4,2186,6,30200
2,10504,6,2186,2,30201
2,10504,7,2186,8,30202
2,10504,8,2186,8,30203
2,10504,9,2186,3,30204
2,10504,10,2186,9,30205
2,10504,11,2186,1,30206
2,10504,18,2186,3,30207
2,10505,10,2187,4,30208
2,10506,1,2187,2,30209
2,10506,3,2187,2,30210
2,10506,4,2187,4,30211
2,10506,6,2187,1,30212
2,10506,7,2187,1,30213
2,10506,8,2187,1,30214
2,10506,9,2187,1,30215
2,10506,10,2187,4,30216
2,10506,11,2187,1,30217
2,10506,18,2187,4,30218
2,10507,1,2188,1,30219
2,10507,10,2188,8,30220
2,10508,1,2189,1,30221
2,10508,3,2189,1,30222
2,10508,4,2189,3,30223
2,10508,6,2189,1,30224
2,10508,7,2189,1,30225
2,10508,8,2189,1,30226
2,10508,9,2189,1,30227
2,10508,10,2189,4,30228
2,10508,11,2189,1,30229
2,10508,18,2189,2,30230
2,10509,1,2190,1,30231
2,10509,3,2190,1,30232
2,10509,4,2190,2,30233
2,10509,6,2190,1,30234
2,10509,7,2190,1,30235
2,10509,8,2190,1,30236
2,10509,9,2190,1,30237
2,10509,10,2190,1,30238
2,10509,11,2190,1,30239
2,10509,18,2190,2,30240
2,10510,2,2191,2,30241
2,10510,3,2191,1,30242
2,10510,4,2191,6,30243
2,10510,6,2191,1,30244
2,10510,7,2191,2,30245
2,10510,8,2191,2,30246
2,10510,9,2191,1,30247
2,10510,10,2191,4,30248
2,10510,11,2191,1,30249
2,10510,18,2191,4,30250
2,10511,2,2192,1,30251
2,10511,3,2192,1,30252
2,10511,4,2192,3,30253
2,10511,6,2192,1,30254
2,10511,7,2192,1,30255
2,10511,8,2192,1,30256
2,10511,9,2192,1,30257
2,10511,10,2192,1,30258
2,10511,11,2192,1,30259
2,10511,18,2192,2,30260
2,10512,1,2193,1,30261
2,10512,3,2193,1,30262
2,10512,4,2193,3,30263
2,10512,6,2193,1,30264
2,10512,7,2193,2,30265
2,10512,8,2193,1,30266
2,10512,9,2193,1,30267
2,10512,10,2193,3,30268
2,10512,11,2193,1,30269
2,10512,18,2193,2,30270
2,10513,1,2194,1,30271
2,10513,2,2194,2,30272
2,10513,3,2194,4,30273
2,10513,4,2194,9,30274
2,10513,6,2194,2,30275
2,10513,7,2194,3,30276
2,10513,8,2194,3,30277
2,10513,9,2194,2,30278
2,10513,10,2194,3,30279
2,10513,11,2194,1,30280
2,10513,18,2194,3,30281
2,10514,4,2194,4,30282
2,10514,17,2194,1,30283
2,10515,1,2195,1,30284
2,10515,3,2195,1,30285
2,10515,4,2195,5,30286
2,10515,6,2195,1,30287
2,10515,7,2195,1,30288
2,10515,8,2195,1,30289
2,10515,9,2195,1,30290
2,10515,10,2195,3,30291
2,10515,11,2195,1,30292
2,10515,18,2195,2,30293
2,10516,2,2196,1,30294
2,10516,3,2196,2,30295
2,10516,4,2196,4,30296
2,10516,8,2196,1,30297
2,10516,9,2196,1,30298
2,10516,10,2196,4,30299
2,10516,18,2196,2,30300
2,10517,1,2197,5,30301
2,10517,2,2197,3,30302
2,10517,3,2197,2,30303
2,10517,4,2197,12,30304
2,10517,6,2197,2,30305
2,10517,7,2197,3,30306
2,10517,8,2197,3,30307
2,10517,9,2197,1,30308
2,10517,10,2197,25,30309
2,10517,11,2197,1,30310
2,10517,12,2197,1,30311
2,10517,18,2197,5,30312
2,10518,1,2198,4,30313
2,10518,2,2198,1,30314
2,10518,3,2198,1,30315
2,10518,4,2198,8,30316
2,10518,6,2198,2,30317
2,10518,7,2198,5,30318
2,10518,8,2198,5,30319
2,10518,9,2198,3,30320
2,10518,10,2198,13,30321
2,10518,11,2198,1,30322
2,10518,18,2198,4,30323
2,10519,10,2198,1,30324
2,10519,18,2198,1,30325
2,10520,1,2198,1,30326
2,10520,10,2198,8,30327
2,10521,1,2199,1,30328
2,10521,2,2199,1,30329
2,10521,3,2199,3,30330
2,10521,4,2199,6,30331
2,10521,6,2199,2,30332
2,10521,7,2199,3,30333
2,10521,8,2199,3,30334
2,10521,9,2199,1,30335
2,10521,10,2199,5,30336
2,10521,11,2199,1,30337
2,10521,12,2199,1,30338
2,10521,18,2199,3,30339
2,10522,1,2200,1,30340
2,10522,2,2200,1,30341
2,10522,3,2200,1,30342
2,10522,4,2200,3,30343
2,10522,6,2200,1,30344
2,10522,7,2200,1,30345
2,10522,8,2200,1,30346
2,10522,9,2200,1,30347
2,10522,10,2200,2,30348
2,10522,11,2200,1,30349
2,10522,18,2200,2,30350
2,10523,2,2201,1,30351
2,10523,3,2201,4,30352
2,10523,4,2201,6,30353
2,10523,6,2201,3,30354
2,10523,7,2201,3,30355
2,10523,8,2201,3,30356
2,10523,9,2201,2,30357
2,10523,10,2201,17,30358
2,10523,11,2201,1,30359
2,10523,12,2201,2,30360
2,10523,18,2201,2,30361
2,10524,10,2201,2,30362
2,10525,10,2201,3,30363
2,10526,10,2201,2,30364
2,10527,10,2201,9,30365
2,10528,10,2202,2,30366
2,10529,10,2202,8,30367
2,10530,1,2202,1,30368
2,10530,2,2202,5,30369
2,10530,3,2202,3,30370
2,10530,4,2202,11,30371
2,10530,6,2202,1,30372
2,10530,7,2202,3,30373
2,10530,8,2202,3,30374
2,10530,9,2202,2,30375
2,10530,10,2202,20,30376
2,10530,11,2202,1,30377
2,10530,18,2202,6,30378
2,10530,29,2202,1,30379
2,10530,37,2202,1,30380
2,10531,1,2203,1,30381
2,10531,2,2203,2,30382
2,10531,3,2203,3,30383
2,10531,4,2203,6,30384
2,10531,6,2203,2,30385
2,10531,7,2203,3,30386
2,10531,8,2203,3,30387
2,10531,9,2203,2,30388
2,10531,10,2203,8,30389
2,10531,11,2203,1,30390
2,10531,18,2203,5,30391
2,10532,10,2203,3,30392
2,10533,1,2204,2,30393
2,10533,10,2204,10,30394
2,10534,1,2204,3,30395
2,10534,2,2204,4,30396
2,10534,3,2204,5,30397
2,10534,4,2204,7,30398
2,10534,7,2204,2,30399
2,10534,8,2204,3,30400
2,10534,9,2204,4,30401
2,10534,10,2204,44,30402
2,10534,11,2204,1,30403
2,10534,12,2204,1,30404
2,10534,18,2204,4,30405
2,10535,10,2188,1,30406
2,10535,18,2188,3,30407
2,10536,1,2204,1,30408
2,10536,10,2204,10,30409
2,10537,10,2204,6,30410
2,10538,10,2204,1,30411
2,10538,12,2204,1,30412
2,10539,10,2204,1,30413
2,10540,10,2204,5,30414
2,10541,1,2204,1,30415
2,10541,10,2204,9,30416
2,10542,10,2188,1,30417
2,10542,18,2188,1,30418
2,10543,10,2188,7,30419
2,10544,1,2188,3,30420
2,10544,2,2188,2,30421
2,10544,3,2188,3,30422
2,10544,4,2188,30,30423
2,10544,5,2188,2,30424
2,10544,6,2188,2,30425
2,10544,7,2188,4,30426
2,10544,8,2188,5,30427
2,10544,9,2188,4,30428
2,10544,10,2188,24,30429
2,10544,11,2188,1,30430
2,10544,17,2188,2,30431
2,10545,10,2188,1,30432
2,10546,1,2188,1,30433
2,10546,2,2188,3,30434
2,10546,3,2188,3,30435
2,10546,4,2188,16,30436
2,10546,6,2188,2,30437
2,10546,7,2188,6,30438
2,10546,8,2188,6,30439
2,10546,9,2188,4,30440
2,10546,10,2188,50,30441
2,10546,11,2188,1,30442
2,10546,12,2188,1,30443
2,10546,18,2188,2,30444
2,10546,25,2188,1,30445
2,10547,1,2188,1,30446
2,10547,4,2188,53,30447
2,10547,7,2188,8,30448
2,10547,8,2188,8,30449
2,10547,9,2188,6,30450
2,10547,10,2188,12,30451
2,10547,11,2188,1,30452
2,10547,17,2188,3,30453
2,10547,19,2188,11,30454
2,10547,38,2188,16,30455
2,10548,1,2188,1,30456
2,10548,10,2188,2,30457
2,10548,30,2188,4,30458
2,10549,1,2188,1,30459
2,10549,4,2188,4,30460
2,10549,10,2188,2,30461
2,10549,18,2188,1,30462
2,10550,1,2188,1,30463
2,10550,10,2188,3,30464
2,10550,30,2188,10,30465
2,10551,1,2188,1,30466
2,10551,10,2188,1,30467
2,10552,10,2188,4,30468
2,10553,10,2188,7,30469
2,10553,17,2188,1,30470
2,10554,1,2188,1,30471
2,10554,10,2188,1,30472
2,10555,10,2188,3,30473
2,10556,10,2188,1,30474
2,10556,20,2188,52,30475
2,10557,14,2188,3,30476
2,10557,28,2188,7,30477
2,10558,1,2188,1,30478
2,10558,10,2188,24,30479
2,10559,1,2188,1,30480
2,10559,10,2188,10,30481
2,10559,18,2188,1,30482
2,10559,25,2188,1,30483
2,10560,1,2188,1,30484
2,10560,10,2188,2,30485
2,10561,10,2188,1,30486
2,10562,1,2188,1,30487
2,10562,10,2188,15,30488
2,10563,10,2188,5,30489
2,10564,1,2188,1,30490
2,10564,10,2188,1,30491
2,10565,1,2188,2,30492
2,10565,4,2188,19,30493
2,10565,10,2188,6,30494
2,10565,17,2188,2,30495
2,10566,10,2188,1,30496
2,10567,1,2188,1,30497
2,10567,10,2188,7,30498
2,10568,10,2188,2,30499
2,10568,20,2188,30,30500
2,10568,22,2188,20,30501
2,10568,24,2188,30,30502
2,10568,34,2188,20,30503
2,10569,10,2188,1,30504
2,10570,18,2188,1,30505
2,10571,10,2188,1,30506
2,10571,18,2188,1,30507
2,10572,1,2188,1,30508
2,10572,10,2188,1,30509
2,10573,1,2188,1,30510
2,10573,10,2188,2,30511
2,10574,1,2188,1,30512
2,10574,10,2188,3,30513
2,10574,23,2188,18,30514
2,10575,10,2188,2,30515
2,10576,10,2188,1,30516
2,10577,10,2188,4,30517
2,10578,10,2188,1,30518
2,10579,1,2205,2,30519
2,10579,10,2205,4,30520
2,10580,10,2205,2,30521
2,10581,1,2205,2,30522
2,10581,2,2205,3,30523
2,10581,3,2205,3,30524
2,10581,4,2205,5,30525
2,10581,6,2205,2,30526
2,10581,7,2205,3,30527
2,10581,8,2205,3,30528
2,10581,9,2205,2,30529
2,10581,10,2205,8,30530
2,10581,11,2205,1,30531
2,10581,12,2205,3,30532
2,10581,18,2205,8,30533
2,10582,10,2205,1,30534
2,10583,10,2205,1,30535
2,10583,20,2205,80,30536
2,10584,20,2205,38,30537
2,10585,2,2206,2,30538
2,10585,3,2206,2,30539
2,10585,4,2206,4,30540
2,10585,6,2206,1,30541
2,10585,7,2206,2,30542
2,10585,8,2206,2,30543
2,10585,9,2206,1,30544
2,10585,10,2206,4,30545
2,10585,11,2206,1,30546
2,10585,18,2206,3,30547
2,10586,2,2207,3,30548
2,10586,3,2207,2,30549
2,10586,4,2207,7,30550
2,10586,6,2207,1,30551
2,10586,7,2207,1,30552
2,10586,8,2207,1,30553
2,10586,9,2207,1,30554
2,10586,10,2207,2,30555
2,10586,11,2207,1,30556
2,10586,18,2207,2,30557
2,10587,2,2208,2,30558
2,10587,3,2208,4,30559
2,10587,4,2208,12,30560
2,10587,6,2208,3,30561
2,10587,7,2208,8,30562
2,10587,8,2208,7,30563
2,10587,9,2208,3,30564
2,10587,10,2208,14,30565
2,10587,11,2208,1,30566
2,10587,18,2208,3,30567
2,10588,20,2208,30,30568
2,10589,1,2208,1,30569
2,10589,10,2208,6,30570
2,10590,1,2208,1,30571
2,10590,10,2208,4,30572
2,10591,10,2208,1,30573
2,10592,1,2208,1,30574
2,10592,10,2208,6,30575
2,10593,20,2208,40,30576
2,10594,1,2208,1,30577
2,10594,10,2208,6,30578
2,10595,10,2208,3,30579
2,10596,10,2208,9,30580
2,10597,2,2209,2,30581
2,10597,3,2209,2,30582
2,10597,4,2209,3,30583
2,10597,6,2209,2,30584
2,10597,7,2209,2,30585
2,10597,8,2209,2,30586
2,10597,9,2209,1,30587
2,10597,10,2209,1,30588
2,10597,11,2209,1,30589
2,10597,18,2209,3,30590
2,10598,10,2210,2,30591
2,10599,10,2210,5,30592
2,10600,1,2210,3,30593
2,10600,2,2210,6,30594
2,10600,3,2210,5,30595
2,10600,4,2210,12,30596
2,10600,6,2210,2,30597
2,10600,7,2210,12,30598
2,10600,8,2210,11,30599
2,10600,9,2210,4,30600
2,10600,10,2210,12,30601
2,10600,11,2210,1,30602
2,10600,18,2210,5,30603
2,10601,1,2210,1,30604
2,10601,6,2210,1,30605
2,10601,7,2210,2,30606
2,10601,8,2210,2,30607
2,10601,9,2210,3,30608
2,10601,10,2210,26,30609
2,10601,18,2210,5,30610
2,10602,10,2210,1,30611
2,10603,10,2210,2,30612
2,10604,10,2210,1,30613
2,10605,10,2210,9,30614
2,10606,2,2211,2,30615
2,10606,3,2211,3,30616
2,10606,4,2211,4,30617
2,10606,6,2211,1,30618
2,10606,7,2211,2,30619
2,10606,8,2211,2,30620
2,10606,9,2211,2,30621
2,10606,10,2211,10,30622
2,10606,11,2211,1,30623
2,10606,18,2211,3,30624
2,10607,1,2211,1,30625
2,10607,10,2211,1,30626
2,10608,1,2211,1,30627
2,10609,1,2212,1,30628
2,10609,10,2212,2,30629
2,10610,2,2212,2,30630
2,10610,3,2212,2,30631
2,10610,4,2212,4,30632
2,10610,6,2212,3,30633
2,10610,7,2212,3,30634
2,10610,8,2212,3,30635
2,10610,9,2212,2,30636
2,10610,10,2212,14,30637
2,10610,11,2212,1,30638
2,10610,18,2212,2,30639
2,10611,10,2212,2,30640
2,10611,21,2212,90,30641
2,10612,10,2212,1,30642
2,10613,10,2212,2,30643
2,10614,10,2212,1,30644
2,10615,10,2212,1,30645
2,10615,41,2212,3,30646
2,10615,56,2212,10,30647
2,10616,10,2212,1,30648
2,10616,20,2212,15,30649
2,10617,10,2212,1,30650
2,10618,1,2212,1,30651
2,10618,10,2212,5,30652
2,10619,18,2213,1,30653
2,10620,10,2213,1,30654
2,10621,10,2213,3,30655
2,10622,1,2213,3,30656
2,10622,2,2213,1,30657
2,10622,3,2213,4,30658
2,10622,4,2213,4,30659
2,10622,5,2213,2,30660
2,10622,6,2213,6,30661
2,10622,7,2213,7,30662
2,10622,8,2213,7,30663
2,10622,9,2213,3,30664
2,10622,10,2213,48,30665
2,10622,11,2213,1,30666
2,10622,12,2213,6,30667
2,10622,17,2213,1,30668
2,10622,18,2213,3,30669
2,10623,1,2213,1,30670
2,10623,3,2213,10,30671
2,10623,4,2213,42,30672
2,10623,11,2213,2,30673
2,10623,14,2213,4,30674
2,10623,16,2213,5,30675
2,10623,25,2213,4,30676
2,10623,35,2213,10,30677
2,10624,3,2213,12,30678
2,10624,4,2213,105,30679
2,10624,6,2213,12,30680
2,10624,7,2213,18,30681
2,10624,8,2213,14,30682
2,10624,9,2213,5,30683
2,10624,10,2213,14,30684
2,10624,11,2213,1,30685
2,10624,17,2213,6,30686
2,10624,19,2213,4,30687
2,10624,26,2213,6,30688
2,10624,27,2213,5,30689
2,10624,28,2213,22,30690
2,10624,29,2213,5,30691
2,10625,10,2213,11,30692
2,10626,1,2213,2,30693
2,10626,10,2213,1,30694
2,10627,4,2213,19,30695
2,10627,16,2213,1,30696
2,10628,1,2213,1,30697
2,10628,10,2213,2,30698
2,10628,17,2213,1,30699
2,10629,18,2213,3,30700
2,10630,10,2213,1,30701
2,10630,17,2213,1,30702
2,10631,10,2213,4,30703
2,10632,4,2213,26,30704
2,10632,10,2213,1,30705
2,10632,17,2213,2,30706
2,10632,19,2213,4,30707
2,10632,28,2213,8,30708
2,10633,10,2213,1,30709
2,10634,10,2213,3,30710
2,10634,12,2213,1,30711
2,10635,10,2213,1,30712
2,10636,10,2213,3,30713
2,10637,10,2213,1,30714
2,10638,10,2213,1,30715
2,10639,1,2213,1,30716
2,10639,10,2213,1,30717
2,10640,10,2213,1,30718
2,10641,1,2213,1,30719
2,10641,10,2213,2,30720
2,10642,1,2213,1,30721
2,10642,4,2213,4,30722
2,10642,7,2213,1,30723
2,10642,8,2213,1,30724
2,10642,9,2213,1,30725
2,10642,10,2213,2,30726
2,10642,17,2213,1,30727
2,10642,18,2213,7,30728
2,10643,10,2213,1,30729
2,10644,10,2213,7,30730
2,10645,4,2213,2,30731
2,10646,1,2213,1,30732
2,10646,10,2213,5,30733
2,10647,1,2213,1,30734
2,10647,10,2213,5,30735
2,10648,10,2213,1,30736
2,10648,17,2213,1,30737
2,10649,10,2213,3,30738
2,10650,10,2213,4,30739
2,10651,1,2213,3,30740
2,10651,10,2213,38,30741
2,10651,17,2213,1,30742
2,10652,10,2213,2,30743
2,10653,1,2213,1,30744
2,10653,10,2213,5,30745
2,10653,23,2213,20,30746
2,10654,10,2213,3,30747
2,10655,10,2213,1,30748
2,10656,10,2213,3,30749
2,10657,10,2213,1,30750
2,10657,12,2213,1,30751
2,10658,1,2213,1,30752
2,10658,10,2213,6,30753
2,10659,1,2213,1,30754
2,10659,10,2213,12,30755
2,10660,10,2213,1,30756
2,10661,10,2213,1,30757
2,10662,10,2213,3,30758
2,10663,10,2213,5,30759
2,10664,1,2213,1,30760
2,10664,10,2213,18,30761
2,10665,10,2213,2,30762
2,10666,10,2214,4,30763
2,10667,1,2214,1,30764
2,10667,10,2214,10,30765
2,10668,1,2214,1,30766
2,10668,10,2214,9,30767
2,10669,1,2214,1,30768
2,10669,10,2214,5,30769
2,10670,1,2214,1,30770
2,10670,4,2214,6,30771
2,10670,10,2214,1,30772
2,10670,18,2214,1,30773
2,10670,40,2214,3,30774
2,10670,55,2214,3,30775
2,10671,10,2214,25,30776
2,10672,1,2214,1,30777
2,10672,2,2214,6,30778
2,10672,3,2214,8,30779
2,10672,4,2214,18,30780
2,10672,6,2214,5,30781
2,10672,7,2214,9,30782
2,10672,8,2214,9,30783
2,10672,9,2214,6,30784
2,10672,10,2214,20,30785
2,10672,11,2214,1,30786
2,10672,18,2214,4,30787
2,10672,25,2214,1,30788
2,10673,1,2214,1,30789
2,10673,10,2214,9,30790
2,10674,1,2214,1,30791
2,10674,10,2214,1,30792
2,10675,10,2214,1,30793
2,10676,10,2214,1,30794
2,10677,10,2214,2,30795
2,10677,20,2214,80,30796
2,10678,10,2214,1,30797
2,10679,10,2214,3,30798
2,10680,10,2214,4,30799
2,10681,18,2214,1,30800
2,10682,10,2214,1,30801
2,10682,20,2214,44,30802
2,10682,21,2214,6,30803
2,10683,1,2214,1,30804
2,10683,4,2214,4,30805
2,10683,10,2214,1,30806
2,10683,17,2214,1,30807
2,10684,10,2214,1,30808
2,10685,10,2214,1,30809
2,10686,20,2214,40,30810
2,10686,21,2214,8,30811
2,10687,10,2214,1,30812
2,10688,1,2214,1,30813
2,10688,10,2214,6,30814
2,10689,10,2214,5,30815
2,10690,10,2214,1,30816
2,10691,1,2215,1,30817
2,10691,2,2215,2,30818
2,10691,3,2215,2,30819
2,10691,4,2215,6,30820
2,10691,6,2215,2,30821
2,10691,7,2215,5,30822
2,10691,8,2215,5,30823
2,10691,9,2215,2,30824
2,10691,10,2215,3,30825
2,10691,11,2215,1,30826
2,10691,18,2215,2,30827
2,10692,10,2216,2,30828
2,10693,1,2216,1,30829
2,10693,10,2216,7,30830
2,10694,1,2216,2,30831
2,10694,2,2216,2,30832
2,10694,3,2216,3,30833
2,10694,4,2216,6,30834
2,10694,6,2216,1,30835
2,10694,7,2216,3,30836
2,10694,8,2216,3,30837
2,10694,9,2216,2,30838
2,10694,10,2216,15,30839
2,10694,11,2216,1,30840
2,10694,18,2216,4,30841
2,10695,10,2216,4,30842
2,10696,18,2216,1,30843
2,10697,10,2217,3,30844
2,10698,1,2217,1,30845
2,10698,2,2217,1,30846
2,10698,3,2217,2,30847
2,10698,4,2217,6,30848
2,10698,6,2217,2,30849
2,10698,7,2217,3,30850
2,10698,8,2217,3,30851
2,10698,9,2217,1,30852
2,10698,10,2217,4,30853
2,10698,11,2217,1,30854
2,10698,18,2217,3,30855
2,10699,2,2218,2,30856
2,10699,3,2218,4,30857
2,10699,4,2218,4,30858
2,10699,6,2218,4,30859
2,10699,7,2218,3,30860
2,10699,8,2218,3,30861
2,10699,9,2218,1,30862
2,10699,10,2218,1,30863
2,10699,11,2218,1,30864
2,10699,18,2218,2,30865
2,10700,10,2219,1,30866
2,10701,10,2219,1,30867
2,10702,10,2219,1,30868
2,10703,10,2219,4,30869
2,10704,1,2219,1,30870
2,10704,10,2219,8,30871
2,10705,1,2219,2,30872
2,10705,10,2219,32,30873
2,10705,17,2219,2,30874
2,10706,1,2219,1,30875
2,10706,10,2219,12,30876
2,10707,10,2219,2,30877
2,10708,10,2219,1,30878
2,10709,10,2219,2,30879
2,10710,1,2219,1,30880
2,10710,10,2219,1,30881
2,10711,1,2219,2,30882
2,10711,10,2219,6,30883
2,10711,23,2219,58,30884
2,10712,1,2219,1,30885
2,10712,10,2219,1,30886
2,10712,30,2219,6,30887
2,10713,10,2219,1,30888
2,10714,1,2219,2,30889
2,10714,2,2219,2,30890
2,10714,3,2219,4,30891
2,10714,4,2219,50,30892
2,10714,6,2219,4,30893
2,10714,7,2219,8,30894
2,10714,8,2219,8,30895
2,10714,9,2219,5,30896
2,10714,10,2219,5,30897
2,10714,17,2219,3,30898
2,10714,19,2219,4,30899
2,10714,25,2219,1,30900
2,10714,26,2219,3,30901
2,10714,27,2219,5,30902
2,10714,28,2219,8,30903
2,10714,29,2219,1,30904
2,10714,40,2219,3,30905
2,10714,55,2219,3,30906
2,10715,1,2219,1,30907
2,10715,10,2219,3,30908
2,10715,17,2219,1,30909
2,10716,10,2219,3,30910
2,10717,10,2219,8,30911
2,10718,1,2219,34,30912
2,10718,3,2219,26,30913
2,10718,4,2219,64,30914
2,10718,6,2219,2,30915
2,10718,7,2219,8,30916
2,10718,8,2219,13,30917
2,10718,9,2219,5,30918
2,10718,10,2219,97,30919
2,10718,11,2219,1,30920
2,10718,12,2219,1,30921
2,10718,17,2219,4,30922
2,10718,18,2219,2,30923
2,10718,25,2219,2,30924
2,10719,10,2219,1,30925
2,10719,12,2219,1,30926
2,10720,1,2219,1,30927
2,10720,10,2219,3,30928
2,10721,10,2219,7,30929
2,10722,10,2219,1,30930
2,10723,10,2219,8,30931
2,10724,1,2219,4,30932
2,10724,10,2219,21,30933
2,10725,10,2219,1,30934
2,10726,10,2219,1,30935
2,10727,10,2219,1,30936
2,10728,10,2219,3,30937
2,10729,10,2219,1,30938
2,10729,20,2219,50,30939
2,10729,21,2219,50,30940
2,10729,33,2219,50,30941
2,10730,10,2219,1,30942
2,10731,1,2219,1,30943
2,10731,10,2219,11,30944
2,10731,16,2219,2,30945
2,10732,10,2219,3,30946
2,10733,1,2219,1,30947
2,10733,10,2219,12,30948
2,10734,1,2219,3,30949
2,10734,10,2219,3,30950
2,10735,10,2219,1,30951
2,10736,1,2219,6,30952
2,10736,10,2219,6,30953
2,10737,1,2219,1,30954
2,10737,10,2219,1,30955
2,10738,10,2219,2,30956
2,10739,10,2219,1,30957
2,10740,10,2219,1,30958
2,10741,1,2219,2,30959
2,10741,10,2219,8,30960
2,10742,1,2219,1,30961
2,10742,10,2219,2,30962
2,10743,1,2219,1,30963
2,10744,10,2219,11,30964
2,10745,1,2219,1,30965
2,10745,10,2219,2,30966
2,10746,10,2219,12,30967
2,10746,12,2219,1,30968
2,10747,10,2219,3,30969
2,10748,25,2219,10,30970
2,10749,10,2219,1,30971
2,10750,10,2219,1,30972
2,10751,10,2219,1,30973
2,10752,1,2219,1,30974
2,10752,10,2219,6,30975
2,10752,12,2219,3,30976
2,10753,10,2219,3,30977
2,10754,1,2219,4,30978
2,10754,3,2219,8,30979
2,10754,4,2219,63,30980
2,10754,6,2219,3,30981
2,10754,7,2219,6,30982
2,10754,8,2219,5,30983
2,10754,9,2219,6,30984
2,10754,10,2219,8,30985
2,10754,17,2219,5,30986
2,10754,19,2219,2,30987
2,10754,25,2219,1,30988
2,10754,28,2219,12,30989
2,10755,12,2219,1,30990
2,10755,25,2219,2,30991
2,10756,10,2219,3,30992
2,10757,10,2219,1,30993
2,10757,12,2219,1,30994
2,10758,1,2219,3,30995
2,10758,10,2219,70,30996
2,10759,10,2219,5,30997
2,10760,1,2219,1,30998
2,10760,10,2219,8,30999
2,10761,10,2219,1,31000
2,10762,1,2219,1,31001
2,10762,10,2219,1,31002
2,10763,10,2219,5,31003
2,10764,10,2219,1,31004
2,10765,13,2219,1,31005
2,10765,19,2219,3,31006
2,10765,26,2219,1,31007
2,10765,27,2219,8,31008
2,10765,28,2219,13,31009
2,10765,37,2219,1,31010
2,10765,50,2219,2,31011
2,10766,1,2219,1,31012
2,10766,4,2219,74,31013
2,10766,6,2219,6,31014
2,10766,7,2219,13,31015
2,10766,8,2219,13,31016
2,10766,9,2219,7,31017
2,10766,10,2219,2,31018
2,10766,17,2219,5,31019
2,10766,19,2219,11,31020
2,10766,25,2219,2,31021
2,10766,28,2219,18,31022
2,10766,41,2219,3,31023
2,10766,56,2219,32,31024
2,10767,10,2219,1,31025
2,10768,10,2219,2,31026
2,10769,10,2219,1,31027
2,10770,1,2219,1,31028
2,10770,10,2219,19,31029
2,10771,10,2219,1,31030
2,10772,1,2219,1,31031
2,10772,10,2219,3,31032
2,10773,10,2219,5,31033
2,10774,10,2219,3,31034
2,10775,1,2219,2,31035
2,10775,10,2219,23,31036
2,10776,10,2219,5,31037
2,10776,18,2219,4,31038
2,10777,1,2220,1,31039
2,10777,10,2220,6,31040
2,10778,10,2220,1,31041
2,10779,10,2220,1,31042
2,10780,1,2220,2,31043
2,10780,2,2220,1,31044
2,10780,3,2220,4,31045
2,10780,4,2220,10,31046
2,10780,7,2220,2,31047
2,10780,8,2220,2,31048
2,10780,9,2220,3,31049
2,10780,10,2220,23,31050
2,10780,11,2220,2,31051
2,10780,12,2220,1,31052
2,10780,18,2220,4,31053
2,10781,10,2220,1,31054
2,10782,10,2220,2,31055
2,10783,10,2220,14,31056
2,10784,1,2221,2,31057
2,10784,2,2221,2,31058
2,10784,3,2221,2,31059
2,10784,4,2221,3,31060
2,10784,6,2221,2,31061
2,10784,7,2221,3,31062
2,10784,8,2221,2,31063
2,10784,9,2221,1,31064
2,10784,10,2221,6,31065
2,10784,11,2221,1,31066
2,10784,18,2221,3,31067
2,10785,10,2221,3,31068
2,10786,1,2222,1,31069
2,10786,3,2222,2,31070
2,10786,4,2222,6,31071
2,10786,6,2222,1,31072
2,10786,7,2222,3,31073
2,10786,8,2222,3,31074
2,10786,9,2222,1,31075
2,10786,10,2222,7,31076
2,10786,11,2222,1,31077
2,10786,18,2222,3,31078
2,10787,18,2222,1,31079
2,10788,10,2222,1,31080
2,10789,10,161,3,31081
2,10790,10,161,3,31082
2,10791,10,161,1,31083
2,10792,1,161,1,31084
2,10792,10,161,4,31085
2,10793,1,161,2,31086
2,10793,2,161,6,31087
2,10793,3,161,4,31088
2,10793,4,161,25,31089
2,10793,6,161,3,31090
2,10793,7,161,3,31091
2,10793,8,161,3,31092
2,10793,9,161,3,31093
2,10793,10,161,27,31094
2,10793,11,161,1,31095
2,10793,17,161,3,31096
2,10793,18,161,3,31097
2,10793,25,161,1,31098
2,10794,10,161,1,31099
2,10794,17,161,1,31100
2,10795,10,161,1,31101
2,10796,1,161,1,31102
2,10796,10,161,1,31103
2,10797,1,161,1,31104
2,10797,10,161,7,31105
2,10798,1,161,1,31106
2,10798,10,161,2,31107
2,10799,10,161,1,31108
2,10800,10,161,1,31109
2,10801,10,161,2,31110
2,10802,1,2223,1,31111
2,10802,2,2223,1,31112
2,10802,3,2223,3,31113
2,10802,4,2223,3,31114
2,10802,6,2223,2,31115
2,10802,7,2223,7,31116
2,10802,8,2223,4,31117
2,10802,9,2223,2,31118
2,10802,10,2223,11,31119
2,10802,11,2223,3,31120
2,10802,18,2223,3,31121
2,10803,1,2224,1,31122
2,10803,10,2224,4,31123
2,10803,23,2224,27,31124
2,10804,10,2225,1,31125
2,10805,1,2225,1,31126
2,10805,10,2225,9,31127
2,10806,1,2225,1,31128
2,10806,10,2225,3,31129
2,10807,1,2225,2,31130
2,10807,2,2225,6,31131
2,10807,3,2225,5,31132
2,10807,4,2225,19,31133
2,10807,6,2225,6,31134
2,10807,7,2225,7,31135
2,10807,8,2225,8,31136
2,10807,9,2225,2,31137
2,10807,10,2225,29,31138
2,10807,11,2225,1,31139
2,10807,17,2225,1,31140
2,10807,18,2225,3,31141
2,10807,25,2225,2,31142
2,10808,1,2225,1,31143
2,10808,10,2225,9,31144
2,10809,1,2226,1,31145
2,10809,2,2226,1,31146
2,10809,3,2226,3,31147
2,10809,4,2226,4,31148
2,10809,6,2226,1,31149
2,10809,7,2226,1,31150
2,10809,8,2226,1,31151
2,10809,9,2226,1,31152
2,10809,10,2226,3,31153
2,10809,11,2226,1,31154
2,10809,18,2226,2,31155
2,10810,3,2227,3,31156
2,10810,4,2227,4,31157
2,10810,6,2227,1,31158
2,10810,7,2227,3,31159
2,10810,8,2227,3,31160
2,10810,9,2227,1,31161
2,10810,10,2227,8,31162
2,10810,11,2227,1,31163
2,10810,12,2227,1,31164
2,10810,18,2227,3,31165
2,10811,1,2224,1,31166
2,10811,4,2224,6,31167
2,10812,10,2224,1,31168
2,10813,10,2224,1,31169
2,10814,10,2224,2,31170
2,10815,10,2224,1,31171
2,10816,10,2224,12,31172
2,10817,10,2224,2,31173
2,10818,10,2224,1,31174
2,10819,10,2224,21,31175
2,10820,1,2224,2,31176
2,10820,10,2224,16,31177
2,10821,55,2224,5,31178
2,10822,10,2224,4,31179
2,10823,1,2224,3,31180
2,10823,10,2224,3,31181
2,10824,1,2224,1,31182
2,10824,10,2224,1,31183
2,10825,1,2224,1,31184
2,10825,10,2224,6,31185
2,10826,1,2224,1,31186
2,10827,10,2224,2,31187
2,10828,1,2224,1,31188
2,10828,10,2224,6,31189
2,10829,1,2224,1,31190
2,10829,10,2224,20,31191
2,10830,10,2224,1,31192
2,10831,1,2224,1,31193
2,10831,10,2224,1,31194
2,10832,1,2224,4,31195
2,10832,10,2224,3,31196
2,10833,10,2224,1,31197
2,10834,1,2224,4,31198
2,10834,2,2224,4,31199
2,10834,3,2224,3,31200
2,10834,4,2224,15,31201
2,10834,6,2224,2,31202
2,10834,7,2224,4,31203
2,10834,8,2224,4,31204
2,10834,9,2224,5,31205
2,10834,10,2224,100,31206
2,10834,11,2224,1,31207
2,10834,12,2224,2,31208
2,10834,18,2224,5,31209
2,10834,40,2224,12,31210
2,10835,10,2224,1,31211
2,10835,23,2224,23,31212
2,10836,10,2224,5,31213
2,10836,17,2224,1,31214
2,10837,1,2224,1,31215
2,10837,3,2224,21,31216
2,10837,4,2224,115,31217
2,10837,6,2224,10,31218
2,10837,7,2224,23,31219
2,10837,8,2224,23,31220
2,10837,9,2224,6,31221
2,10837,10,2224,17,31222
2,10837,11,2224,1,31223
2,10837,14,2224,7,31224
2,10837,17,2224,5,31225
2,10837,18,2224,1,31226
2,10837,29,2224,5,31227
2,10837,44,2224,45,31228
2,10837,47,2224,4,31229
2,10837,55,2224,8,31230
2,10838,1,2224,3,31231
2,10838,10,2224,1,31232
2,10839,10,2224,1,31233
2,10839,17,2224,1,31234
2,10840,1,2224,1,31235
2,10840,10,2224,7,31236
2,10840,30,2224,16,31237
2,10841,10,2224,4,31238
2,10842,1,2224,1,31239
2,10842,4,2224,69,31240
2,10842,7,2224,16,31241
2,10842,8,2224,14,31242
2,10842,9,2224,5,31243
2,10842,10,2224,14,31244
2,10842,11,2224,1,31245
2,10842,17,2224,5,31246
2,10842,19,2224,5,31247
2,10842,28,2224,18,31248
2,10843,1,2224,2,31249
2,10843,3,2224,9,31250
2,10843,4,2224,146,31251
2,10843,6,2224,6,31252
2,10843,7,2224,20,31253
2,10843,8,2224,19,31254
2,10843,9,2224,6,31255
2,10843,10,2224,10,31256
2,10843,11,2224,1,31257
2,10843,17,2224,3,31258
2,10843,19,2224,16,31259
2,10843,23,2224,10,31260
2,10843,25,2224,2,31261
2,10843,26,2224,4,31262
2,10843,27,2224,6,31263
2,10843,28,2224,21,31264
2,10843,30,2224,5,31265
2,10843,37,2224,2,31266
2,10843,47,2224,1,31267
2,10843,48,2224,2,31268
2,10843,49,2224,2,31269
2,10844,10,2224,6,31270
2,10845,10,2224,9,31271
2,10846,10,2224,2,31272
2,10847,1,2224,1,31273
2,10847,10,2224,2,31274
2,10848,18,2224,11,31275
2,10848,25,2224,4,31276
2,10849,10,2224,6,31277
2,10850,10,2224,1,31278
2,10851,10,2224,1,31279
2,10852,10,2224,4,31280
2,10853,10,2224,5,31281
2,10854,10,2224,1,31282
2,10854,17,2224,1,31283
2,10855,10,2224,12,31284
2,10856,10,2224,1,31285
2,10857,1,2224,3,31286
2,10857,4,2224,3,31287
2,10857,10,2224,4,31288
2,10857,17,2224,1,31289
2,10858,1,2224,1,31290
2,10858,10,2224,1,31291
2,10859,1,2224,1,31292
2,10859,10,2224,3,31293
2,10860,1,2224,1,31294
2,10861,10,2224,1,31295
2,10862,18,2224,5,31296
2,10862,25,2224,6,31297
2,10863,4,2224,2,31298
2,10863,7,2224,1,31299
2,10863,8,2224,1,31300
2,10863,9,2224,1,31301
2,10863,10,2224,2,31302
2,10863,17,2224,1,31303
2,10864,10,2224,1,31304
2,10865,10,2224,4,31305
2,10866,1,2224,1,31306
2,10866,10,2224,1,31307
2,10867,10,2224,2,31308
2,10868,10,2224,1,31309
2,10869,10,2224,1,31310
2,10870,10,2224,4,31311
2,10871,1,2224,1,31312
2,10871,4,2224,4,31313
2,10871,10,2224,1,31314
2,10871,17,2224,1,31315
2,10872,1,2224,1,31316
2,10872,30,2224,16,31317
2,10873,10,2224,1,31318
2,10874,18,2224,1,31319
2,10875,10,2224,1,31320
2,10876,10,2224,3,31321
2,10877,1,2228,1,31322
2,10877,2,2228,1,31323
2,10877,3,2228,2,31324
2,10877,4,2228,4,31325
2,10877,6,2228,2,31326
2,10877,7,2228,1,31327
2,10877,8,2228,1,31328
2,10877,9,2228,2,31329
2,10877,10,2228,1,31330
2,10877,11,2228,1,31331
2,10877,18,2228,1,31332
2,10878,1,2229,1,31333
2,10878,2,2229,2,31334
2,10878,3,2229,2,31335
2,10878,4,2229,5,31336
2,10878,6,2229,1,31337
2,10878,7,2229,1,31338
2,10878,8,2229,1,31339
2,10878,9,2229,1,31340
2,10878,10,2229,3,31341
2,10878,11,2229,1,31342
2,10878,18,2229,2,31343
2,10879,1,2230,1,31344
2,10879,2,2230,2,31345
2,10879,3,2230,2,31346
2,10879,4,2230,4,31347
2,10879,6,2230,1,31348
2,10879,7,2230,3,31349
2,10879,8,2230,3,31350
2,10879,9,2230,1,31351
2,10879,10,2230,6,31352
2,10879,11,2230,1,31353
2,10879,18,2230,2,31354
2,10880,1,2231,3,31355
2,10880,2,2231,1,31356
2,10880,3,2231,1,31357
2,10880,4,2231,4,31358
2,10880,6,2231,1,31359
2,10880,7,2231,4,31360
2,10880,8,2231,4,31361
2,10880,9,2231,2,31362
2,10880,10,2231,16,31363
2,10880,11,2231,1,31364
2,10880,18,2231,2,31365
2,10881,10,2232,4,31366
2,10882,10,2232,27,31367
2,10883,10,2232,3,31368
2,10884,1,2232,1,31369
2,10884,10,2232,6,31370
2,10885,10,2232,2,31371
2,10886,10,2232,4,31372
2,10887,10,2232,1,31373
2,10888,10,2232,15,31374
2,10889,10,2232,10,31375
2,10890,2,2232,5,31376
2,10890,3,2232,5,31377
2,10890,4,2232,8,31378
2,10890,6,2232,5,31379
2,10890,7,2232,6,31380
2,10890,8,2232,6,31381
2,10890,9,2232,4,31382
2,10890,10,2232,8,31383
2,10890,11,2232,1,31384
2,10890,12,2232,1,31385
2,10890,17,2232,1,31386
2,10890,18,2232,5,31387
2,10891,10,2232,1,31388
2,10892,10,2232,1,31389
2,10893,10,2232,1,31390
2,10894,1,2232,4,31391
2,10894,10,2232,13,31392
2,10895,10,2232,1,31393
2,10896,10,2232,3,31394
2,10897,10,2232,6,31395
2,10898,10,2232,4,31396
2,10899,10,2233,3,31397
2,10900,10,2233,1,31398
2,10901,1,2233,1,31399
2,10901,10,2233,5,31400
2,10902,10,2233,15,31401
2,10903,1,2233,2,31402
2,10903,10,2233,4,31403
2,10904,1,2233,1,31404
2,10904,2,2233,8,31405
2,10904,3,2233,8,31406
2,10904,4,2233,22,31407
2,10904,7,2233,7,31408
2,10904,8,2233,7,31409
2,10904,9,2233,2,31410
2,10904,10,2233,17,31411
2,10904,11,2233,1,31412
2,10904,17,2233,2,31413
2,10904,18,2233,2,31414
2,10904,25,2233,2,31415
2,10905,1,2233,1,31416
2,10905,10,2233,1,31417
2,10906,10,2233,4,31418
2,10907,3,2234,1,31419
2,10907,4,2234,2,31420
2,10907,10,2234,1,31421
2,10907,11,2234,1,31422
2,10908,1,2235,1,31423
2,10908,3,2235,6,31424
2,10908,4,2235,10,31425
2,10908,7,2235,3,31426
2,10908,8,2235,3,31427
2,10908,9,2235,1,31428
2,10908,10,2235,10,31429
2,10908,11,2235,1,31430
2,10908,17,2235,1,31431
2,10908,18,2235,2,31432
2,10909,10,2235,1,31433
2,10910,3,2236,1,31434
2,10910,4,2236,2,31435
2,10910,10,2236,1,31436
2,10910,11,2236,1,31437
2,10910,35,2236,1,31438
2,10911,1,2237,1,31439
2,10911,2,2237,2,31440
2,10911,3,2237,6,31441
2,10911,4,2237,12,31442
2,10911,6,2237,1,31443
2,10911,7,2237,1,31444
2,10911,8,2237,1,31445
2,10911,9,2237,1,31446
2,10911,10,2237,5,31447
2,10911,11,2237,1,31448
2,10911,18,2237,3,31449
2,10912,10,2237,1,31450
2,10913,1,2237,1,31451
2,10913,10,2237,4,31452
2,10914,10,2237,7,31453
2,10915,1,2238,1,31454
2,10915,2,2238,2,31455
2,10915,3,2238,3,31456
2,10915,4,2238,6,31457
2,10915,6,2238,1,31458
2,10915,7,2238,1,31459
2,10915,8,2238,1,31460
2,10915,9,2238,1,31461
2,10915,10,2238,4,31462
2,10915,11,2238,1,31463
2,10915,18,2238,2,31464
2,10916,10,2238,1,31465
2,10917,1,2239,1,31466
2,10917,2,2239,6,31467
2,10917,3,2239,12,31468
2,10917,4,2239,15,31469
2,10917,6,2239,2,31470
2,10917,7,2239,1,31471
2,10917,8,2239,2,31472
2,10917,9,2239,2,31473
2,10917,10,2239,11,31474
2,10917,11,2239,2,31475
2,10917,12,2239,1,31476
2,10917,17,2239,2,31477
2,10917,18,2239,3,31478
2,10917,19,2239,1,31479
2,10917,47,2239,1,31480
2,10918,10,2239,1,31481
2,10918,12,2239,2,31482
2,10919,1,2239,1,31483
2,10919,10,2239,3,31484
2,10920,10,2239,1,31485
2,10921,1,2240,1,31486
2,10921,2,2240,2,31487
2,10921,3,2240,3,31488
2,10921,4,2240,6,31489
2,10921,6,2240,1,31490
2,10921,7,2240,1,31491
2,10921,8,2240,1,31492
2,10921,9,2240,1,31493
2,10921,10,2240,4,31494
2,10921,11,2240,1,31495
2,10921,18,2240,2,31496
